Date,MSFT_return,GOOGL_return,NVDA_return,AAPL_return,AMZN_return,META_return,sp500_return,vix_return,Year,Quarter,Month
2018-01-03,0.465383976680197,1.7061005120725665,6.581399921924115,-0.017450161882934995,1.277531038348646,1.7914441199824056,0.6398818768781632,-6.345965303826762,2018,1,1
2018-01-04,0.880148994162993,0.3884415971341987,0.5271430021721017,0.46449977799747466,0.44760128968574525,-0.18410600868615945,0.4028636080503971,0.7650344417148628,2018,1,1
2018-01-05,1.239811634565241,1.3260223473968662,0.8474232252965385,1.1385314492928718,1.6162516530176159,1.3671065311740818,0.7033767443369519,0.0,2018,1,1
2018-01-08,0.10202009809159682,0.35306349777232177,3.0640629317227814,-0.37143050306914377,1.44246788322509,0.765313408046301,0.16623439316436486,3.2537980699163236,2018,1,1
2018-01-09,-0.06792835139863787,-0.12744707326628216,-0.02701758326238971,-0.011475270511250446,0.4675709574034689,-0.21776452435305899,0.13029315960912052,5.882347048478309,2018,1,1
2018-01-10,-0.4533901786869592,-0.2381416141974429,0.7840000849204363,-0.02294381396021088,0.13012055442501544,-0.015962175374374405,-0.11122268282527975,-2.579367369541042,2018,1,1
2018-01-11,0.29605914199775973,0.17205929306344375,0.17881906209647977,0.5680341889785057,1.7818282543489186,-0.03725920898478275,0.70336464787794,0.6110022554106938,2018,1,1
2018-01-12,1.7256851061253489,1.6725786594744056,-0.4909198866246177,1.0326106892630498,2.2339231610462718,-4.473557846068745,0.6749602987881185,2.834005361618721,2018,1,1
2018-01-16,-1.3951013873550089,0.0044249591933667,-1.2870655871101704,-0.5081855498816089,-0.026058718745758446,-0.5463635223342787,-0.35244876226720684,14.76377974928878,2018,1,1
2018-01-17,2.0260593992997147,0.7429109674295888,2.094356313244368,1.6516221128173894,-0.7556308637167852,-0.44284723270479837,0.9415051560751221,2.1440823608199833,2018,1,1
2018-01-18,-0.04439731408728717,-0.2747921591628188,-0.12456744907158324,0.08930363664709264,-0.1297291641529923,1.2387424344509583,-0.16163897301626598,2.6028583004898893,2018,1,1
2018-01-19,-0.11098247464562318,0.6628714346521786,2.5263080730919047,-0.4462563353924971,0.09741736041780569,0.8286787190556248,0.4385235112838788,-7.774139022143584,2018,1,1
2018-01-22,1.7888669802427795,1.8067495457160805,1.555748290456811,-0.8181462216677893,2.5282411609683413,2.250547355009242,0.8066726499347711,-2.1295538158310268,2018,1,1
2018-01-23,0.3166087915012414,1.0316325575967626,2.233765984791574,0.022625377227917392,2.6542367047610442,2.1470462134149053,0.21743654797181453,0.6346387143536115,2018,1,1
2018-01-24,-0.08705782363963538,-0.41491291324660623,-1.3017966033031947,-1.5928570862340699,-0.36915667119321466,-1.4787351868412701,-0.05599757022827953,3.3333321877786384,2018,1,1
2018-01-25,0.5554250335009128,0.9263280607488995,0.23325986039459184,-1.7851084472864902,1.5056912893923933,0.49853485572702166,0.06026209018939367,0.9590205241184394,2018,1,1
2018-01-26,1.8737113141563404,0.45849953491121903,2.9532667152967877,0.23377485932212538,1.7489776074125412,1.3441450063944604,1.1841196508761116,-4.317789320329981,2018,1,1
2018-01-29,-0.14884818716231113,-0.09094046086351892,1.4465841342620795,-2.069865365838063,1.1147987016343845,-2.11580260635347,-0.6731974332887237,24.90974952966125,2018,1,1
2018-01-30,-1.2563831410554405,-0.7678167884061657,-1.673088051077562,-0.5894323655362881,1.4206254114237273,0.6129666057274991,-1.0898815620283915,6.8641603958906,2018,1,1
2018-01-31,2.4476961997839766,0.4119273125132547,1.2689513896552023,0.2755285116935176,0.9090198056924532,-0.12290827861839754,0.04889853730833837,-8.451656546477695,2018,1,1
2018-02-01,-0.7893921937941523,-0.053283338318337745,-2.1562384954811544,0.2090489093354646,-4.196737400527714,3.3174643730114943,-0.06480882520516887,-0.516984453629488,2018,1,2
2018-02-02,-2.631028796435152,-5.280181749795163,-2.902266241526074,-4.3390160416323,2.874097206609712,-1.4552778931515,-2.120854792396808,28.50778858789581,2018,1,2
2018-02-05,-4.118548766709532,-5.075938187598594,-8.487512133274919,-2.4984486753268356,-2.7938006598856937,-4.740391105118179,-4.097922480422823,115.59792516603906,2018,1,2
2018-02-06,3.7840964987073193,2.0745704712340487,5.559205241233781,4.1791695991529,3.8014363899505397,2.234358455732631,1.7440920592313884,-19.667739047719902,2018,1,2
2018-02-07,-1.8832522978206991,-2.6760618563023177,1.4273979108694472,-2.1406832212648927,-1.806162061871893,-2.7683268112950845,-0.5001588416939382,-7.505003450150699,2018,1,2
2018-02-08,-5.133387400049876,-4.519568572779641,-4.930037087867685,-2.7516906417825853,-4.678207635555334,-4.773003635181759,-3.7536419758088044,20.663539981343337,2018,1,2
2018-02-09,3.7289741042866003,3.8264867707910213,6.693636426344973,1.2231228982604214,-0.8071057484337002,2.6401724747407753,1.493609020849477,-13.150029106163736,2018,1,2
2018-02-12,1.0773705875883068,0.7923410756723099,-1.7450939229121283,4.027915157224607,3.4808854516748275,0.1703592984050636,1.3914584754042456,-11.871985268389752,2018,1,2
2018-02-13,0.7853786377234901,-0.03982237585432718,2.017287918053453,1.0017561297979796,2.040067598648599,-1.8479951684167324,0.2612929746329066,-2.4990288236790663,2018,1,2
2018-02-14,1.565789056283924,1.760666221553189,3.778523708879676,1.8437607767071713,2.5832207585371214,3.6789022595830736,1.340245825724586,-22.867437891433283,2018,1,2
2018-02-15,2.037237851998744,1.7395454846168847,2.10425219383075,3.357817520573777,0.7380856462852647,0.24509535169482524,1.2069112762299445,-0.6749795772083527,2018,1,2
2018-02-16,-0.7122949279059152,0.3793370818959322,-1.0791427492805101,-0.32372125360247467,-0.8941218962002297,-1.4447667912576172,0.03734693722487585,1.7250388822956462,2018,1,2
2018-02-20,0.7826154055288788,0.7384878742886468,2.1489570724139444,-0.3363662472881025,1.3570904563712227,-0.7611662574048639,-0.5841389459353367,5.85817754691823,2018,1,2
2018-02-21,-1.3265493955618064,0.9206268810801962,-3.039194799290587,-0.4538858776632292,0.9922706887337072,1.0795029346427643,-0.5496503128179265,-2.815533558085663,2018,1,2
2018-02-22,0.2623319588854935,-0.34568461275686796,0.32732484838327736,0.8359245575854126,0.16318420655936922,0.6070417779797015,0.0973551079076352,-6.4935120613598425,2018,1,2
2018-02-23,2.540032496851031,1.6388834892980957,1.5609995733802335,1.7391403482539394,0.9869817359685171,2.4023724470749217,1.6028376350513118,-11.912391154018307,2018,1,2
2018-02-26,1.4458665010949405,1.3837748968162902,0.2643184804233804,1.9771883400156434,1.4633382161458333,0.89473866146962,1.1757015343811008,-4.184351667437973,2018,1,2
2018-02-27,-1.2785753005663194,-2.2899600772571462,-0.21088638651479194,-0.32406552253420057,-0.6550867172796517,-1.876383968205446,-1.27068884438293,17.658227393497665,2018,1,2
2018-02-28,-0.4564387756647217,-1.2160812084565509,-1.6499821922644073,-0.1513578244560826,0.031083130014677697,-1.7304027733225757,-1.109578863920703,6.777838722644834,2018,1,2
2018-03-01,-0.9811225036246071,-2.9449608795794986,-4.045454665074604,-1.751616243424345,-1.2562358807392098,-1.3346775462824219,-1.332439954198726,13.198986808738674,2018,1,3
2018-03-02,0.2153841481768626,1.1881458266940885,1.864646457091116,0.691420527039123,0.4553166629101646,0.38647367486249,0.5071602744632073,-12.817086109366032,2018,1,3
2018-03-05,0.6340595533445681,0.979571169422987,-0.3762489927001201,0.34616798652185243,1.5570729079769627,2.1402128493050707,1.1032026532745007,-4.38999797678896,2018,1,3
2018-03-06,-0.3417126728081009,0.5608615889189409,2.7625695283817966,-0.08484860851866793,0.9208493029134324,-0.34368119247382856,0.26388586061694197,-1.9754348154169172,2018,1,3
2018-03-07,0.5786456712394652,1.2844118415517314,-0.13213272660662995,-0.9282396023015699,0.47865065647006005,2.186004612532947,-0.04838747205661522,-3.267975825291858,2018,1,3
2018-03-08,0.607284551822587,1.2860508233921328,-0.2728982830262742,1.09121855803262,0.4440159473604369,-0.7457553963820479,0.4463078207817317,-6.869365414593258,2018,1,3
2018-03-09,2.2344612712583976,2.7855839287960893,1.7207039234594022,1.7180683951820015,1.7417826665368765,1.5849487723782167,1.737883151892699,-11.487306330321397,2018,1,3
2018-03-12,0.23827508664177652,0.4384937753404341,1.8057226843617231,0.9668042676937635,1.2350428812454977,-0.2537296245630136,-0.12739851290425766,7.786880894223384,2018,1,3
2018-03-13,-2.438791534530107,-2.231709506884186,-0.8207746079196563,-0.9630203029908687,-0.6387748444923629,-1.5587702833741879,-0.6363576551088888,3.6121714711284767,2018,1,3
2018-03-14,-0.5931615435605012,0.7877874145509709,0.4158052587589368,-0.850116285359839,0.17756989232435358,1.2700647854881724,-0.5724521948562292,5.382257738439863,2018,1,3
2018-03-15,0.3516404393663032,0.14971485039066754,0.24119891252559264,0.11766038901705211,-0.5455760159082701,-0.17917546889118105,-0.07819305319631642,-3.714448094322876,2018,1,3
2018-03-16,0.44592451934990124,-1.407090184699401,0.45721238371258277,-0.35265731159844443,-0.6724274466889337,0.6689904819705802,0.17034471678113622,-4.761904488167196,2018,1,3
2018-03-19,-1.8076112698173077,-3.02796508164398,-3.784721090595832,-1.5278991272877998,-1.7020023568561349,-6.769687081865744,-1.4204195388792975,20.379748279477997,2018,1,3
2018-03-20,0.25837830029397446,-0.3881513061720011,3.560162794593544,-0.034248556628236095,2.6913872231033875,-2.555620860657874,0.14818054520649523,-4.311249606145553,2018,1,3
2018-03-21,-0.6979340528680927,-0.1642734039904944,-0.40866893748782623,-2.265464013618048,-0.2930938569743527,0.7374379154044426,-0.18439898833508586,-1.8681326282152184,2018,1,3
2018-03-22,-2.9087462905324237,-3.734010072998812,-2.699582332462863,-1.4129575771102694,-2.33522570633126,-2.6565940712892444,-2.5162888405856463,30.68308709385009,2018,1,3
2018-03-23,-2.9067864332663764,-2.525769922077956,-3.6717101585183314,-2.3156607950717105,-3.194990354365938,-3.3355626874576396,-2.0966880711866054,6.555272821949251,2018,1,3
2018-03-26,7.570535466527552,2.6827834167558176,4.940568051631117,4.747179513355076,4.031933716561331,0.4203697505520555,2.7157255761512533,-15.440289597940584,2018,1,3
2018-03-27,-4.595847504414373,-4.473040839861573,-7.755250250528785,-2.564131026820781,-3.779900993322796,-4.89815734333998,-1.727630881384786,6.990010772029944,2018,1,3
2018-03-28,-0.08942135291438806,-0.17480291101730738,-1.8490291683360784,-1.1048968981091984,-4.383957422775729,0.5321161441734698,-0.2916657166256187,1.6444481743706596,2018,1,3
2018-03-29,2.1031387738152363,3.1795286942770415,4.626161791247725,0.7808710129679493,1.1121789958675845,4.417426188725927,1.3769718690019193,-12.680373500047997,2018,1,3
2018-04-02,-3.013041088501687,-2.363216257531438,-4.551149485008151,-0.6555936392750943,-5.206094449224362,-2.7536129783691923,-2.2337423560165086,18.277424393490335,2018,2,4
2018-04-03,1.3443324568174537,0.5974573288742564,1.945262392554096,1.0258802972263135,1.4621073252283219,0.46335512099002957,1.2614865848792194,-10.66892619909602,2018,2,4
2018-04-04,2.9205461788640283,1.0827833644434988,0.39495762120738903,1.912246419014016,1.3304155601610401,-0.646960289480103,1.1566482739828516,-4.9289142024882855,2018,2,4
2018-04-05,0.05411785206469711,0.2845419764447442,-2.1481748634401847,0.6934489624594272,2.9193843738722793,2.733699602101633,0.6862863657553784,-5.583245073292678,2018,2,4
2018-04-06,-2.327326134390148,-2.1972774862241566,-3.2207340168051637,-2.557882610630739,-3.2044139547784893,-1.343030153755401,-2.1920248779842435,13.463564757958574,2018,2,4
2018-04-09,0.5984802605099628,1.0040111211804286,0.5414448028054605,0.991806917339739,0.06049309856379112,0.46435922838516724,0.3336548896320732,1.3029348051544387,2018,2,4
2018-04-10,2.324548960918702,1.608668764102459,5.802880301253695,1.8818039053093938,2.143542524562973,4.502006424844029,1.6726953783261425,-5.971525572226481,2018,2,4
2018-04-11,-1.098216899846751,-1.1037111049475334,-0.7327175122542264,-0.46754498217261364,-0.6384761566404187,0.7755796673898726,-0.5525364482924023,-1.1235933070416761,2018,2,4
2018-04-12,1.8724349255757697,1.1930924071248095,3.6951589805672027,0.9858543222527222,1.5031037769792828,-1.4730823023190402,0.8250750063987596,-8.646245157063658,2018,2,4
2018-04-13,-0.5342865792401021,-0.12049893191598868,-1.3214021358882433,0.33884045910945576,-1.2226519005276582,0.396677366041268,-0.2886625488248718,-5.840994792185131,2018,2,4
2018-04-16,1.1710204904974757,0.9710087398958814,-0.0043099060898973045,0.6237961927810495,0.7485369514734465,0.18841783236393383,0.810903838668481,-4.882253813437419,2018,2,4
2018-04-17,2.017618005994554,3.1794220983716417,2.61351631465638,1.3764102848532749,4.323969457439144,2.3236014964841543,1.0661504701719928,-7.91062504945458,2018,2,4
2018-04-18,0.38514947332000815,-0.3678160558885868,-0.4925256312701089,-0.22440563054790716,1.5965907361371823,-1.3636889583037186,0.0831365800681673,2.2950844686539447,2018,2,4
2018-04-19,-0.34217955762858926,1.3074436084467318,-3.1011167152121066,-2.834016533149189,1.9026846696625497,1.0459083733126462,-0.572612469015301,2.307690050475046,2018,2,4
2018-04-20,-1.154932837019289,-1.1134204485305068,-0.144083101066038,-4.09725851191625,-1.8896413095091669,-1.082672564119383,-0.8536532300612996,5.764405516420318,2018,2,4
2018-04-23,0.36843995947640584,-0.325802018027745,-2.1118126991437296,-0.28961162228210824,-0.6304443768269461,-0.2646294891197909,0.005623169212682249,-3.199046416031854,2018,2,4
2018-04-24,-2.3387572343323537,-4.765271663492686,-1.1970834027611421,-1.3919112286517679,-3.8060117334628676,-3.708392808773628,-1.3380561641646342,10.281519519506901,2018,2,4
2018-04-25,-0.8698593482026371,0.03422364485806859,-2.0524506042100494,0.43575449085669654,0.005476104433073748,0.0,0.18370595630237274,-0.9988917902509297,2018,2,4
2018-04-26,2.112446517270798,1.986346375126094,3.950890817195999,0.348255089652893,3.957763154732234,9.061325862833574,1.0434204774367397,-8.968611927044343,2018,2,4
2018-04-27,1.6550051003772184,-1.1367806341749662,0.4928616971878229,-1.1569535680586596,3.600877473825914,-0.32728826506667313,0.1113624891589784,-5.110837040663992,2018,2,4
2018-04-30,-2.4003518802388557,-1.2477505662994814,-0.6318188286922387,1.8112243825159788,-0.412678742232195,-0.9159523712917311,-0.8187490964434644,3.3744351908673025,2018,2,4
2018-05-01,1.5825609075646587,2.1765475193089237,0.99599858619172,2.3236268125659105,1.0299216955919792,1.0813968677686814,0.2549045477062325,-2.7620874176296004,2018,2,5
2018-05-02,-1.568416738287158,-1.4124330136923489,-0.36542984396969813,4.417504086259039,-0.795062519413908,1.2711391780066308,-0.7205863568357764,3.0987766494717977,2018,2,5
2018-05-03,0.5988439248941412,0.024357787466714336,2.951727814777417,0.18124086201799045,0.15289118217021294,-1.1643208300266625,-0.22536742393085252,-0.4383259068758842,2018,2,5
2018-05-04,1.1587322270097435,2.4067163423527447,2.605229875246328,3.9233307539375906,0.5642261901468758,1.4883471515072677,1.2811178963797933,-7.106913131303923,2018,2,5
2018-05-07,1.1139107860420479,0.8049454432538803,4.024111360002893,0.7234837771598176,1.2138311349751576,0.7700585291503311,0.34579455015175947,-0.1354127091658882,2018,2,5
2018-05-08,-0.42612747520677613,-0.08211702828042744,0.6916430806939433,0.4806574840333833,-0.4843383195326489,0.5337854577011771,-0.026564132282801682,-0.2711861820544227,2018,2,5
2018-05-09,1.1794536387182173,2.867958211031484,2.148569078550602,0.7041236611774728,0.98029041517985,2.0903269614247404,0.9682220255068812,-8.76954424546371,2018,2,5
2018-05-10,1.0005833699276268,1.5170521433440995,1.700690152520757,1.4304015256228333,0.06716524063100406,1.5712184880493925,0.9370643723504879,-1.4158012889526566,2018,2,5
2018-05-11,-0.21444291724698902,-0.18905100046218345,-2.1527705546836735,-0.3803288132494103,-0.38345164707541307,0.7869385671017273,0.17075955546569993,-4.383975387560858,2018,2,5
2018-05-14,0.3377325917086551,0.2918289430635691,0.3260907393278033,-0.2333043105151942,-0.08546543966295127,-0.18717578963938128,0.08834895573073788,2.213444229953577,2018,2,5
2018-05-15,-0.7242558188976371,-1.963671834570685,-3.8377264165024494,-0.9088272827169132,-1.5872268790349864,-1.2430293367909213,-0.6842140279927444,13.14771669869675,2018,2,5
2018-05-16,0.25800186266505293,-0.07189263881246102,0.18328899775608118,0.9332453592605592,0.7080662119067581,-0.6076488835713701,0.40605616787676757,-8.270676887778086,2018,2,5
2018-05-17,-0.9984466737356116,-0.2610530232003348,0.691006621695722,-0.6323420272009369,-0.347765967039523,0.30568191452658544,-0.08558723207806589,0.0745173533903406,2018,2,5
2018-05-18,0.18714573731754514,-1.0746720804013348,-0.7145608424584919,-0.36369587042192786,-0.46720010433888065,-0.5877250426286443,-0.2632194938416673,-0.07446186637823049,2018,2,5
2018-05-21,1.2868008266059838,1.3434570360285418,-0.69123494627765,0.7085130714978431,0.7044143460552748,0.9908158981427316,0.7386752997235052,-2.5335331643439507,2018,2,5
2018-05-22,-0.10244030090103978,-0.802601236329972,-0.630503024391724,-0.25050452963548575,-0.25608078786803795,-0.37401445993634025,-0.3135761789657676,1.0703390224721543,2018,2,5
2018-05-23,1.1897479381465563,0.9904352931904783,2.057304035242442,0.6411688738934779,1.293793636600561,1.686609950730129,0.3248409892156376,-4.841152272280504,2018,2,5
2018-05-24,-0.3547390353046693,-0.04698489048423781,0.06057017776575828,-0.11148262435426892,0.0755385575278983,-0.5190028556018301,-0.20232134964980747,-0.3974577983950677,2018,2,5
2018-05-25,0.05086701551225588,-0.12620050741155858,0.641940224441196,0.22854059803134463,0.44164791526269104,-0.5431989749739231,-0.23572204364039612,5.5067880986618345,2018,2,5
2018-05-29,-0.3558544982584218,-1.4768432939646197,-0.276775535991961,-0.36057796529423136,0.16893033249026113,0.44342597293621255,-1.1564187290653052,28.74432763978236,2018,2,5
2018-05-30,0.9591024584425163,0.8801010581953006,1.7699783096484087,-0.21287833812552293,0.7452527671200996,1.039098351324219,1.2695791223314337,-12.220921395049546,2018,2,5
2018-05-31,-0.11115691651381199,2.0910116929065263,-0.3162318152030955,-0.3360077174789292,0.2911010633138005,2.190016926463628,-0.6879559974886948,3.279790753380389,2018,2,5
2018-06-01,1.9728916417566296,3.1818258470581577,2.153146328770067,1.8033765344191697,0.7314596664868269,1.1523553898471224,1.0849230370480938,-12.767337835813258,2018,2,6
2018-06-04,0.8730702963896938,1.589429698442647,2.8064578146420813,0.835805769731251,1.445585084286601,-0.36599621795452125,0.44795984359973445,-5.349184732453615,2018,2,6
2018-06-05,0.5114739090235124,-0.17520350401667684,0.08307479265527952,0.771494815303331,1.8663651200122269,-0.17592059941900848,0.07025929724704431,-2.6687610572700153,2018,2,6
2018-06-06,0.29359785529893867,-0.3535965646225022,0.03016674219266376,0.346596021369471,-0.03536862117876994,-0.8292722974383989,0.8567392465728787,-6.129026601515327,2018,2,6
2018-06-07,-1.5709208158549568,-1.0924711890092396,-0.8485747276028571,-0.2681029143943605,-0.3803651977406824,-1.6515084890965044,-0.07141884679081041,4.209619902625267,2018,2,6
2018-06-08,0.7434443068741647,-0.15071534320596972,-0.23582839768300395,-0.9097004644199922,-0.3143258294014378,0.4889127954328259,0.31259043893263644,0.412202722696906,2018,2,6
2018-06-11,-0.5706631449434013,0.7230347413154526,-0.6329017118377945,-0.24520292689510326,0.3046339241678995,1.2903163894627712,0.10687076684365426,1.3957312974918836,2018,2,6
2018-06-12,0.25724469036499326,0.6389647679181141,0.7520378329304092,0.5491237083202245,0.5701178257960362,0.44898340637747364,0.1743385210729691,-0.08097351071211747,2018,2,6
2018-06-13,-0.45401951086556075,-0.3448885892811163,-0.06854453624685318,-0.8217595779398889,0.3596717772718911,0.005195450032679381,-0.4026127868587635,4.862231931736086,2018,2,6
2018-06-14,0.5651857468747014,1.3878267030175842,1.7187652285814208,0.0524424362122281,1.1144664310384795,2.286774422162095,0.24715497784321902,-6.336937568895418,2018,2,6
2018-06-15,-1.2719240395434686,-0.07239181947891292,-0.6182015121740961,-1.0272634101910545,-0.45769462577038134,-0.48775917627131543,-0.10171027155291282,-1.1551183551541415,2018,2,6
2018-06-18,0.7290474321208382,2.096992849324298,-0.06408568257214074,-0.05291610884840161,0.45571757088280485,1.2560533578866342,-0.2126127762475158,2.7545984139392483,2018,2,6
2018-06-19,0.0,-0.41314770885761243,-1.855980596956721,-1.6159795868316673,0.6375480989251157,-0.4134933726366975,-0.4023402292699414,8.448415324143507,2018,2,6
2018-06-20,1.0013947512944594,0.45643276272490146,0.8225329977649366,0.4361947475100463,0.8819555259390975,2.283652423530174,0.17121542893689218,-4.19475957764016,2018,2,6
2018-06-21,-0.7165948564111019,-1.2355629591912287,-1.9823674207415518,-0.5576507500466394,-1.1348009699612636,-0.2475182511593092,-0.6345510515580008,14.464428357994278,2018,2,6
2018-06-22,-0.7217670016199834,-0.012821389552976462,-2.3958783259397305,-0.29117466813560566,-0.8409345657574584,0.11911302732623957,0.186193450653586,-5.942622029758937,2018,2,6
2018-06-25,-2.011748480863693,-2.566528867327878,-4.714067599574592,-1.4870999978461912,-3.0611940875939347,-2.6717586929026105,-1.3724668973416136,25.853299546807328,2018,2,6
2018-06-26,0.7012781274139245,-0.5845818142608452,1.2002212268929888,1.2405953727300805,1.679939300636169,1.349637474712752,0.22045770199779516,-8.136179189956847,2018,2,6
2018-06-27,-1.5542967077632661,-1.3843838468435665,-2.5910230194845973,-0.14638282123194377,-1.8083004300295407,-1.5879453340379122,-0.8604355128821461,12.499998502395867,2018,2,6
2018-06-28,1.117495601620886,0.8809766084071691,2.1805714719597913,0.7276242893322182,2.465513321702233,0.1991419307155697,0.617868985946786,-5.918478363893155,2018,2,6
2018-06-29,-0.02029418531404247,0.21387210149132568,-1.6441245871751813,-0.2102561354381174,-0.09698112831901859,-0.9733467001086835,0.07584033300000018,-4.510387012914392,2018,2,6
2018-07-02,1.41974247949486,1.144192618186022,2.254119181074628,1.118236067705008,0.8224557530564484,1.5644205110291025,0.30679574121527753,-3.045368343513367,2018,3,7
2018-07-03,-0.9599033243643936,-2.261601572687958,-2.229190077817511,-1.7416507052545338,-1.1565135656379966,-2.345958701439688,-0.4947350626810656,3.461532019064194,2018,3,7
2018-07-05,0.7168051807519193,2.2404713823426206,2.4869066672616764,0.8047370302098794,0.3406285400506741,2.9678658670968687,0.8620803683930021,-7.249065470039735,2018,3,7
2018-07-06,1.4033761018816748,1.208291058669096,1.8951389652566197,1.386177279616937,0.6412761389779351,2.408668208110582,0.848128159526744,-10.688045109749947,2018,3,7
2018-07-09,0.6820755326881021,1.0561880726446822,0.776274576056279,1.3884912435921686,1.6596161642561158,0.7430170802140025,0.8822985887663398,-5.086015789052089,2018,3,7
2018-07-10,0.26509100063197977,-0.01198130178393473,1.6048069848083637,-0.12065873228390338,0.2328978705590435,-0.5861177846472323,0.34732671808740123,-0.3940050332061291,2018,3,7
2018-07-11,-0.13708309048179373,0.37013271359872535,-2.2586361364113383,-1.2975999941481735,0.6844206585369099,-0.491306112207377,-0.7094202866256147,7.832276457501399,2018,3,7
2018-07-12,2.167060904215458,2.543837372914737,1.4947585276192168,1.6765890062557014,2.371511432180377,2.162538807941227,0.8749042674663579,-7.703596345699171,2018,3,7
2018-07-13,1.1901679483256404,0.26306537414187064,-0.7602552429675373,0.15706398492823084,0.9133768896724391,0.19330931273745608,0.10792374947172327,-3.1796472254066113,2018,3,7
2018-07-16,-0.4932172350417088,-0.6567622857185949,-0.449207468189228,-0.21952952157152775,0.5217780058749997,-0.04340140626193798,-0.10281357268144804,5.336614139936121,2018,3,7
2018-07-17,0.9913081081217228,1.3848649223090508,2.211902785936971,0.28283688679451696,1.1764193682617108,1.331853685552633,0.39736986307106326,-6.001555016899288,2018,3,7
2018-07-18,-0.7833744701118164,-0.014009857152755411,-0.7844031368522973,-0.5484080993810292,-0.05477318654328976,-0.3000201395118915,0.2160512627958648,0.33167463069042463,2018,3,7
2018-07-19,-0.6849506608663138,-1.1385809630638775,0.1310995203132228,0.7772975477087617,-1.6251439318926746,-0.6066131654955864,-0.3952993120479191,6.363632064578724,2018,3,7
2018-07-20,1.7912034614394106,-0.10174144770056304,-0.4523436005356801,-0.22931245498993166,0.040264344172611495,0.8890268416696228,-0.09484477101495048,-0.07770185680465157,2018,3,7
2018-07-23,1.5996936017928243,1.0952617627035655,-0.589888525789894,0.08880835442965179,-0.6450891550111961,0.46206657497464015,0.18380494891383073,-1.86625021403908,2018,3,7
2018-07-24,-0.2871040274102513,3.8934784793205295,-0.2806601320557964,0.7254175574336077,1.511653201758876,1.7827311455148993,0.47809111459209436,-1.664025673940562,2018,3,7
2018-07-25,2.944440268571683,1.4139769270327536,1.2705499287689581,0.9430074145869565,1.8789205001256661,1.3183185784094915,0.9101605057599497,-0.9669612170390633,2018,3,7
2018-07-26,-1.0917576185284903,0.7492425201675406,1.1791990675081778,-0.31310292007781204,-2.983987854605705,-18.960935987556894,-0.3032296024285818,-1.2205013750680047,2018,3,7
2018-07-27,-1.7697109177633907,-2.5367561669629826,-1.106567925990962,-1.6631836729794052,0.5127223105519673,-0.7772415154791754,-0.656220869212368,7.33113150312187,2018,3,7
2018-07-30,-2.145282703155437,-1.8237765873987608,-3.1307224375571283,-0.5602359866401287,-2.0938043492589755,-2.189952329984978,-0.5754170294581958,9.439758412260314,2018,3,7
2018-07-31,0.6737883638891315,-0.2292581365143752,0.2990308102620239,0.20007950664617077,-0.10004034202905313,0.8885673216192427,0.48847287979824816,-10.02805247000975,2018,3,7
2018-08-01,0.18855698907890497,0.4701694470265658,0.6574959293445111,5.8910403591976594,1.11001885114225,-0.5388813200195293,-0.10403515262939074,2.49415196201953,2018,3,8
2018-08-02,1.2137844165411817,0.6601784143495073,1.6838041263557753,2.9230421628421324,2.0676972776122944,2.7497784156357343,0.4926444803381743,-7.300380730005437,2018,3,8
2018-08-03,0.43692465471606573,-0.23930283104421357,0.5905084461415865,0.2893011127452293,-0.601856762050216,0.7994622527070474,0.46441830098772113,-4.511888892478967,2018,3,8
2018-08-06,0.08331627671856921,-0.03956193425781277,0.7655880961459485,0.5192678594072229,1.3415305387102792,4.4493334109555045,0.35382274515358936,-3.1786930811503904,2018,3,8
2018-08-07,0.6935894068926249,1.4680711943912756,1.149454958504537,-0.9374629498971483,0.7971896905993965,-1.012453719063431,0.2824182256498754,-3.016860148871347,2018,3,8
2018-08-08,0.5602625833645984,0.43715722404978863,0.5720957086741953,0.06757242694767124,1.2907476510019829,0.7453413446832664,-0.026237996564974785,-0.7319297481462248,2018,3,8
2018-08-09,0.16438054080111908,0.24815717393977432,-0.7584402619515429,0.7864950154849164,0.6360983466085687,-1.128642020379253,-0.1441674464523659,3.8709683090080467,2018,3,8
2018-08-10,-0.6109278831931246,-0.9450652157331987,-0.6511901159282351,-0.29784857941566895,-0.6436593187619397,-1.5456815670195019,-0.7113887913551576,16.770180238515035,2018,3,8
2018-08-13,-0.7247350670834098,-0.3089855239544592,0.5220125471950484,0.6456844173194709,0.5248317917343199,-0.11648644994021687,-0.40059921853424113,12.310029668257574,2018,3,8
2018-08-14,1.24752107449154,0.7608341269412211,2.073230873636429,0.42132216913908765,1.2366845697121158,0.5887145590222518,0.6389254777276708,-9.945868334998822,2018,3,8
2018-08-15,-1.356027220183014,-2.060192764456478,-0.8988940439822444,0.23359520394871197,-1.92899903645433,-0.8723926612705805,-0.7602164835758096,9.992485963755934,2018,3,8
2018-08-16,-0.018558939953692045,-0.6622088403034344,-0.632991725250474,1.4650070017306338,0.20715779249336477,-2.6903648916868477,0.7919408484583045,-8.12841875786138,2018,3,8
2018-08-17,-0.05574829069779971,-0.6707231378260119,-4.902110839784672,1.9969868332782483,-0.2279290398177797,-0.5151588134921222,0.33231157222237595,-6.022300947427586,2018,3,8
2018-08-20,-0.6599706934566766,0.5016991299239316,1.2335438660731006,-0.9743429691700534,-0.29273670064579616,-0.7480000389329884,0.2428017774683377,-1.1867133554614944,2018,3,8
2018-08-21,-0.8327974264152657,-0.3715331166062069,2.211092653195233,-0.19492143949381976,0.35753524597154923,0.0695733727618106,0.20685364303642725,2.9623690339424074,2018,3,8
2018-08-22,1.019055095399664,0.3564991612918767,3.750210135473426,0.0046141449426720625,1.1404839643848697,0.5908823358832663,-0.039815177078191925,-4.7433878146374475,2018,3,8
2018-08-23,0.46702708417482447,-0.04830223046432448,1.529557125434736,0.20464101545517188,-0.10499879325082367,-0.42617772780315477,-0.16912621251551035,1.3061212033641583,2018,3,8
2018-08-24,0.7809572973127993,1.2766535987392869,2.0162072853349993,0.31089796766691086,0.13085721135977554,1.0121459290378036,0.619883970436303,-3.384368101999043,2018,3,8
2018-08-27,1.1070047697706904,1.5783442353305366,1.3518456734724908,0.8234738371713324,1.1698412866204049,1.6089565851605818,0.7670409427647173,1.417848870218047,2018,3,8
2018-08-28,0.6022122846712814,-0.8286453838036641,-0.550955925832797,0.8075538005227294,0.26663776936470157,-0.6762272493765742,0.02692783264996759,2.7960539214994267,2018,3,8
2018-08-29,1.5962267098504332,1.5081912319190225,1.553458441331498,1.4929561143515293,3.3774484723171656,-0.20423278733693898,0.5701434129839955,-2.0,2018,3,8
2018-08-30,-0.06249783835023331,-0.8073362377588421,-0.2441559757579986,0.9193735635240289,0.2142080168323972,0.9891919259123715,-0.4430329054144855,10.448977412009725,2018,3,8
2018-08-31,0.3394231701833123,-1.8047905097663894,1.033066223481909,1.1554169305378297,0.515880835779077,-1.075198722345543,0.013447750859461075,-4.951959272114584,2018,3,8
2018-09-04,-0.5519211901444622,-1.6634255091779058,1.0759611986428892,0.32068333440357716,1.3315420436047287,-2.6005933857000922,-0.1654322146948503,2.332816475458422,2018,3,9
2018-09-05,-2.882466145105606,-1.0079851512343099,-1.8611249494143205,-0.6524928079544564,-2.1912171605654382,-2.3252888641305325,-0.28031266843180747,5.699088211976584,2018,3,9
2018-09-06,0.23043558862030936,-1.2601175771670368,-2.04727448129429,-1.6617545490542336,-1.8302408612638998,-2.7814460491215156,-0.365230508601211,5.319912144038144,2018,3,9
2018-09-07,-0.4874075662096868,-0.5405335124991915,-0.3153239658300554,-0.806803454778589,-0.3186384893852102,0.3137871525247031,-0.22133448270275088,1.5699692962430178,2018,3,9
2018-09-10,1.0812172959191237,-0.2148602336533142,1.0556833303115984,-1.3420614533427964,-0.669033257495494,0.6992402793791842,0.1897826812740018,-4.838711434753648,2018,3,9
2018-09-11,1.700502544609633,1.2705765926373096,-0.7025059316891689,2.528254202845003,2.482707844251928,1.0719821534885412,0.3739841510076944,-6.6384151872367125,2018,3,9
2018-09-12,0.42252429631169913,-1.5453792854714063,-1.6862112948139791,-1.2418992469424062,0.14342332856688936,-2.3743583166023625,0.03566719422101842,-0.6051431323006671,2018,3,9
2018-09-13,1.074203713664966,0.8996003396790813,1.1707760790127233,2.415524020117167,-0.006532908684045226,-0.39506687097962956,0.5282254329749914,-5.859972889231748,2018,3,9
2018-09-14,0.40741597168523475,-0.35188657537478946,1.875848672125164,-1.135113526317027,-0.9890105002663945,0.5949459945338355,0.02754818389207165,-2.425223876397023,2018,3,9
2018-09-17,-1.08495827477043,-1.540774712280472,-0.9043855933710327,-2.6626032433579434,-3.1550274372267864,-1.0719495850960885,-0.556972225261745,13.338862063451026,2018,3,9
2018-09-18,0.9541792950428303,0.6276798852494297,-1.062300604450388,0.16523251400300015,1.7305818361681207,-0.17437556443650204,0.5369014643958073,-6.505850317752006,2018,3,9
2018-09-19,-1.3338116296335802,0.6134699053115226,0.35422267742073144,0.059584887025279955,-0.7537144683164234,1.7217527650177644,0.12532727238797,-8.131352345229805,2018,3,9
2018-09-20,1.6741083346116392,1.4732652723052897,-2.095757052838411,0.7601710530787633,0.9281436034859761,1.8153102713161662,0.7840591898404856,0.42553353816904926,2018,3,9
2018-09-21,0.6075689427131382,-1.632304375560167,-1.0627773474543756,-1.077169754306923,-1.506447413484868,-1.8612449365804677,-0.0368533012027638,-1.016948166266164,2018,3,9
2018-09-24,0.3588237991709804,0.6347377033893742,0.8540443396541867,1.4380437990874784,1.0104372755515645,1.5221378965472911,-0.35156877607932313,4.452050432386779,2018,3,9
2018-09-25,-0.1918548660441277,1.21487083812104,1.0199500689649568,0.6340897153461476,2.0776882772625935,-0.30228982169140056,-0.13050961134796374,1.8032809054778194,2018,3,9
2018-09-26,-0.4106593030643663,0.014235044306575404,-0.555126253195829,-0.796630957568419,0.015192716831018737,1.2370529503312804,-0.3289278113945129,3.784221128354887,2018,3,9
2018-09-27,0.3772496105213331,1.113843260433808,0.1798210195895141,2.05519865009881,1.9307813394711035,1.1320607333629757,0.2763287087557916,-3.7238206604028,2018,3,9
2018-09-28,-0.034956749111486,-0.02318625563136901,5.093504167603205,0.3511987066603963,-0.4957829079553126,-2.5941575416205938,-0.0006870120538778312,-2.336824862358897,2018,3,9
2018-10-01,1.0842107822103297,0.12012207330775047,2.9677801798571095,0.6733379141161822,0.06789894400496814,-1.2282627224713671,0.3641105118425773,-0.9900980750178164,2018,4,10
2018-10-02,-0.39790102814045325,-0.07364396825774917,-0.9953013186858135,0.8888543076606997,-1.6489093067526894,-1.9145628086250426,-0.0396690207904236,0.41666825612386066,2018,4,10
2018-10-03,0.017380338015785462,0.32212945408933463,0.08726383958471859,1.216835845412654,-0.940996473691784,1.9456503547206874,0.07115197468860363,-3.651456656373579,2018,4,10
2018-10-04,-2.0665009167195794,-2.844354670043499,-2.5947987854622534,-1.7580626536372137,-2.2194225670922254,-2.2040354375624753,-0.8169482334351925,22.480626076939423,2018,4,10
2018-10-05,-0.5851653907592206,-0.7850062864194312,-3.3764023912499734,-1.622899946480307,-1.0353955604213825,-0.9568672052687235,-0.5527978766503479,4.219405179524492,2018,4,10
2018-10-08,-1.1415445892265403,-1.0198292404083666,-1.5155979557449513,-0.231845823210924,-1.335165265531924,-0.050838204798497044,-0.03951166292067336,5.870444692808755,2018,4,10
2018-10-09,1.2720103260399318,-0.9299887219814953,-0.08654975595550879,1.3853527983342082,0.31645033503256453,0.41334752819821124,-0.14179036575430876,1.6571079403144524,2018,4,10
2018-10-10,-5.433820796691025,-4.629021848702443,-7.475322877291239,-4.632606694551148,-6.1524252143350315,-4.129199147606637,-3.286422900127845,43.94983924159991,2018,4,10
2018-10-11,-0.23550093946998998,-0.13000606511734375,-4.298100040892069,-0.882762961120832,-2.0447169250033426,1.3013745388878368,-2.0573007617344037,8.797911752225435,2018,4,10
2018-10-12,3.455775125185549,2.732100613856955,4.852604824608255,3.5718893744687126,4.027654247009983,0.2543098494598811,1.420619782515245,-14.69175397737173,2018,4,10
2018-10-15,-1.7979420624074858,-1.6152983084140229,-4.526632076710889,-2.138566952685917,-1.5464474245241828,-0.14310217221015034,-0.5904978964482956,-0.046927400903121995,2018,4,10
2018-10-16,3.159867343886305,2.7792839130740163,4.439610508356843,2.203716537920517,3.351032644684029,3.4262613286703547,2.149560016316335,-17.27698840206624,2018,4,10
2018-10-17,-0.26129249486052136,-0.4845196363392309,-1.126769553251245,-0.43215072403983656,0.646718575636209,0.40307872844191767,-0.025266233815882486,-1.2485880262460685,2018,4,10
2018-10-18,-1.9962160113067913,-2.6321659922703935,-1.4523237195373895,-2.3373703096026586,-3.330729849140642,-2.822725615712843,-1.439192235639538,15.287355780050252,2018,4,10
2018-10-19,0.14748887938853147,0.6621825242674885,-4.325141865779851,1.5230275358311753,-0.3778159867935027,-0.561586390972846,-0.036116989772349214,-0.8474580300092696,2018,4,10
2018-10-22,0.892668900445971,0.5600864770177547,0.8945276922719766,0.611009545111427,1.4325112382443799,0.47387441474478276,-0.4299527548581274,-1.256913060188982,2018,4,10
2018-10-23,-1.3955860801999231,0.3185141932736368,-4.3940765713942715,0.9426674486522192,-1.1512868959461917,-0.25197025638172305,-0.5511829997012779,5.448063788577196,2018,4,10
2018-10-24,-5.346914915943526,-5.1833815708999715,-9.793715682245399,-3.4301665189085373,-5.908292665083417,-5.408394194029078,-3.08644339777439,21.825208390050328,2018,4,10
2018-10-25,5.844428137121292,4.395919965335914,4.2274605279934585,2.189792026914543,7.088689580645526,3.3621113955945616,1.8625040052811803,-4.00317180819224,2018,4,10
2018-10-26,-1.2373084398134688,-1.7977674320377013,-4.594911533725808,-1.5923749448842974,-7.81967475165521,-3.696583164487014,-1.732726403997829,-0.24772695145907844,2018,4,10
2018-10-29,-2.9076283860242618,-4.523199374321648,-6.389604263968154,-1.8770054377394423,-6.326358495753423,-2.2563182146560132,-0.6559599573700408,2.2351031412990086,2018,4,10
2018-10-30,-0.11554982365344811,1.4283941749618096,9.363233065817829,0.49944393893438477,-0.549745944653177,2.9065954189748715,1.5666780052058686,-5.465588420123871,2018,4,10
2018-10-31,2.969222940446393,3.913259989013753,3.8571173408901234,2.606618150946559,4.416426273766643,3.8093369004125868,1.085133197403871,-9.079232567875268,2018,4,10
2018-11-01,-0.8332193529983297,-0.4217855385476214,3.453045998555402,1.5352723034119438,4.225254609166408,-0.026351908102051687,1.0557843693063842,-8.902493784271408,2018,4,11
2018-11-02,0.22658322269901657,-1.3342925285543676,-1.4625845229815015,-6.633082638968096,0.0,-0.9225801639538971,-0.6316686379398883,0.8790076264358124,2018,4,11
2018-11-05,1.2716570322790406,-1.470850010423256,-1.4656738669134226,-2.838826699479533,-2.265342044963467,-1.1107320887648742,0.5600317169601998,2.3065035895010384,2018,4,11
2018-11-06,0.19532820593923533,1.3109468913768114,-0.33526110898316264,1.0813912178570448,0.9221078089042413,0.8474638506755724,0.6259295774170707,-0.25049719115188956,2018,4,11
2018-11-07,3.9361524867727615,3.6154679274747497,1.2934697155015074,3.0328244355798657,6.8589731681763135,1.0604150418730096,2.1208856064105204,-17.830232366988056,2018,4,11
2018-11-08,-0.18760132594918527,-1.2280867466532392,-3.648437627498037,-0.34888718581729516,-0.033038444284762006,-2.4153622535938553,-0.2508916383596197,2.200480987605499,2018,4,11
2018-11-09,-1.9507562764422928,-1.6087415137735472,-0.1553216134357781,-1.9281771739110318,-2.4206376188181564,-1.9679466752751225,-0.9199013706103346,3.8277591105275497,2018,4,11
2018-11-12,-2.464176854617139,-2.5681999559625663,-7.842662753748589,-5.037409432939173,-4.41361038071367,-2.352365929294184,-1.9701489340240648,17.799539423664307,2018,4,11
2018-11-13,0.06549417545188402,-0.13246260144842598,5.154566831902176,-0.9991216367497646,-0.34700380152993404,0.4309356730864294,-0.1481919693170623,-2.102690900408424,2018,4,11
2018-11-14,-1.4180911755421175,0.6307351704779275,-1.0636698990703188,-2.824717990716895,-1.9715929862163233,1.449061045179848,-0.7567410690302796,6.143853716843146,2018,4,11
2018-11-15,2.2006071248413623,1.5617652277383005,2.637038800965112,2.4678681470616413,1.2776650897123387,-0.25651505698385596,1.0593753366266414,-5.976472742417279,2018,4,11
2018-11-16,0.9414744554547969,-0.25956016919200886,-18.755868756997387,1.1075531381162222,-1.607343786894047,-3.0031480814898432,0.22233054237546096,-9.209210183905451,2018,4,11
2018-11-19,-3.3890648061406674,-3.8239536679981785,-11.999010338689954,-3.963180476923165,-5.090968010562915,-5.719197913642597,-1.6643108588494295,10.80485698880321,2018,4,11
2018-11-20,-2.781497092906052,0.29493787006297084,3.026961751593004,-4.7778120430150315,-1.1128808718927279,0.6689397978731451,-1.8151240832466067,11.840791619888389,2018,4,11
2018-11-21,1.376472777636094,1.2596428756034312,-2.931330939363393,-0.11301053805098428,1.422304058089226,1.8047217888473996,0.3043290746176411,-7.473311118264611,2018,4,11
2018-11-23,-0.03877973626125373,-1.2775223808371643,0.2004150565116378,-2.539884240503491,-0.9672192531983266,-2.291951216674427,-0.6554842390161223,3.4615444572721796,2018,4,11
2018-11-26,3.2987324468913997,2.508507772813623,5.551715079705236,1.3523933538214836,5.277420534544235,3.529953176782745,1.5532368366922422,-12.174724830399308,2018,4,11
2018-11-27,0.6292653788266047,-0.34661997054984006,0.44429174032485336,-0.2176403597557029,0.005693110101661577,-1.0118732018629248,0.3261692144003932,0.6349250881240499,2018,4,11
2018-11-28,3.7147835978437573,3.754698099708592,4.1241343059601485,3.845239987934374,6.091358215761221,1.3037008381072284,2.2973979644221716,-2.78654402675984,2018,4,11
2018-11-29,-0.8369414091629119,0.2555459707800018,-1.5946576641062966,-0.7681806925337497,-0.24914277024860257,1.4039264511213194,-0.21831080910336945,1.6225048573434213,2018,4,11
2018-11-30,0.6352338366805117,1.3767880524134402,3.857383892664675,-0.5402021603251027,0.9918938050902689,1.3917083233253114,0.817074755201721,-3.8318317489178155,2018,4,11
2018-12-03,1.0821828486914624,0.6046861354677292,4.044564751578245,3.4942289978800507,4.862821032044026,0.34135501019493364,1.0941426132194363,-9.02047143494685,2018,4,12
2018-12-04,-3.184945059891353,-4.827277368707185,-7.604095378384564,-4.398876112732863,-5.865623540184538,-2.239713256710627,-3.2364903149398794,26.155712271131225,2018,4,12
2018-12-06,0.6174085295119677,1.4692027280691593,0.7510597246061229,-1.1149714625978226,1.845486740199813,1.2325236849252692,-0.1522228147775214,2.1697240496892833,2018,4,12
2018-12-07,-4.002219425478747,-2.921861787301416,-6.747104565923487,-3.5656842505306074,-4.1231479123390375,-1.582767234599194,-2.3320118765389815,9.627177710070955,2018,4,12
2018-12-10,2.64262831494753,0.6306167962672216,2.879204307997982,0.658793524242867,0.7304527462037307,3.2236949817661094,0.17621539947349565,-2.539819906217234,2018,4,12
2018-12-11,0.9294439581651255,0.8042441264321697,-2.416701343200807,-0.5719321898418238,0.13467657815862788,0.16213320682136845,-0.035634616892233795,-3.8869221929792044,2018,4,12
2018-12-12,0.4512631430795834,1.1378490785947666,0.4791176438483477,0.27870601920909155,1.2353634989169977,1.7032635656464679,0.5419503676349744,-1.3786817153199802,2018,4,12
2018-12-13,0.3391889155287973,-0.017699055412380465,-0.006718599696389131,1.0939936219914177,-0.3101857830950445,0.3529506671516847,-0.01999303236836025,-3.774461791699033,2018,4,12
2018-12-14,-3.1247118936296316,-2.033457351419918,-1.6387823889466628,-3.199741252652414,-4.008130390245666,-0.6551227451057747,-1.9086709555430368,4.745760582760136,2018,4,12
2018-12-17,-2.96141665857509,-2.4778661710314682,-1.959733282139213,-0.9305958827481444,-4.460045543160709,-2.686375299382852,-2.0773480559224256,13.361079099064765,2018,4,12
2018-12-18,1.0496737471470936,1.7315858128505284,2.3401819326350726,1.2991966175932501,2.0099752835132327,2.4752096735887794,0.00864005861047528,4.322999372566322,2018,4,12
2018-12-19,-0.2693308857826394,-0.7619294215541775,-5.737046482822096,-3.1191649258962832,-3.635238334743507,-7.253226804761585,-1.5395714536798148,0.0,2018,4,12
2018-12-20,-2.10242418124305,-1.1473093156886878,-2.4619264392432294,-2.5234302246625457,-2.290849421054329,0.12008272827404623,-1.5772106327423614,10.946048652899606,2018,4,12
2018-12-21,-3.231206698759321,-3.15852742321622,-4.093253624775439,-3.889566408721608,-5.707712643864255,-6.334340546371283,-2.058822830971433,6.095847430385301,2018,4,12
2018-12-24,-4.173862391722265,-0.6637901520827605,-1.9217434682621548,-2.5874327195493865,-2.431303598790153,-0.7122924744395759,-2.7112254452099496,19.79408490089389,2018,4,12
2018-12-26,6.830956582602221,6.416343152165213,4.737217311966301,7.042207716838718,9.445222040160877,8.157359602865446,4.959374278953939,-15.691710272524006,2018,4,12
2018-12-27,0.6165726846922337,0.4819349148032447,-1.450095427571439,-0.6490187230945854,-0.6295430662189344,0.2533938954179704,0.8562680784222008,-1.4797789056146549,2018,4,12
2018-12-28,-0.7807884624569248,-0.5907404582100233,1.8907051968572834,0.051254937715160306,1.120659308629582,-0.9812787089900151,-0.12415825080967229,-5.407206212914609,2018,4,12
2018-12-31,1.1754141892978975,-0.16432738285735798,-0.11222784225943794,0.9665116942481348,1.6204139597652452,-1.5840811413826248,0.8492484131409325,-10.303458223613676,2018,4,12
2019-01-02,-0.44306817839104606,0.9301775367597718,2.0374446281108565,0.11410509145173986,2.4740760502233448,3.501410862060005,0.12684969251244976,-8.654605650419013,2019,1,1
2019-01-03,-3.67879491475878,-2.769565915460065,-6.041693128739016,-9.960716025918911,-2.524149778493606,-2.90388791897799,-2.4756730395037176,9.603796363173975,2019,1,1
2019-01-04,4.650949630058929,5.129347560362783,6.406736492665381,4.268917334693811,5.006399867375017,4.713810373632695,3.433571464262358,-15.992147269793518,2019,1,1
2019-01-07,0.12752933311262854,-0.19942481519541125,5.294061503808196,-0.22259952916517967,3.4353414158742774,0.07249482068373218,0.7010434848680327,0.09354751425984031,2019,1,1
2019-01-08,0.7250788890742695,0.8783154577124952,-2.4895275112822484,1.9063324437890543,1.6612359945639903,3.24521023585356,0.969528502335896,-4.345795896045219,2019,1,1
2019-01-09,1.4299267910754683,-0.34273156825878337,1.9666952085155933,1.6981523867399813,0.17143547179710558,1.1927452346027212,0.4098045450532268,-2.393745908914083,2019,1,1
2019-01-10,-0.6425660854589407,-0.260709720785774,1.8585847562716986,0.3196340615244444,-0.19284287379283552,-0.020823870361011063,0.45184187829311606,-2.4024001663345516,2019,1,1
2019-01-11,-0.7721637154680671,-1.3310638572327635,2.4788490583437883,-0.9817928384600114,-0.9455231305329372,-0.27737882819629534,-0.014629784190938615,-6.717945979191707,2019,1,1
2019-01-14,-0.7295715581663015,-1.2175195611324208,1.081743762560841,-1.503723757811319,-1.4232985793521953,1.1056928584368781,-0.5257525167898046,4.837818223913495,2019,1,1
2019-01-15,2.900519052248092,3.328532637836386,-0.37887357864806065,2.0466751563847008,3.5462313843586295,2.44859155108351,1.072168862294582,-2.464600528976697,2019,1,1
2019-01-16,0.3523586957861251,0.2761206078266311,-0.6872669652629353,1.2216372257991195,0.5505997778829924,-0.9466237437510195,0.22219854881161608,2.3655942206107063,2019,1,1
2019-01-17,0.7022118881702619,0.8820543542841317,1.9349668504967006,0.5938274815310283,0.5606434395265677,0.5151193040073196,0.7591400382211042,-5.147066189402114,2019,1,1
2019-01-18,1.4983000876004802,0.7442349887575173,3.4339708279543837,0.6159455534293131,0.17598946424279607,1.173289597331374,1.318305304897002,-1.439646935605648,2019,1,1
2019-01-22,-1.8846632850412732,-2.5891769096413544,-5.1997976012421745,-2.2446480960664807,-3.774908655967103,-1.6462121806909844,-1.4157306164566639,16.853933306659023,2019,1,1
2019-01-23,0.9745844943187667,0.5358595914142867,0.3495430627953646,0.40444800513813833,0.48095706023667917,-2.215906757986737,0.2202912774223556,-6.153840510802654,2019,1,1
2019-01-24,-0.477910833113752,-0.037803474739811875,5.727106617030324,-0.7926434697319225,0.9091336230296979,1.0602767005878904,0.137572555436355,-3.227464412607965,2019,1,1
2019-01-25,0.9133588908368422,1.615300249387112,1.4635003041232104,3.313724625173108,0.9450615167288123,2.1806344375161544,0.8488694060713755,-7.781891799107413,2019,1,1
2019-01-28,-1.9501564608251822,-1.9654786932455415,-13.824544177069367,-0.9254638300179456,-1.9562216712664893,-1.0334814595867972,-0.7846827493937849,8.323770129672333,2019,1,1
2019-01-29,-2.0365371502650285,-0.9075209746750036,-4.644563359249524,-1.0364789956187104,-2.686994204251954,-2.2241982584208326,-0.14562465775435143,1.3778394804976895,2019,1,1
2019-01-30,3.3417505463948047,2.6101304561711274,4.39968240640654,6.833461441116413,4.80274472096141,4.320675524903486,1.5549260919744317,-7.6842622992336,2019,1,1
2019-01-31,-1.8330659900368746,2.5410086993535193,4.629163912759587,0.7201039010670991,2.8914721671859716,10.816389375254442,0.8597395948725415,-6.172141347711387,2019,1,1
2019-02-01,-1.57998181990728,-0.6457126137236833,0.6817234040529517,0.0480668314423923,-5.381880772938677,-0.5879066918162751,0.08986100931437847,-2.595053187056458,2019,1,2
2019-02-04,2.8799421520486606,2.0382219687626346,3.0747151919766043,2.8405184436879787,0.4353581897566455,2.1362619022142173,0.6776236617403998,-2.5402717652831335,2019,1,2
2019-02-05,1.3996422661352814,0.9155170582612492,0.5161287407748288,1.7109349093849198,1.5612487224473706,1.1284980140114098,0.4708420376974677,-1.017163713085285,2019,1,2
2019-02-06,-1.1098666458073165,-2.5159020092762554,2.0340407235791997,0.034448169765601985,-1.1182689786027769,-0.39143560531186544,-0.22244379802809425,-1.2202927688332612,2019,1,2
2019-02-07,-0.7167707911615417,-1.512155087303544,-3.647073964049261,-1.893923071393791,-1.5784110453143967,-2.410701415827954,-0.9357140143940189,6.436935743992146,2019,1,2
2019-02-08,0.3799803170849306,-0.3191958563976386,0.5087512610361482,0.11749273218287896,-1.6198209157239623,0.5709781459949359,0.06762010869560314,-3.970681361522942,2019,1,2
2019-02-11,-0.39747755493132675,-0.023578913148256903,-1.1608245938127653,-0.5750688210281251,0.17503863887402665,-0.9203407999741194,0.07091030986317781,1.5903307617898137,2019,1,2
2019-02-12,1.5581936896863644,2.310070256171946,3.222941628183415,0.8617153709692278,2.954738271017183,-0.452367639239776,1.2890224743973537,-3.381339717118824,2019,1,2
2019-02-13,-0.07485501964245062,0.09312253682118486,1.131189152405573,-0.4154806764153941,0.12149201359085939,-0.5877275144886565,0.30239946687606417,1.4257894297040064,2019,1,2
2019-02-14,0.08427402262071199,0.05050754077038117,1.0792679532018483,0.36431801892576043,-1.0579272014338796,-0.07314807611374133,-0.2651641555101175,3.6421706627348067,2019,1,2
2019-02-15,1.2348045653842517,-0.8474998539592515,1.8184330900801202,-0.2225044312958636,-0.9059262479477769,-0.8844226686399713,1.087875260858702,-8.076445877921921,2019,1,2
2019-02-19,-0.046219821075481574,0.614489115049054,-0.4449332731660325,0.299269289943263,1.2208075244112633,-0.129236454446705,0.1498743321448821,-0.20120545458220365,2019,1,2
2019-02-20,-0.5199048765567598,-0.525533091708138,1.2193642950026724,0.6435536923814661,-0.3366893832545759,0.16637888180276703,0.17771107537684558,-5.779567540746344,2019,1,2
2019-02-21,2.109219727304612,-1.461730786402632,-1.7533801111888028,-0.5638743874020749,-0.16398893947140306,-1.5501987591976978,-0.3526436790880273,3.1383706563265337,2019,1,2
2019-02-22,1.4257911253346836,1.1184666048278213,2.1955254038483396,1.1165963516027717,0.7484103229555904,1.1559555536977806,0.6411102394986833,-6.569846519771364,2019,1,2
2019-02-25,0.558745070301736,0.06895603268776525,-0.314076483765971,0.7284060207592152,0.08825736547321734,1.6863284662352434,0.12318625699113263,9.918579791902761,2019,1,2
2019-02-26,0.6899936846747352,0.41885190407394474,-1.001959371304715,0.057418499544070106,0.20820350982042748,-0.2976496310160967,-0.07904570968998417,2.1548800444714056,2019,1,2
2019-02-27,-0.16907892416040127,0.07843096901657731,-1.075754844687519,0.30974789386584384,0.2866011625362226,-0.8042504827751632,-0.054404938773034935,-3.0982219160517657,2019,1,2
2019-02-28,-0.12480274404625838,0.32595352132554617,-0.6376695261758062,-0.9835734500167578,-0.0767732581735812,-0.8353299168259446,-0.28255083152147115,0.5442171751297046,2019,1,2
2019-03-01,0.4462914566762414,1.9501869858401828,1.4196651956558677,1.0511295843032498,1.9453250691601864,0.5141069115293759,0.6895320593434386,-8.186739242272836,2019,1,3
2019-03-04,-0.2399215413654481,0.4266509006728315,0.2109569099623514,0.502933304884285,1.4619586796095236,3.1365456850321722,-0.38805584925139636,7.811351830914172,2019,1,3
2019-03-05,-0.49884705413978037,1.3672396086012693,-0.16585560978961603,-0.18199365302711135,-0.2205015824008953,2.3241918184588886,-0.1131532823106208,0.751877346662958,2019,1,3
2019-03-06,0.04474274564063062,-0.3634995761058804,-2.8558530533926607,-0.5753863984886439,-1.387349548199438,0.7298921374535158,-0.652409865359239,6.784260620949391,2019,1,3
2019-03-07,-1.2169940848197913,-1.209509307561901,-1.8349107873614576,-1.1574600256664989,-2.5764719983696653,-1.9592985513995613,-0.8125717558683561,5.400256631702243,2019,1,3
2019-03-08,0.10869237575291191,-0.07646550524885232,0.9245580909788051,0.23770344302945534,-0.3167375293102571,0.2778919420247686,-0.21316888487414803,-3.2549783638374983,2019,1,3
2019-03-11,2.0993626643523027,2.547025660010467,6.970257778181886,3.464205072140926,3.0737873720530122,1.456363148035946,1.4666041867757127,-10.716507134672606,2019,1,3
2019-03-12,0.7001995789261249,1.5255262029236711,0.8564311726668818,1.1235112482668852,0.14844854239021973,-0.08719297344037323,0.2953318204620418,-3.907881848735939,2019,1,3
2019-03-13,0.7745039890544426,0.15118291177928067,3.7533361962556953,0.44221866643635277,1.0585118161452236,0.8434399576571494,0.69495838138419,-2.614383430529157,2019,1,3
2019-03-14,0.07858599625040875,-0.5445949283947346,-1.8147167221789013,1.1116699709290108,-0.2714673150861862,-1.8457784528313235,-0.0868022382018787,0.6711420851004637,2019,1,3
2019-03-15,1.1519576269196032,-0.18699640477918714,2.5670705854069866,1.300821466433951,1.5502120161135686,-2.462237103409946,0.49849029002739503,-4.592591744882089,2019,1,3
2019-03-18,1.432127205442334,-0.1470282599218048,-0.5064574285067582,1.0208617575044543,1.7397066258948175,-3.3196799990512336,0.37059469012647656,1.708076592189985,2019,1,3
2019-03-19,0.06804328826734346,1.170348713675888,4.001130886313361,-0.7924716681565653,1.130787396098956,0.6854836700248288,-0.013056155602486857,3.5114505706248225,2019,1,3
2019-03-20,-0.11049775843443115,1.9934122620925727,-0.7455092249294413,0.873856184580727,2.010391063581392,2.3952514152590223,-0.29443536044478436,2.581116644281812,2019,1,3
2019-03-21,2.297481445127349,0.7909048049878447,5.470131307815517,3.6830133803075737,1.2235166707998726,0.38685224766947013,1.0852481049954332,-2.012938433089085,2019,1,3
2019-03-22,-2.636832910559787,-2.303958138449695,-3.5011318061584813,-2.0708467750306885,-2.9951683771010966,-1.0476809465945136,-1.89745012394827,20.909753513324258,2019,1,3
2019-03-25,0.5211585261296582,-0.8504258757895105,-2.095732713120493,-1.2090586892211037,0.5377413721055644,1.1865442635247827,-0.08390206584756167,-0.910191885296124,2019,1,3
2019-03-26,0.2124717367465963,-0.6297040258014152,1.7781014102069084,-1.033188166136596,0.5354413865403486,0.8358915669614473,0.718272586230618,-10.104100589339195,2019,1,3
2019-03-27,-0.9668606211870603,-0.9942492743587837,-0.20920811546939294,0.8993886173203809,-1.0124678679731909,-1.0794321205343858,-0.46443248906917045,3.2016301334052617,2019,1,3
2019-03-28,0.1370398894964418,-0.4872750870941492,0.4249174301487342,0.1326452587049725,0.43721350343579835,-0.19292005286573152,0.35894815293910015,-4.752470834876103,2019,1,3
2019-03-29,0.8637649216905494,0.39412674589822827,1.303274547438692,0.6517694982427596,0.4133266392968336,0.6886015029994872,0.6734280017363794,-4.989606734592774,2019,1,3
2019-04-01,0.9157198739716528,1.876979378622266,1.5148015411995766,0.679145565398249,1.8778657625842916,1.205834229391921,1.156860012427537,-2.2611263220579723,2019,2,4
2019-04-02,0.14282958677476418,0.5471220817421935,0.3949798531357977,1.45365917769322,-0.011581671050936139,3.2602216423088146,0.0017455707207333783,-0.29850718650553654,2019,2,4
2019-04-03,0.6544203928451953,0.4371496499476356,3.071057809618699,0.6854856942187739,0.3704629310371658,-0.3788751564999729,0.21483768817243212,2.844312306931806,2019,2,4
2019-04-04,-0.508460208187586,0.7135792312158303,-0.19083138373099984,0.174078896699393,-0.1010631789435927,1.4290852785500474,0.2084635079680046,-1.1644821694133736,2019,2,4
2019-04-05,0.44403587380214304,-0.6560335984941322,1.428847325030553,0.6694015055111951,1.0127196283313846,-0.1704551361819465,0.4636432770241024,-5.59646710715465,2019,2,4
2019-04-08,0.03335988609748515,-0.2616658899413596,0.439920528795215,1.5736193195591497,0.6847054489245646,-0.4495761845220993,0.10474599539205393,2.8081171522718873,2019,2,4
2019-04-09,-0.5419785689328547,-0.4626457775976271,-1.3191768161738404,-0.299858615222833,-0.7578913297284671,1.5149081573742718,-0.6067494393846627,8.345974220982686,2019,2,4
2019-04-10,0.7629006744728981,0.3126202973438347,1.5005602109072347,0.561390123244387,0.6258726672734697,0.13514020243924385,0.347787156397851,-6.862742020741081,2019,2,4
2019-04-11,0.11648853201717871,0.26028134271410336,-0.29146131020095556,-0.832424770998802,-0.17647308564491185,-0.17431655388038542,0.003812306700834853,-2.1052611199678535,2019,2,4
2019-04-12,0.5152417203461513,1.0863258583047142,-0.7988222702051456,-0.0402015355441603,-0.054769030500450254,0.8957250615886243,0.6609324208602485,-7.757297952163933,2019,2,4
2019-04-15,0.08269578550881777,0.31076365129758793,-2.794615017181915,0.18102796643802038,0.09820611162910378,0.3070725694002296,-0.06293691084816536,2.5811778520777313,2019,2,4
2019-04-16,-0.23131510516674925,0.43864248378404036,1.9004157286343446,0.010036257486815057,0.9848939749589348,-0.43417709957199485,0.0509358003894715,-1.1363587103598138,2019,2,4
2019-04-17,0.82800120554901,0.668067439797298,-0.488824346017929,1.9473045711328512,0.09553942674214486,-0.05031317198326665,-0.22738117853239498,3.4482764020578065,2019,2,4
2019-04-18,1.3139681770632163,0.1072499541487826,-0.5285823440431978,0.35936503402965725,-0.1678383384266334,-0.2796745751957993,0.15790922795097712,-4.047620741598319,2019,2,4
2019-04-22,0.31612371768102693,0.9899514389297654,1.1647815541524502,0.3286689766342924,1.3761670163166724,1.7724819163369214,0.10120175614713267,2.729527870480775,2019,2,4
2019-04-23,1.3574668386270958,1.342354148354033,1.1672833228864634,1.4423202610030634,1.9318479950358465,1.289698213228658,0.8841205788408993,-1.1272169280415107,2019,2,4
2019-04-24,-0.3427779643740294,-0.8295320308950477,0.2622394026204165,-0.15422587223110237,-1.1446253253687315,-0.6529558025797574,-0.2191763174733632,7.003262451565886,2019,2,4
2019-04-25,3.3117128825006135,0.5785505875942584,-2.2283569806871837,-0.90751906613054,0.0262931778390474,5.849485297616867,-0.036897365274575114,0.8371358736922996,2019,2,4
2019-04-26,0.5729584959353239,0.7953707672212256,-4.718857418335048,-0.47739224282642406,2.543302552920262,-0.9158765003438805,0.46852921407636766,-3.9245317567069575,2019,2,4
2019-04-29,-0.09236216971106025,1.4701585666678536,0.6962593921348841,0.15174460454486258,-0.6254395751948446,1.718132969347656,0.10715221743554176,2.9850756331933215,2019,2,4
2019-04-30,0.6395975696913797,-7.501929308795581,0.9312631207446415,-1.9256175152702004,-0.6144196629405854,-0.7084956153267364,0.09514170090863684,0.07627939850282585,2019,2,4
2019-05-01,-2.082705867769653,-2.1385275593594253,-0.2927977741884983,4.908563955449884,-0.7786060129541146,-0.19133309276879867,-0.7502163081421368,12.804880486507653,2019,2,5
2019-05-02,-1.3059199497754492,-0.5804076025812512,1.5071843727128786,-0.6507703701574443,-0.5597598276473283,-0.2590282659725467,-0.21239857917742397,-2.5675683077275004,2019,2,5
2019-05-03,2.131376156179563,1.9751315942798602,-0.0982911619443504,1.2431292974182768,3.242811755501671,1.527046146544255,0.9638279380647726,-10.748961043925497,2019,2,5
2019-05-06,-0.5818394224427538,0.3286846512220188,-1.7266755580147852,-1.544280199674316,-0.606896195667302,-0.8134171102867408,-0.44709884287563856,19.968917775266757,2019,2,5
2019-05-07,-2.0522700566559546,-1.2233199883292483,-3.74754668977334,-2.6957051383747643,-1.5149504925400081,-2.1198782979802155,-1.651165139242338,25.129535102905727,2019,2,5
2019-05-08,-0.007978889469834632,-0.6854187392883938,0.4678432238465358,0.019713335898118828,-0.16814851400369166,-0.12121625659272431,-0.16054253132695662,0.4140782865927606,2019,2,5
2019-05-09,-0.007966530176482035,-0.24001414787022615,-2.144645614274159,-1.0744017554508505,-0.933372277882994,-0.46954268695642365,-0.30214249424966916,-1.5463878503069506,2019,2,5
2019-05-10,1.2988038400175095,-0.02824519571363668,-0.8049443497287821,-1.3853697956412658,-0.5205610992477062,-0.16433386864051,0.37202972597878176,-16.02093929228979,2019,2,5
2019-05-13,-2.973347290204446,-2.659213172123674,-6.142665673321456,-5.8119312485871575,-3.5608819608768583,-3.6104770979136753,-2.4130557198844214,28.117194913420168,2019,2,5
2019-05-14,1.1187781971478792,-1.0320335644544225,2.2657214626784854,1.5830026877840169,0.9568262041155564,-0.44618411814615927,0.8015944543135528,-12.116787657235609,2019,2,5
2019-05-15,1.408216234807106,4.084068224706172,-1.5181657048492927,1.1979285890351348,1.6863096950845855,3.0653508050520686,0.5838975074642049,-8.970094018772071,2019,2,5
2019-05-16,2.30915834392603,1.170137645502136,0.3822595638877666,-0.43997858619969277,1.9463956305464123,0.3865314216740944,0.8895287120600482,-6.995137073275714,2019,2,5
2019-05-17,-0.6670219478568553,-1.327147451420074,-2.2847994093516477,-0.5681578878041078,-2.02194929212617,-0.9037879103141846,-0.5837333350761925,4.381949496177413,2019,2,5
2019-05-20,-1.4445348340116357,-2.063677420281063,-3.0537077405449584,-3.127000039742385,-0.5366456690264859,-1.3923421885069338,-0.6749377915387955,2.192978865656987,2019,2,5
2019-05-21,0.5387567323669329,0.8543971689053791,2.1811938347594912,1.9170896360651442,-0.07800247985996163,1.1493079408000575,0.8495835590448411,-8.338440841258887,2019,2,5
2019-05-22,0.6067713122324461,0.12213235979481123,-1.8444199282980256,-2.047179209136581,0.11628591845380144,0.2705263489851476,-0.2824396230649451,-1.3377913833897743,2019,2,5
2019-05-23,-1.1670501696200235,-0.9092949230195515,-3.206320601220029,-1.7069624331281938,-2.3767519755121578,-2.4012567045611553,-1.1914149945270145,14.711864924026749,2019,2,5
2019-05-24,0.047531011554073466,-0.5875975361440428,-1.4729824700689544,-0.3840433601064474,0.4296377605180061,0.10504880454375405,0.13535590072401177,-6.323875236403574,2019,2,5
2019-05-28,-0.06337461114983789,0.08343914482278798,-1.2538667285506693,-0.4134680758733211,0.7212290050219899,1.7949803606472303,-0.8375676922946674,10.410091979930119,2019,2,5
2019-05-29,-0.9670273955027662,-1.7217172931599523,-2.0860882510032797,-0.47689739136285836,-0.9387773958249899,-1.1502235148129878,-0.6911912256811356,2.285712105887277,2019,2,5
2019-05-30,0.6323148762373018,0.13125541356417278,-0.7633308927086733,0.5186514666279949,-0.1577639243082091,0.4500619775327751,0.20984713906616664,-3.3519575098124568,2019,2,5
2019-05-31,-1.6304986368241914,-1.329571556187628,-2.6238206060810327,-1.8115664951966297,-2.2710755340790283,-3.027145242906219,-1.3195372808478485,8.150288494762288,2019,2,5
2019-06-03,-3.1047690802497474,-6.123801749417156,-1.2401797940116799,-1.0110186531247178,-4.640947352034054,-7.505489764268339,-0.2765240314473231,0.8017185099885539,2019,2,6
2019-06-04,2.7703670686021966,1.5162453857114349,6.8918638446639315,3.658410334327764,2.1781876900768062,2.040814988161388,2.1432370568193067,-10.021215460405223,2019,2,6
2019-06-05,2.16791558301896,-0.9340922957933145,-1.2027782779406666,1.6143240588384382,0.5169016882808445,0.40000708789643447,0.8161854781411985,-5.185616949754905,2019,2,6
2019-06-06,1.5814942966216519,0.29865986204941203,1.7695252056134851,1.468166558319673,0.9122798271355238,0.09513162557296846,0.6135586748687577,-0.9944055058717651,2019,2,6
2019-06-07,2.8007887790960826,1.9670530641149913,1.1962932470052074,2.6617017522968887,2.831229113708922,2.9822548931652,1.0497697462894744,2.3226548951449177,2019,2,6
2019-06-10,0.9132519484303661,1.3469056055145943,2.0137405240469075,1.2779368901768844,3.1374221415049837,0.8479970518644572,0.4660044466909861,-2.208586954155996,2019,2,6
2019-06-11,-0.3770718453798312,-0.15885163899546847,1.5630237925912251,1.1579760564321517,0.16499334704245797,1.87620345437203,-0.03498802355809509,0.31367749091032887,2019,2,6
2019-06-12,-0.46174744602018086,-0.17943208864618734,-3.0182408734450017,-0.3182721568716055,-0.4496418192190827,-1.718147184891219,-0.20375791387226416,-0.5003122254607786,2019,2,6
2019-06-13,0.6312018362774546,1.1036710073070923,1.4090451979951781,-0.020621237147758514,0.8074084887562942,1.388258757171348,0.4097381912668253,-0.5656829255251682,2019,2,6
2019-06-14,0.09826554134752012,-0.4317079286189085,-2.441663428167099,-0.7262209698892482,-0.03368632863726277,2.1750220296802985,-0.16115119041397374,-3.4134005832484147,2019,2,6
2019-06-17,0.30198554653310467,0.698693124723043,0.26963595459583733,0.5966815391626766,0.8750215966301994,4.235359291357821,0.09317492412307074,0.4581194353523954,2019,2,6
2019-06-18,1.7387991956292217,1.0375944970853124,5.412658585406778,2.3518094074679317,0.8133468756305477,-0.28570012844870785,0.9717399870632932,-1.3029365340009427,2019,2,6
2019-06-19,0.3921254599475459,-0.06604790283632007,0.15699710822915092,-0.29225587818600135,0.39024725343071376,-0.5252707073089036,0.2985163546397053,-5.412539376048963,2019,2,6
2019-06-20,0.9286080257315507,0.7867640720342199,0.6399986647740089,0.8035609366640656,0.492459857934556,1.0934441011954616,0.9472185190685071,2.9309147140966907,2019,2,6
2019-06-21,0.014571985310774286,1.0932475217265945,-1.518475531716446,-0.34091497841567403,-0.35919036198249155,0.8494827667207359,-0.12592227925193059,4.406777074781515,2019,2,6
2019-06-24,0.5913489426230996,-0.7704159614215443,0.5930302329312144,-0.10060503418284684,0.13603018897809785,0.7638335971246637,-0.17318870104667872,-0.9090869682878511,2019,2,6
2019-06-25,-3.1571685398241462,-2.6076838678807146,-0.772957178755072,-1.515751027240907,-1.8616456196257096,-1.9522350491094944,-0.9496397343734173,6.684144446034596,2019,2,6
2019-06-26,0.37470189185176545,-0.6675307956533109,5.1359902914228535,2.162883849481661,1.041388593947892,-0.6248729585414858,-0.12339337557077282,-0.4299852531964197,2019,2,6
2019-06-27,0.16428249357018293,-0.34155500112072845,2.492801233943186,-0.02999550466518695,0.3398560447944257,0.9805023058374256,0.38231755541317136,-2.405918640809874,2019,2,6
2019-06-28,-0.1415837586499348,0.5730871863064184,0.6125957714305222,-0.9112091815381118,-0.5592597818778676,1.846973793115985,0.5757452627909818,-4.677621905139906,2019,2,6
2019-07-01,1.2839276666723078,1.5884645546376475,1.181273995615239,1.834076659426385,1.5082077541072614,0.0,0.7672301032188277,-6.763922475131425,2019,3,7
2019-07-02,0.6633325665729566,1.145439391815815,-2.3710440392255356,0.5854515013118874,0.6305337412949351,1.0362579526124536,0.2928125887423183,-8.036984926859084,2019,3,7
2019-07-03,0.6443202523071058,0.9338705631462949,0.3204982427613993,0.8286717613241568,0.24246069203847628,1.1282006470970773,0.7672378673070197,-2.7842273925349947,2019,3,7
2019-07-05,-0.2909968088949924,0.8619808080722232,-1.548356635789697,-0.08804290720566246,0.20165367820243746,-0.4056672856032136,-0.18059015984103502,5.648369573464031,2019,3,7
2019-07-08,-0.072955589455789,-1.4020043700426064,-1.8848004921626045,-2.061402608038572,0.4843221049465348,-0.32586981290733236,-0.4835444424841488,5.120484328681849,2019,3,7
2019-07-09,-0.3651035953271012,0.6715677882344963,0.0636188335948265,0.6099420530731947,1.842939324052633,1.7623564409855144,0.12365569653400622,0.9312329089232149,2019,3,7
2019-07-10,1.0186406414214642,1.4782732283354598,1.7481429889500033,0.9888547600254858,1.464062493884551,1.7669833929453136,0.4510689607592701,-7.523068900904238,2019,3,7
2019-07-11,0.3989503106981306,0.2778373710592537,3.886061477260033,-0.7282388005545049,-0.8099507325226314,-0.739896028594526,0.22852267383600544,-0.7674553326533922,2019,3,7
2019-07-12,0.3612580082713829,0.11013272911257442,0.7998323003100225,0.7682823355770354,0.49624026209123356,1.8088707597367237,0.46201745478847794,-4.176333713131232,2019,3,7
2019-07-15,0.0,0.4513968949318267,-0.2028940780104687,0.9395111959417674,0.4967642414727956,-0.46859970613620455,0.017586919155743633,2.340596883109166,2019,3,7
2019-07-16,-1.31026637402998,0.25640541894113916,-0.11355438433650236,-0.34598816998828313,-0.5487377649727138,-0.03433038256957785,-0.3403778522185873,1.4195532111146076,2019,3,7
2019-07-17,-0.5908861834563961,-0.5825801955297794,1.5740992582685034,-0.5623608973069251,-0.8891002112726152,-1.0007740568728103,-0.6531243569450905,8.631420217614247,2019,3,7
2019-07-18,0.11008570370595633,0.043588444538235,0.2769114270658756,1.135984080490955,-0.7093314974039002,-0.5054492051592916,0.3581997784064769,-3.1496100618987186,2019,3,7
2019-07-19,0.14660761859290042,-1.3676205831919597,-1.0224328441308175,-1.4927654300194526,-0.6764737761974764,-1.205297573971173,-0.6176734522766641,6.799705058766568,2019,3,7
2019-07-22,1.324828654058733,0.6769359697355877,1.7098048807142985,2.285403280090488,1.0745666804249396,1.9963560106713174,0.2828694915066565,-6.366782618945463,2019,3,7
2019-07-23,0.6212228664768221,0.77598142563294,2.533308089905485,0.7817718227061378,0.4462067812825996,0.019770445441589735,0.6847482673755425,-6.799705058766568,2019,3,7
2019-07-24,1.0266574387746006,-0.7247043370161782,1.7078409113035427,-0.08139499987743787,0.31686722377399285,1.136594905750626,0.4688147952890258,-4.2823154365994505,2019,3,7
2019-07-25,-0.3765975079199807,-0.33253037727363993,-2.95533028947356,-0.7907149855480506,-1.348948652691003,-1.9300260997724554,-0.5262401280453501,5.5509535479213845,2019,3,7
2019-07-26,0.820262952469031,9.620222887317025,0.974724544727721,0.3478009135773006,-1.558911678575766,-0.4783044400673618,0.7387691099234726,-4.552589749812447,2019,3,7
2019-07-29,-0.21932189693721998,-0.27144446171767095,-0.14280521197864737,0.9338325032514675,-1.574842476487305,-1.9073768143010879,-0.16161146071344804,5.509869117609691,2019,3,7
2019-07-30,-0.48212835238512375,-1.114467656804604,0.36037586718225245,-0.42921125083671974,-0.727861291304728,0.5613783822623708,-0.25786549148275323,8.651595193124626,2019,3,7
2019-07-31,-2.9070392840862,-0.7980545278028514,-3.8358463694480696,2.040424582470123,-1.6723481350493636,-1.4261045613851606,-1.0885526112695811,15.638460003383697,2019,3,7
2019-08-01,1.3135391343287677,-0.526996843970847,-2.2522519957474167,-2.1639129311598686,-0.6138892274227287,-0.7722679350176007,-0.8998793869673047,10.856078839281395,2019,3,8
2019-08-02,-0.8402283157213132,-1.2758136831949656,-2.2617250694267654,-2.1158036559548346,-1.7290777837861175,-1.924985513555817,-0.7282739927037866,-1.454953646734074,2019,3,8
2019-08-05,-3.42582924503754,-3.4748271619664837,-6.45199129396736,-5.234780893105238,-3.1871857107491923,-3.8567152210788254,-2.977782000298592,39.63656615737608,2019,3,8
2019-08-06,1.8757894841646523,1.4141702174063164,1.0345361475030679,1.8930391864770049,1.2860266757584484,1.5297292302255607,1.3017017169932688,-17.974786697302143,2019,3,8
2019-08-07,0.4380700256881633,0.4124374969971414,1.0108386528314626,1.0355161552242091,0.31154615501279664,0.3468608740834016,0.07668762331906949,-3.3713450798396085,2019,3,8
2019-08-08,2.6685395620519325,2.5750290297707337,2.839696782023684,2.2055964451885512,2.201965656067534,2.7059240783055127,1.87623034099842,-13.237557485912873,2019,3,8
2019-08-09,-0.8496104547999446,-1.4334478263993622,-2.578038410868528,-0.8240250890451793,-1.3808825620453098,-1.2147713478616353,-0.661660635492355,6.268477087565463,2019,3,8
2019-08-12,-1.3942293111324393,-1.2112052264038013,-1.7706519405734338,-0.2537575731850263,-1.253604966877019,-1.3202042066036408,-1.2317322177972176,17.36227578436664,2019,3,8
2019-08-13,2.0693361066738793,1.8927197541139387,3.0372778832390357,4.234837959550986,2.2085030397553287,1.661531916531661,1.5131688322181278,-16.927452200071013,2019,3,8
2019-08-14,-3.011400623967012,-2.7140621840411754,-3.8320712306275597,-2.976506347437229,-3.3645045853565514,-4.63781328917503,-2.929275291174264,26.141551392919688,2019,3,8
2019-08-15,-0.22389862260125457,0.43548390935513925,-0.8662847910690457,-0.4981495600552585,0.7464685662255539,1.6025727696894994,0.2464268027652195,-4.162896200967224,2019,3,8
2019-08-16,1.8327388542054708,0.8457718942247999,7.252815182663971,2.359449804803919,0.926178567317126,0.6079063963793618,1.4426124657807895,-12.795094205730692,2019,3,8
2019-08-19,1.6748517026163756,1.8003574475184576,7.031831903291959,1.8644291301356701,1.3137538159314601,1.3445794477490665,1.2105865492430592,-8.608555558733896,2019,3,8
2019-08-20,-0.8308515681491022,-1.408646040028825,-1.7039293742590222,0.004743130051943317,-0.8116198419710632,-1.2676449001659116,-0.7914727601131332,3.672990936364722,2019,3,8
2019-08-21,1.1146485916880744,0.6801779634358252,2.0015429855396616,1.0838670989658503,1.2301698764070108,-0.1414446801205049,0.8246798595579694,-9.71428462437221,2019,3,8
2019-08-22,-0.7276757544152388,-0.005031973378470802,0.14599652503582303,-0.08463620515403708,-1.0353490725939254,-0.8226655506653697,-0.05060748601761578,5.569620910238665,2019,3,8
2019-08-23,-3.1862991739431177,-3.1841720646825222,-5.271744264263578,-4.622054188976831,-3.0498806969126626,-2.3566307161247586,-2.59463367546181,19.12470309168858,2019,3,8
2019-08-26,1.5443824161207558,1.525670921021974,1.8529828462519642,1.8999354522929879,1.1002318967479512,1.4683448805708788,1.0982987735216365,-2.7679975902326093,2019,3,8
2019-08-27,0.21412048420694016,-0.030711164227835697,-2.2060848277431147,-1.128408626999482,-0.397991247073746,0.5211955352115222,-0.3203180635808243,5.1242224987373195,2019,3,8
2019-08-28,-0.13263548212439907,0.2502351542525119,-0.25983279921476554,0.6710280781100931,0.13735967509673422,0.25371608261893425,0.6545480165679621,-4.7267312147519664,2019,3,8
2019-08-29,1.8884571028746244,1.7456999495585257,3.585124836042853,1.6931993518340804,1.25548890439345,2.0961711633391213,1.268729179350887,-7.5969053835825875,2019,3,8
2019-08-30,-0.18822800414286894,-0.3106686937065259,0.3054036526134318,-0.1291668038045716,-0.5659435682760344,0.05388328873031265,0.06427872591217355,6.15212770190401,2019,3,8
2019-09-03,-1.3201982805829329,-1.7622332754609351,-1.9939141915447074,-1.4563587841384156,0.7628234940805392,-1.7665641845248405,-0.6899100509060815,3.582720345501441,2019,3,9
2019-09-04,1.1688168814262068,1.087589819432199,2.7958972008404843,1.696642174193272,0.6022901313268363,2.604299816864024,1.0842079212828002,-11.85147478021348,2019,3,9
2019-09-05,1.7583255611423796,2.5307277685590566,6.506280455462836,1.9551554971342402,2.2270161635782353,2.0092019737838496,1.3009813642266648,-6.116557822325136,2019,3,9
2019-09-06,-0.6783604575356531,-0.4842410222665657,-0.606452270239079,-0.009385735633474212,-0.39169905058655796,-1.7862780481977192,0.09106051537298387,-7.805780098535011,2019,3,9
2019-09-09,-1.1358269421914111,-0.08704414679795645,1.035553012536903,0.42671857217343456,-0.11780869502403069,0.6773722814534611,-0.00940102596584682,1.8000030517578127,2019,3,9
2019-09-10,-1.0471257837101362,0.03567308358556,1.4847974013120846,1.1813008678292667,-0.589729906052649,-1.3721322697086111,0.03223043548220117,-0.45841942632650656,2019,3,9
2019-09-11,0.02939958547774743,1.1860358208532171,0.6277801245856306,3.179526175203414,0.13402724765311927,1.2461924353008282,0.7229681189480366,-3.8815799999435323,2019,3,9
2019-09-12,1.0285045756465205,1.2270478984005098,-0.032575125080461495,-0.22361761877469966,1.1278173776551004,-0.5411408962789893,0.287915310106104,-2.6694004025537064,2019,3,9
2019-09-13,-0.14544689615923143,0.40972339386017603,-1.2644267165147927,-1.945398934789487,-0.22835833039022294,-0.14935558565034648,-0.07244143620947467,-3.375530850189907,2019,3,9
2019-09-16,-0.7209571557560213,-0.6773981584393648,-0.9508631381479998,0.5256907362168686,-1.7125757375024462,-0.5181987360669804,-0.31355866640028723,6.768561285791766,2019,3,9
2019-09-17,0.7775060497246497,-0.14210065235810965,0.47722611693717576,0.36379494027806897,0.8136828085409517,0.9988200597765908,0.25817523700198475,-1.5678288664927473,2019,3,9
2019-09-18,0.8224721580825323,0.22523881322238826,-0.6019977113400619,0.9379219255743803,-0.27928049815375816,0.0318968807614303,0.03426919897554671,-3.3933503141082317,2019,3,9
2019-09-19,1.8409004832603475,0.49486137200174896,-1.6890700643464405,-0.8124969110953881,0.22228367850438915,1.06305108486336,0.0019974721421654514,0.7168486224875039,2019,3,9
2019-09-20,-1.1554780927383776,-0.7192629525987465,-2.401956029902426,-1.4617811159924627,-1.5009572450642863,-0.11045786999180686,-0.4895576515783125,9.039142255149892,2019,3,9
2019-09-23,-0.2151141409408244,0.3943527879665634,1.2449912722777017,0.4546897975647528,-0.49382529156018434,-1.6374376302242213,-0.009693591923769201,-2.676239266183704,2019,3,9
2019-09-24,-1.2648888602263992,-1.3250347280038157,-1.321150406887448,-0.47551245939396425,-2.4472096150627913,-2.965417484078174,-0.8416371322106446,14.35277942018136,2019,3,9
2019-09-25,1.4412137132239375,2.2662293721486235,3.3037091959737044,1.5389614247351655,1.534210954006176,0.838481142721216,0.6158571742003296,-6.392957464445566,2019,3,9
2019-09-26,0.1291727781794007,-0.29295896461721416,-0.49932986122031175,-0.5157542458404133,-1.6111241359963695,-1.4715605280220307,-0.24289164068657457,0.6892209048516866,2019,3,9
2019-09-27,-1.2971187545951326,-1.3153114147189175,-3.1464829557613685,-0.48661605356844306,-0.8270849128875398,-1.6711804976544558,-0.5316352490240509,7.15618942357953,2019,3,9
2019-09-30,0.9438990251602134,-0.3923644450030855,1.344874302634382,2.353525852671121,0.6062217161457525,0.5533404839295676,0.5047606675254783,-5.691054479173624,2019,3,9
2019-10-01,-1.4097799655133405,-1.2398136910421622,-0.04021863409710876,0.27684352977912247,-0.014978297291072971,-1.274696175116986,-1.2258373372913214,14.285712607891748,2019,4,10
2019-10-02,-1.7655509849869997,-2.3283501234463264,-0.5517145360215235,-2.5068117886422137,-1.291737598591126,-0.6882594138716597,-1.7903202985502933,10.775862379037251,2019,4,10
2019-10-03,1.2105645397749059,0.9771403128192482,4.779250256260068,0.8494830921106191,0.6531541641550491,2.7376870669447957,0.7971912597015249,-7.003884553082507,2019,4,10
2019-10-04,1.3501589764653978,1.8101062241932364,0.36403021885963033,2.80315669444256,0.8831925999802321,0.5965032485413627,1.4216897585460084,-10.878660211342599,2019,4,10
2019-10-07,-0.7240052799063351,-0.22378741771642763,1.296917404101787,0.022045176515378438,-0.4017991451604556,-0.42672975458266615,-0.44782946735924517,4.812204523281517,2019,4,10
2019-10-08,-1.0574572524255275,-1.4996833906882463,-3.851789845871129,-1.1715023590136853,-1.5669614900220261,-1.0741180665429741,-1.5560819201407892,13.549831990998513,2019,4,10
2019-10-09,1.8942800069339616,1.030968106279547,1.9635411826456686,1.1720365924344964,0.9662859223618016,1.1814346721668894,0.9104492549941459,-8.086791131506322,2019,4,10
2019-10-10,0.622109492020464,0.58799445075196,1.2838120558467168,1.3478138437620888,-0.10046756673366276,0.10010368645271424,0.6415695380997037,-5.740341898393161,2019,4,10
2019-10-11,0.41699231758813066,0.5159280946298803,1.6172305459167808,2.659847868230168,0.6778047269550828,2.3107088226699153,1.0938977513132988,-11.326122969167605,2019,4,10
2019-10-14,-0.09306867937445695,0.1694640539428282,0.2903324456158201,-0.14393399590501055,0.26040696153612,-0.4940684236549692,-0.1387118733451113,-6.4826715906785735,2019,4,10
2019-10-15,1.4474948271837746,2.0094093607932515,5.275309114736067,-0.2331926000735795,1.7823932579885813,3.0609055563512766,0.995567664113718,-7.069318836959783,2019,4,10
2019-10-16,-0.8193651910519226,0.061174111695885415,-1.0999326857110905,-0.4037225461545966,0.5686324313618705,0.34941808837416705,-0.19995427986508893,1.0339759506439026,2019,4,10
2019-10-17,-0.5127578655845342,0.7884053634600121,0.041138242384903115,0.38829710144436325,0.5654258700535216,0.4431499416865271,0.27628315736780945,0.8040910396444078,2019,4,10
2019-10-18,-1.6322140578795479,-0.6696946549455459,-1.955841703248871,0.4802831825325935,-1.6766587598934612,-2.384589126904263,-0.3919344949506918,3.335750829727778,2019,4,10
2019-10-21,0.7422917960094965,-0.010446967537269975,2.8978225316484525,1.7342612134055844,1.6016904991813696,2.103859420102295,0.6871616056117517,-1.7543859649122806,2019,4,10
2019-10-22,-1.488130200627995,-0.24752435436995482,-0.20411574994616033,-0.22866738773816464,-1.1161118465189621,-3.910220045253856,-0.3568666378412613,3.2857145581926614,2019,4,10
2019-10-23,0.6380042235889103,1.3237095046233125,-0.2658186221415813,1.3418728128673496,-0.20161792094773126,2.08951210812845,0.28471487971185444,-3.1120318677592724,2019,4,10
2019-10-24,1.9673564420844516,0.11768072035681226,0.9072469552129777,0.16451029327727748,1.0560886524610824,0.1235569872318939,0.1920446358733269,-2.1413289495628143,2019,4,10
2019-10-25,0.5645043306598122,0.4121991987824202,3.901280010905743,1.231621395030545,-1.0922221117825084,0.8101659706528954,0.40727005061090915,-7.731585825436421,2019,4,10
2019-10-28,2.4586226216438067,1.9520714447567853,1.1000420544692187,1.0016911660669925,0.8942089145920854,0.8036714007896752,0.5581337868471568,3.6363640475778705,2019,4,10
2019-10-29,-0.943184385223265,-2.19708982663464,-1.871479268254985,-2.312785159032646,-0.8086279290598682,-0.047507809030137536,-0.0832405314799095,0.6865000377177838,2019,4,10
2019-10-30,1.2461926835793031,0.0031748956604121833,0.039438693454453985,-0.012328937623020007,0.9803069503577533,-0.5599422714132285,0.32533701591457453,-6.590908319168499,2019,4,10
2019-10-31,-0.8574938192412707,-0.1507172807930833,-0.9753942456391986,2.2609605557274652,-0.18707552680410056,1.8060973328355563,-0.3022860563304665,7.218169901295868,2019,4,10
2019-11-01,0.2441266521253389,1.0684818847613706,0.7810552816892665,2.8380745809024206,0.8318962677863969,1.027926423122254,0.9662312168146109,-6.959153235332839,2019,4,11
2019-11-04,0.5775393258908155,1.3645294459433526,3.9044315383238533,0.6567156355965387,0.737957311606838,0.5681367798232891,0.3704089049704654,4.308940851646658,2019,4,11
2019-11-05,-0.0622674355542687,0.14190719546355357,-0.4227998390254566,-0.1436821588750294,-0.16346467664720277,-0.2054287981621582,-0.11856992143612524,2.104446292823359,2019,4,11
2019-11-06,-0.2768966540645202,-0.03331070899063724,-0.9446170127771389,0.04276258535139557,-0.32969200487783934,-1.4254898207054132,0.07024972279667425,-3.664125816283311,2019,4,11
2019-11-07,0.13881026359446175,1.233908544423623,0.3419315471237588,1.1541271632318673,-0.42153980904357113,-0.5899318985121239,0.2730095185150301,0.8716296170740653,2019,4,11
2019-11-08,1.1784538058211635,0.15763473688674046,-0.26877826820221606,0.27366971655893807,-0.12974492684963104,0.22057478500378974,0.25606760900243153,-5.184602287080402,2019,4,11
2019-11-11,0.10278023760855622,-0.8189562054002094,0.19251639849286953,0.7918798416276851,-0.7968083918385453,-0.6445300365276397,-0.1962467251431339,5.136701750083279,2019,4,11
2019-11-12,0.6570094943619812,-0.08243193170196683,0.6869158460545008,-0.09153418716107371,0.3584284648149528,2.563164644474515,0.1564646084632137,-0.078796497542654,2019,4,11
2019-11-13,0.16319403030113802,-0.07939076311611949,-0.496192720699573,0.9581620181027881,-1.3998865975055055,-0.6581920122098288,0.07115345908383941,2.52365683850654,2019,4,11
2019-11-14,0.5091366974582308,1.000631473959033,0.5849704077204534,-0.6919335923427692,0.0849929960200822,-0.02071273788802353,0.08370427393643967,0.3846168518066406,2019,4,11
2019-11-15,1.2900290467943067,1.8630480151303423,-2.66935121331193,1.1879447027798238,-0.8611658093562828,1.0095928920685786,0.7695488006902665,-7.662835137044459,2019,4,11
2019-11-18,0.24671037532529036,-1.0273502154184724,3.961982879190433,0.5042157846635389,0.7496454800304775,1.1788577448910726,0.05031528617669859,3.4024883064097753,2019,4,11
2019-11-19,0.03327990305410177,-0.5492741854779244,-2.020892110120846,-0.3032960495369315,0.014836251405155824,0.9726650064497914,-0.059259444620610134,3.2102698018110165,2019,4,11
2019-11-20,-0.17350627094312776,-0.8174902378853902,1.5337305539091353,-1.1640839639896003,-0.4142042998724219,-0.9081064115326328,-0.3756184245747171,-0.6220834046796934,2019,4,11
2019-11-21,-0.09353904154525201,-0.13210544171072056,-0.4735421342510812,-0.44839616446597164,-0.6198694786181745,0.21265683461018015,-0.1582752210685117,2.738657189223241,2019,4,11
2019-11-22,0.07358382719485038,-0.4976491612486293,0.3378287663263202,-0.0877617118086022,0.6346958441214592,0.4496548279757359,0.21749356911918566,-6.01675517873113,2019,4,11
2019-11-25,1.096330948922958,0.925249524642719,4.893516100042354,1.7533936412017646,1.6107946060533964,0.4878866793539686,0.7507291353015774,-3.808754142764271,2019,4,11
2019-11-26,0.5289585485469651,0.5637254266200739,-1.9031503094077127,-0.7808631994750915,1.3022581087476874,-0.4104456702727201,0.21955703874654678,-2.78011732845532,2019,4,11
2019-11-27,0.19079110407411048,-0.06626611543388478,0.6456293957760212,1.3431978065044081,1.200372676735709,1.5228434635050643,0.4174424362754663,1.819757702263043,2019,4,11
2019-11-29,-0.6171284541331223,-0.612734487353574,-0.6873334293139094,-0.22029104675681901,-0.9738720787676437,-0.17822349469855525,-0.4011219709926278,7.404254345183676,2019,4,11
2019-12-02,-1.2088753440272813,-1.1678693651213552,-3.4557436511326296,-1.1562097599850358,-1.0661917755568402,-0.962096459345003,-0.8631020716408453,18.14580017923334,2019,4,12
2019-12-03,-0.16048316788678704,0.4562174732373178,-0.7598843264885411,-1.7830116950648554,-0.6533461163659074,-0.44066385663850866,-0.663809511563528,7.042254872437903,2019,4,12
2019-12-04,0.3616567320618985,1.8690992076811377,0.8475632291590941,0.8826317105282036,-0.5237417464897527,-0.05532775409694554,0.6323567471394653,-7.268169452628588,2019,4,12
2019-12-05,0.05339807027970269,0.6080884872625887,-0.32471731613183097,1.4671268525250452,-1.147843226773395,0.3271198263265213,0.1500251179130132,-1.8918900632614695,2019,4,12
2019-12-06,1.2138697580033901,0.936689523768865,1.643192984406883,1.9315764496336234,0.6389039145533082,0.8477014010153254,0.9135724328457224,-6.198350852829142,2019,4,12
2019-12-09,-0.2569991582639324,0.26878377468228326,0.0,-1.4000065767016017,-0.11931926776630533,0.14423923841192574,-0.31628213934465227,16.446400807192187,2019,4,12
2019-12-10,-0.15194127454274978,-0.007450659440673265,0.8530893353842893,0.5844274683046429,-0.5887355634324586,-0.23343534768133517,-0.10969340964486116,-1.1349265788015512,2019,4,12
2019-12-11,0.3771468048477303,0.10127920159662333,1.5702697670515957,0.8529870002374063,0.5467935101741196,0.6919995339049684,0.29081580403157964,-4.400513524415278,2019,4,12
2019-12-12,1.0151726292527372,0.315428621162141,3.096532297581441,0.25483157435861553,0.663920342821911,-2.7242187388919836,0.8575225775086268,-7.0046711592213695,2019,4,12
2019-12-13,0.8418100907868492,-0.12013988008158644,-0.035732529262963934,1.3593192667284786,0.03464655958449786,-1.341797427177473,0.007258178414501009,-9.397413955347927,2019,4,12
2019-12-16,0.6471201539241133,1.026817681256654,0.5178958160612188,1.711811961924938,0.46964185941401476,1.9627888832180782,0.7147785279833706,-3.8796497757581734,2019,4,12
2019-12-17,-0.5400531272619408,-0.4269663531507266,1.3946455873951036,0.19648740558518676,1.212399291227583,0.2374768140950411,0.033529222633808795,1.235581666295226,2019,4,12
2019-12-18,-0.2068884050663345,-0.21996590528468085,0.5343816954733506,-0.23893093067037588,-0.37025141903436554,2.071679509499319,-0.04323001718647455,2.359641682287707,2019,4,12
2019-12-19,0.8680850743449992,0.33509435887298616,2.5924900389299337,0.10008648568580929,0.4624344595139559,1.7580205877910253,0.44592920048636253,-0.6359294450813223,2019,4,12
2019-12-20,1.0917327086685713,-0.38482961679781447,1.660576246906725,-0.20712279311218287,-0.3224958934558023,0.11647712049631627,0.4944781081796631,0.0800018310546875,2019,4,12
2019-12-23,0.0,-0.04366835609544971,-0.22978075226791697,1.6318189099448321,0.363845047568305,-0.058167077344769454,0.08661436002121249,0.7993559229882466,2019,4,12
2019-12-24,-0.01907409815407851,-0.4590428884540029,-0.08374177461559185,0.09509378533947198,-0.2113763504091917,-0.5141268719136463,-0.019544819997962978,0.47581618755181965,2019,4,12
2019-12-26,0.8196965121793914,1.3418347805526245,0.23888739904139566,1.984050788562009,4.446651549531898,1.3016797853782927,0.5128166675301091,-0.1578568085496187,2019,4,12
2019-12-27,0.18276614448688697,-0.5746727087408621,-0.9699370518504036,-0.03796142555315337,0.0551147689535812,0.14919671052300482,0.0033984717125456576,6.166013519106583,2019,4,12
2019-12-30,-0.8618562379397908,-1.1021574384973376,-1.9208694027617716,0.5934791085318729,-1.2252649580489379,-1.773186831572414,-0.5780822450430341,10.349957990043727,2019,4,12
2019-12-31,0.06980725923793828,-0.02390048023878418,1.2826756182891317,0.7307047479453853,0.05143848474418484,0.4109568635228085,0.294602166191061,-7.017543746753517,2019,4,12
2020-01-02,1.851595951034914,2.18683058346974,1.959194640633202,2.2816233061433078,2.7150610354876847,2.2070455766405197,0.8378802677341776,-9.506527513262336,2020,1,1
2020-01-03,-1.2451785373305329,-0.5231391090911278,-1.6005755496461542,-0.972223555305182,-1.2139034655920933,-0.529121784513764,-0.7059870562045373,12.429832859211135,2020,1,1
2020-01-06,0.25849749058683846,2.6654173682851954,0.41935294885753155,0.7968348572992142,1.4885573930506535,1.8833486772266848,0.35333728907272527,-1.2125539995956747,2020,1,1
2020-01-07,-0.9117519820231873,-0.1931571340278576,1.210663882277565,-0.4703080777853295,0.20916204156393933,0.2163772546440492,-0.2803238652896197,-0.4332160141813088,2020,1,1
2020-01-08,1.592812440265692,0.7117798988439673,0.1875432971339646,1.6086291266786679,-0.7808640261289331,1.0137949885736488,0.4902451368978096,-2.465555863150294,2020,1,1
2020-01-09,1.2492805623370804,1.049781317015113,1.0982720907460184,2.1240687882068765,0.4799174786468337,1.4310923587946809,0.6655262605489005,-6.76579821796911,2020,1,1
2020-01-10,-0.4626960577570878,0.6458559806326692,0.5349221608140036,0.22608217002868872,-0.9410596802031284,-0.1099462892616635,-0.28551786896625714,0.15949328408703137,2020,1,1
2020-01-13,1.2024327597343607,0.7746925646599668,3.1352441013329533,2.136407629376835,0.43225782456994416,1.7655763183851398,0.6976215252569856,-1.9108337322794828,2020,1,1
2020-01-14,-0.7043044418999502,-0.6555181543892777,-1.8652222752392693,-1.3502898825507665,-1.1558211718052631,-1.284302490613905,-0.15145327728022642,0.5681870960430565,2020,1,1
2020-01-15,0.6476304642295854,0.6018113200400469,-0.6915561728234172,-0.42859491929157373,-0.39691265489249455,0.954064271534911,0.18701968845122563,0.24212858869982942,2020,1,1
2020-01-16,1.8323274202553554,0.7615649052271576,1.3682791511932528,1.2526943821724696,0.8549911029593374,0.2803600864647001,0.8366553026468181,-0.8051560455349537,2020,1,1
2020-01-17,0.5596593006493027,2.0245985292515964,0.1406077751237282,1.1070781147042064,-0.7039661442328224,0.16684289418471382,0.386216224850125,-1.7857087565263219,2020,1,1
2020-01-21,-0.3590606866561074,0.18451850803665815,-0.5375637885200247,-0.6776770888848116,1.4629525206926748,-0.31511659687921173,-0.2651977647365576,6.198346912026306,2020,1,1
2020-01-22,-0.48047600271577184,0.10928792627535988,0.8752151347146002,0.3569515794732127,-0.23995494624704353,-0.054183212038034646,0.028907607111800685,0.46692190008729273,2020,1,1
2020-01-23,0.61556722238004,0.055253450565538674,1.0995226612614446,0.4815616741761729,-0.1525911225678188,-0.704867848309265,0.11409766124783623,0.5422129794854385,2020,1,1
2020-01-24,-1.0076884705474103,-1.2473789582357608,-0.941229983387337,-0.28817348482412675,-1.2172426638861682,-0.8281845880046195,-0.9042160974207373,12.172580378289846,2020,1,1
2020-01-27,-1.6722717152270181,-2.348975072969085,-4.10411548012684,-2.94053161677835,-1.788746376771206,-1.4086380444185147,-1.573071165918236,25.206037203646204,2020,1,1
2020-01-28,1.9595467724962776,1.310991636271403,3.234803174733484,2.828919521070471,1.3624365924513584,1.35896064113598,1.005358459504612,-10.696647858234714,2020,1,1
2020-01-29,1.5592669639439942,0.42743678233868365,-0.9799424283146497,2.093255250339439,0.25630978623368617,2.4978198623777095,-0.08668741908683637,0.6756676803654048,2020,1,1
2020-01-30,2.8207782466875004,-0.16820743209062172,0.10992531625109594,-0.14489820595802672,0.6824489189870825,-6.1371660596223805,0.3134358792605464,-5.491151019192187,2020,1,1
2020-01-31,-1.4758577623279483,-1.4763299841935962,-3.815926858312953,-4.433882821808467,7.379135586484746,-3.63671113006995,-1.7705820375526278,21.626858818396887,2020,1,1
2020-02-03,2.4378520176497656,3.477138146266956,1.6495281968360933,-0.27462376513470593,-0.2250168580332925,1.1292111973319,0.7254613892351721,-4.617838812033629,2020,1,2
2020-02-04,3.291660815518458,-2.508418936540848,2.829418610525953,3.3013375498536788,2.2687342140775693,2.762148279809604,1.4980414164082174,-10.684474956362896,2020,1,2
2020-02-05,-0.1221331685294335,0.04425211371738843,1.468898645807153,0.8154361072481344,-0.47812367371396275,0.1334178909404752,1.1250595897853612,-5.607474525307843,2020,1,2
2020-02-06,2.073392121301959,2.069092824140683,1.3917542886141268,1.1697060232813778,0.5078732889244352,0.35221826436366094,0.3325672876785742,-1.2541226743722715,2020,1,2
2020-02-07,0.1415905772248827,0.21274736130901684,-1.0462046431206367,-1.3592469824709197,1.4169136390608577,0.7019203214896891,-0.5400853672730086,3.409092430356754,2020,1,2
2020-02-10,2.6156825608170884,1.9978360366916255,4.523240367593336,0.47496836901850537,2.6273579599096455,0.34379884102968433,0.7326397804890574,-2.779575292524334,2020,1,2
2020-02-11,-2.2575674481060006,0.09278330949381516,1.8708862848089063,-0.6033568685791298,0.7915025985726067,-2.7551072480404932,0.16884725532351733,0.9308533489218503,2020,1,2
2020-02-12,0.1464125511675939,0.5675403265885078,1.73581559445766,2.3747888455260466,0.42774695978846555,1.7230652618677982,0.6462646466197602,-9.486169335363147,2020,1,2
2020-02-13,-0.5414037397941144,-0.34504748546353536,-0.6457878310301355,-0.7121306486921299,-0.46898170753761576,1.1292524184376314,-0.16304457368023223,2.9839872943370764,2020,1,2
2020-02-14,0.8927298127507147,0.35284376532146333,7.02046383483285,0.02460286893383385,-0.6977166077050331,0.48792961345656843,0.18435333204338342,-3.321550007245229,2020,1,2
2020-02-18,1.014273260345697,0.046747974896378025,2.3396361598583577,-1.8310186000180122,0.9742990607446856,1.6901667139841259,-0.2919942636890142,8.406429772484545,2020,1,2
2020-02-19,0.29993692435716474,0.3573860113390907,6.1132065171764,1.4482606526381783,0.6749650094826373,-0.14231851088913836,0.47057858811646003,-3.0343884799743184,2020,1,2
2020-02-20,-1.5271506291151953,-0.5167807356579213,-1.9065452871783097,-1.0258857234321546,-0.7888626914309282,-1.3379937256950585,-0.3815519763628118,8.205843503372314,2020,1,2
2020-02-21,-3.161244700219511,-2.2102996996762347,-4.739252738894823,-2.2634932359542557,-2.6533823330561885,-2.050523398975061,-1.0518103027122876,9.768634081610125,2020,1,2
2020-02-24,-4.3115718309859155,-4.287279456951105,-7.069748789241611,-4.750067413466197,-4.135555023464,-4.50089499575038,-3.351362667122313,46.54567212207835,2020,1,2
2020-02-25,-1.650153761951347,-2.3621745888287715,-4.109324523214163,-3.3872215185023333,-1.8190498951138143,-1.9679186929903718,-3.0279995565056126,11.266478695419293,2020,1,2
2020-02-26,1.2494703199076191,0.2993492335546972,2.137007366918604,1.586393110589053,0.34723154160609976,0.21852098184384502,-0.3778540605321971,-1.041295912226625,2020,1,2
2020-02-27,-7.04588300201538,-5.431269085954454,-5.56658612092411,-6.536830295311706,-4.813626546727272,-3.777894061250543,-4.416324258407911,42.089987685974286,2020,1,2
2020-02-28,2.4212612528994764,1.8479581976592132,6.916066972293111,-0.058478173983486766,-0.029184672249004527,1.4334819073887308,-0.8238340444361901,2.425946799390077,2020,1,2
2020-03-02,6.653932605929177,3.514692638249424,2.3549650493603473,9.31002549295042,3.7266114253276377,2.062650313611122,4.603922900611009,-16.67913821891017,2020,1,3
2020-03-03,-4.79194832087277,-3.505699550332101,-3.8129029009771913,-3.1758965578659373,-2.300981140232403,-5.37059451522513,-2.810789612107589,10.1735538963562,2020,1,3
2020-03-04,3.6714997307498365,3.2801915066673355,7.002891558099552,4.638468485906954,3.5013229015638303,3.1577736909551333,4.220259077449128,-13.117870623950623,2020,1,3
2020-03-05,-2.509515479810117,-4.8378634077303175,-3.9436050111030525,-3.243717813942272,-2.621679431428351,-3.4365840025085554,-3.3922077046888486,23.851201048320313,2020,1,3
2020-03-06,-2.8267068146720953,-1.4466414204303897,-2.6528906517710995,-1.327981500918394,-1.1922924014239307,-2.2033648730139523,-1.7053852000370093,5.855627858074387,2020,1,3
2020-03-09,-6.777276330033542,-6.170223660665172,-7.743184708896202,-7.90922520603547,-5.285383245165356,-6.400140019436954,-7.596969747745101,29.85217183529057,2020,1,3
2020-03-10,6.838423418503095,4.884061900760474,6.372236514939608,7.20219189142657,5.065506668458684,5.126848383743614,4.939630628156136,-13.147263987842281,2020,1,3
2020-03-11,-4.53024909572387,-5.04012040800374,-5.595985837204213,-3.47309607393907,-3.7508896429749012,-4.461534385328714,-4.886844513127399,13.953493436099503,2020,1,3
2020-03-12,-9.483826714286971,-8.204642408013015,-12.236787505323111,-9.875471402806166,-7.922082514747945,-9.263396910093228,-9.511268097833657,40.01855117660406,2020,1,3
2020-03-13,14.216895392918039,9.241164876759655,11.340212033024352,11.980832420033654,6.464833687376517,10.234991769643194,9.287124972971846,-23.37352471753954,2020,1,3
2020-03-16,-14.739012708430781,-11.634153668218136,-18.45207942436661,-12.864689894563186,-5.369751660429797,-14.252977039312794,-11.984055240393438,42.98806817087416,2020,1,3
2020-03-17,8.23368313137802,4.199437993695022,10.626272955165234,4.397001497294106,7.026613247879656,2.3354278298189484,5.99548497440244,-8.199296866753814,2020,1,3
2020-03-18,-4.209653084219971,-2.4032564881653595,-6.650720443244894,-2.447991629840678,1.225774106041091,-1.6463429256533022,-5.183076272915786,0.71135984729553,2020,1,3
2020-03-19,1.645336091287677,1.8768208965404525,5.004428744008956,-0.7662194138600217,2.7830613766863044,4.198403546186865,0.4707808040585514,-5.820794147650396,2020,1,3
2020-03-20,-3.755841694080849,-3.9094259420828816,-3.39012557604257,-6.348547666947078,-1.8522798541688992,-2.2203415414104124,-4.335951230846194,-8.277776506212023,2020,1,3
2020-03-23,-0.9975171073926065,-1.3180834950980604,3.372988567809687,-2.124420317952695,3.0735291504301965,-1.088606666660504,-2.929386782180441,-6.738341461611289,2020,1,3
2020-03-24,9.089573470712722,7.198362293974249,17.156430543945802,10.032546669100695,1.9586561347294191,8.69681336289417,9.38277397622755,0.1298879950628812,2020,1,3
2020-03-25,-0.9572245793958128,-2.5123751046243985,-1.4286774885588476,-0.5508610348035464,-2.796760490014699,-2.9630948660941385,1.1535011448222035,3.6971017702125764,2020,1,3
2020-03-26,6.255078641698376,5.564515250019494,4.730894095416644,5.262295782563508,3.6933124503753976,4.564365025945427,6.241416330387675,-4.612980027748567,2020,1,3
2020-03-27,-4.106061023232907,-4.528246764055904,-1.7532322791125339,-4.140222473933374,-2.8325389436650106,-4.0100552663045015,-3.3687352562252575,7.4426244516841695,2020,1,3
2020-03-30,7.034066035103227,3.2469839149990283,5.088439725177833,2.8537908505528558,3.360354691971368,5.84220499873472,3.351600948370012,-12.908146118851157,2020,1,3
2020-03-31,-1.5727220035499951,1.3643925224545594,-0.7492618035639579,-0.20406190160886115,-0.7245622950859156,0.5122224369070009,-1.6012721914555563,-6.2018234091951046,2020,1,3
2020-04-01,-3.5508429559456456,-5.150830164072037,-7.788340750298558,-5.261723389309441,-2.155179126735398,-4.316545502337251,-4.414243033166545,6.574524463152976,2020,2,4
2020-04-02,2.070865766733518,1.3546968672652404,5.101410028520462,1.6686692402984722,0.5834205106051261,-0.8834754402152841,2.2829347234871484,-10.778130700777789,2020,2,4
2020-04-03,-0.9210097793327882,-2.178122621869826,-4.524985550956909,-1.4371432569642775,-0.6378882191073191,-2.534925672848541,-1.5137125124949493,-8.073071346827916,2020,2,4
2020-04-06,7.436768603773079,8.28133817185301,10.04057490228824,8.723721892675032,4.772922477644708,7.374514782713123,7.033131865275062,-3.333328170993645,2020,2,4
2020-04-07,-1.0770449540346985,-0.053239653054927595,-3.4910402488119803,-1.1582054104613748,0.7013456003121437,1.9812713544914553,-0.16030527844311954,3.2272303941305607,2020,2,4
2020-04-08,1.0031353641943812,2.0666999613442414,3.0575691180590066,2.5594533303227016,1.560946178407676,3.228079853230344,3.4056452879630417,-7.173452321390282,2020,2,4
2020-04-09,0.0060637765005068425,-0.035634707516404365,-1.498408004780474,0.7216006492148985,-0.01174844583298012,0.5221713241855699,1.4487410153376472,-3.875433366344179,2020,2,4
2020-04-13,0.22403418280846182,0.3182622231927232,2.624048159835221,1.962784747369372,6.173506614263288,-0.22832102410011365,-1.0104660822607445,-1.1999040604053264,2020,2,4
2020-04-14,4.948363222405707,4.52904215109042,5.2251420104887325,5.050341957043797,5.276944986128374,1.933758554687311,3.0572589146256117,-8.282730141057634,2020,2,4
2020-04-15,-1.047776592214025,-0.6267541816868664,-1.0952788640210245,-0.912732229246627,1.0668695718768673,-0.6735152062904115,-2.2030438529415752,8.156784872784993,2020,2,4
2020-04-16,3.00208786490806,0.010333741275319578,4.935225536012333,0.794546941460401,4.355454239370859,-0.406861481653606,0.5816689462164546,-1.7874621437533724,2020,2,4
2020-04-17,0.8811210799723246,1.7154013212232933,-0.8076104682969795,-1.356861646169807,-1.3782136130354523,1.6964549190447913,2.6793594848223465,-4.886559597724915,2020,2,4
2020-04-20,-1.982032685412995,-1.3956146936912626,-1.8028233855968772,-2.0756820716879467,0.7835757606907894,-0.5579136332947783,-1.7881048034014715,14.88859784533108,2020,2,4
2020-04-21,-4.135758658303841,-3.8845499912175008,-6.110458511957725,-3.091033880184534,-2.7360330959314614,-4.174144618769177,-3.0674795694063377,3.604832193362932,2020,2,4
2020-04-22,3.3964710076000033,3.815503562906153,6.174188278247371,2.880378031878481,1.5192527091639185,6.721318678469119,2.2930247703843802,-7.553403031714071,2020,2,4
2020-04-23,-1.2101898123214958,1.0139663813530397,-0.7478505861148663,-0.38755066878445743,1.5214823484082758,1.5635176844664356,-0.053942211974316354,-1.429248405582834,2020,2,4
2020-04-24,1.8259148051047482,0.4271743640159186,1.9647269573441788,2.886963904102954,0.448851118687423,2.6683950520883086,1.3918057304545486,-13.170615326877972,2020,2,4
2020-04-27,-0.2864391649714543,-0.4496314389653087,2.5863972188451507,0.07068725908226293,-1.4197861710760542,-1.3521408782616877,1.4714069804799554,-7.347618611815434,2020,2,4
2020-04-28,-2.4360849458639056,-3.011348185241242,-1.9253961580741135,-1.6209754357549657,-2.6060611042559305,-2.4480000524920604,-0.5242380698498946,0.8410897314402779,2020,2,4
2020-04-29,4.4873748026942595,8.891015664858186,2.436847636012568,3.2845110081381885,2.5336164749658026,6.166984421867701,2.6583916282166986,-6.970509901281498,2020,2,4
2020-04-30,1.0032033188364693,0.33677807422536915,-2.070630180846859,2.1096245089592283,4.268957423996412,5.417370430392963,-0.9212446303987638,9.349990478525259,2020,2,4
2020-05-01,-2.5891588629231217,-2.1816470913143915,-3.2502959903708923,-1.6099167455071672,-7.597409237648922,-1.191931976572887,-2.80590340784922,8.901894480228252,2020,2,5
2020-05-04,2.4460090121460354,0.423602892825979,3.009384488517309,1.4148419499670586,1.3101236487597745,1.4782154699043568,0.4249827591976532,-3.2804448804945254,2020,2,5
2020-05-05,1.0735981222182036,1.9744562088150701,0.8410866207337725,1.500893224548706,0.07815221854264495,0.8818194289324252,0.9040556385797394,-6.561024548960052,2020,2,5
2020-05-06,0.9847044323722384,-0.2661232750656379,1.378782608241643,1.0317185094472587,1.4436139090531928,0.6760998523937282,-0.6979410390386351,1.5174005125609205,2020,2,5
2020-05-07,0.5807331524550197,1.7726610717202957,2.377509327627371,1.03453390835006,0.6953694859791069,1.3383165469292326,1.1504630788313972,-7.85462626530952,2020,2,5
2020-05-08,0.5882262681209456,1.0998736346016342,2.5026963452448743,2.3801464844796603,0.5068389389295911,0.5159662735092957,1.6871538638701964,-11.005092026233324,2020,2,5
2020-05-11,1.1154499648362821,1.3905322022197628,3.2384001680386474,1.5735416374475835,1.2350743942999212,0.3908471277816418,0.013307822091167997,-1.4653318588987359,2020,2,5
2020-05-12,-2.265203576856827,-2.024091993193911,-3.2607887002029363,-1.142792763226355,-2.160642052362287,-1.4447942931923916,-2.050031752887713,19.84041088593128,2020,2,5
2020-05-13,-1.5122269918471432,-1.9524654582187928,-0.28835731171747875,-1.2074302277493063,0.46543205752394,-2.379807905210263,-1.746272460422803,6.779654363498613,2020,2,5
2020-05-14,0.4339229189683362,0.6326473526473526,3.219801833328775,0.6143054770526,0.8838926123896399,0.8337323553656979,1.152482269503546,-7.5680222826768615,2020,2,5
2020-05-15,1.4568416869986685,1.193896821955394,5.731247434855858,-0.5911978119775089,0.8761547889003317,1.9679926341282663,0.39263632504382123,-2.20791538554762,2020,2,5
2020-05-18,0.9554271965003617,0.8827169200060004,3.0562758315806065,2.35612557207652,0.6838841203809296,1.095399552324858,3.1501191631680734,-8.121668868481102,2020,2,5
2020-05-19,-0.6922136541689788,-0.7782397381143876,0.631395330112986,-0.5778417667055183,0.9508426590011104,1.7308659198735037,-1.0484399194493197,4.197957275129124,2020,2,5
2020-05-20,1.3870639585343094,2.5291047367300994,1.868160864436691,1.9448192992039524,1.9846275173532102,6.035598520773604,1.6651100259080036,-8.319688366854168,2020,2,5
2020-05-21,-1.2011277428334064,-0.1710309080248956,-2.171149100360907,-0.7455340428523358,-2.049693045417061,0.6174616977812706,-0.7773596407737118,5.501968303395319,2020,2,5
2020-05-22,0.04363679518283388,0.4613686763705722,2.860323664639776,0.6438291450418082,-0.4029821100215124,1.5212578189493642,0.23537113264884765,-4.6393525478411535,2020,2,5
2020-05-26,-1.0571839704637942,0.5752468899523615,-3.4177649911307153,-0.6773486716780386,-0.6163614455975475,-1.153654893503139,1.228918403608006,-0.5326691027807599,2020,2,5
2020-05-27,0.13219837713937105,-0.07665801384912906,-2.2081655428714364,0.43566140195618225,-0.4736042347035661,-1.3178118320529038,1.4827297215913775,-1.3923576810481388,2020,2,5
2020-05-28,-0.22552307340064798,-0.14363539760623567,-0.44867976434699247,0.04404200368625131,-0.3854151605534613,-1.6060007544969988,-0.21079145460738627,3.5119452711117836,2020,2,5
2020-05-29,1.0198424982782708,1.0773822665340698,4.5776077941873385,-0.09739446531240756,1.71879509011557,-0.16411905053094672,0.48123358249715104,-3.777544308996081,2020,2,5
2020-06-01,-0.22919992904026965,0.09417809690228159,-0.7802582818204615,1.2297902034538852,1.1738616181262447,3.029896619701874,0.37512348135377427,2.6172275803858005,2020,2,6
2020-06-02,1.1376741387694291,0.518500653476687,0.21575553076274184,0.4629576583826096,0.05543957444538195,0.349261308585685,0.8210832780053483,-4.923837804420752,2020,2,6
2020-06-03,0.24336863446077986,-0.21214093817398055,-0.6316991981815717,0.5504565692603505,0.24227334056401006,-1.1000224545625517,1.3648979133831032,-4.396424360906743,2020,2,6
2020-06-04,-1.3163541309681899,-1.7335505173772727,0.011422124447379584,-0.8612275429944847,-0.718204811813396,-1.6814422892791665,-0.3368702231114394,0.5845659369534305,2020,2,6
2020-06-05,2.3398134341784584,1.8185556547626498,1.750948310571111,2.848123175276701,0.9103493113018726,1.9797592443132257,2.621165081839879,-4.998059027009787,2020,2,6
2020-06-08,0.6196736345505184,0.556948428471964,-1.2891820307841952,0.5912547541170338,1.6536458949464035,0.2730044409619816,1.2041579421169168,5.261007276083731,2020,2,6
2020-06-09,0.7645034358378681,0.2789995732722576,2.737052376339778,3.1577988227963725,3.042713920230593,3.141746333974659,-0.7799170822611614,6.819063406817372,2020,2,6
2020-06-10,3.7091372719708082,0.8690927633734102,3.5457563118262523,2.5727587959828955,1.791329255812087,-0.8128385578910192,-0.5313091072437339,0.0,2020,2,6
2020-06-11,-5.369838698746243,-4.287570513339952,-6.090681084973498,-4.80104722705296,-3.380230045218742,-5.195797431090724,-5.894405927443823,47.9506759776459,2020,2,6
2020-06-12,0.7891807030671084,0.7860990870498115,1.5489586273052618,0.8633523948720576,-0.5058743377937057,1.8491241438098032,1.3060843963234723,-11.522433580408,2020,2,6
2020-06-15,0.6391830769974044,0.5534450283319576,2.7008166816239503,1.2367395504913448,1.086830941079773,1.714937239867445,0.831221704128518,-4.682733775460514,2020,2,6
2020-06-16,2.4505145349812842,1.8110384245527067,-1.1473187523368098,2.6502185993614416,1.6554731239912703,1.354852079346352,1.8962398193802552,-2.122102687653711,2020,2,6
2020-06-17,0.34612521796102513,0.4196240464831356,1.8470784024450078,-0.13919817589424913,0.9830663019560623,-0.05092894420330855,-0.360029955617401,-0.5939915625735012,2020,2,6
2020-06-18,1.070845017690799,-1.2681098174305512,-0.19492752743700126,0.03983018696072814,0.49224846466295274,0.1740850090098231,0.05942198825282652,-1.583515311216372,2020,2,6
2020-06-19,-0.595997555661805,-0.6610317986973437,0.46921372194451383,-0.5714516655571287,0.7923935918584838,1.2079192458327923,-0.564949480946297,6.618094705711844,2020,2,6
2020-06-22,2.777366464761333,1.8264058626867479,2.8667916501230146,2.6163691699602603,1.4508287231048456,0.18007418971605776,0.6495095537691564,-9.538720318922604,2020,2,6
2020-06-23,0.6681066326103462,0.9182166595709187,-0.8056451174943129,2.134469084332814,1.8641697717608203,1.2624449951624672,0.4307419569164079,-1.2590481988253326,2020,2,6
2020-06-24,-2.015752842067836,-2.1366429400930302,-2.269796542777399,-1.7651865325359606,-1.0855867894828004,-3.3933392750771993,-2.5855145939064528,7.873762343880296,2020,2,6
2020-06-25,1.2636404201023406,0.5863121623644261,2.7556278232222864,1.3275342197742652,0.738006638778529,0.709349795982419,1.0959447267809772,-4.7872308645982,2020,2,6
2020-06-26,-2.0015726607992783,-5.451394793761264,-3.530009436551934,-3.0725677582238706,-2.240276315369644,-8.316367878913637,-2.422690504478595,7.79018692252684,2020,2,6
2020-06-29,1.0746787676984089,2.5415718663237774,0.49155194156214516,2.304676289130253,-0.4638148068063494,2.1103421132885742,1.4685678433118712,-8.494094138997113,2020,2,6
2020-06-30,2.554944203730225,1.4944335696264903,3.2363820786843314,0.8347421689287171,2.9264486024190406,2.9142469851764172,1.5409875731554699,-4.247955797046346,2020,2,6
2020-07-01,0.5847383964803524,1.688937561559282,0.33952740343649185,-0.1891313333508439,4.345338619557459,4.615320327828817,0.5022132820864479,-5.948075740355886,2020,3,7
2020-07-02,0.7620845861032298,1.936912392865851,0.8630773423824973,0.0,0.4029609482701228,-1.7385929398332698,0.45412508443640986,-3.284418261683027,2020,3,7
2020-07-06,2.152619671531972,2.021864212822256,2.361568144481175,2.6750079076682134,5.768955229869068,2.9389060079912763,1.5881725867458896,0.9393071749107584,2020,3,7
2020-07-07,-1.1627811294412589,-0.6488173961816204,0.3303138468417597,-0.3102579803537565,-1.8619371729473453,0.2413984250380031,-1.0818532028197194,5.332855199132586,2020,3,7
2020-07-08,2.199285503560572,0.9181777623392342,3.4872256151739562,2.3289925819691435,2.6995584181255774,1.1292934393063916,0.7827461915415473,-4.587157211929439,2020,3,7
2020-07-09,0.7001088967769133,1.001578314111537,2.868068098446786,0.43003602408129005,3.2949191382365273,0.37766987931345264,-0.5643606159361075,4.202280300505223,2020,3,7
2020-07-10,-0.30329596445809637,1.3400016137514328,-0.2831244430161346,0.17493824123784318,0.5457748808544611,0.23314361651809345,1.0466201273244402,-6.732738543897733,2020,3,7
2020-07-13,-3.0888962936054427,-1.740061371919876,-4.074698151883133,-0.4613251896105923,-3.000001907348633,-2.4768366621901774,-0.9362541127788266,17.955285990458364,2020,3,7
2020-07-14,0.618154934587247,0.5706755623918086,3.230602142881992,1.654856910452893,-0.6443299095769255,0.30544079567877425,1.3406370782668013,-8.294496063537999,2020,3,7
2020-07-15,-0.1488006033389832,-0.2616932730941479,-1.4430659396847796,0.6877299909217368,-2.436122126125274,0.22941101566752403,0.9082050740923028,-5.9620603034881094,2020,3,7
2020-07-16,-1.98035670604431,-0.12921098991632646,-0.9044553515396032,-1.2305149054462312,-0.2981196241378209,0.2705259864121302,-0.3406101245536657,0.8645524824904915,2020,3,7
2020-07-17,-0.51000224916479,0.1273763151591838,0.6586183054085373,-0.20201748080625762,-1.2643752761932974,0.4565559505561019,0.2848612194617331,-8.285713195800781,2020,3,7
2020-07-20,4.298080902315371,3.0978883140876285,3.0314086870967625,2.107415575152873,7.929519957328533,1.4006582212978738,0.8406938747142558,-4.750783513258895,2020,3,7
2020-07-21,-1.3468590775629778,-0.5064622914952824,-1.7339229509979446,-1.38019280719905,-1.8314900474015086,-1.4953808633709327,0.16790373419136115,1.5535612524060198,2020,3,7
2020-07-22,1.4371130663833758,0.5739442754623834,1.0674306295783254,0.2809253004500231,-1.2229630062539694,-0.7776733387752444,0.574708206873968,-2.093399575561182,2020,3,7
2020-07-23,-4.349490691370601,-3.0737719230678047,-2.960115741108295,-4.551628013378465,-3.656879920179448,-3.0308087375345547,-1.2319859824192996,7.236843137199542,2020,3,7
2020-07-24,-0.6121811978986926,-0.5630477246786346,0.6392040886664656,-0.24773535176680117,0.7486874288995248,-0.8125497810542704,-0.6190400054688419,-0.9202445238506708,2020,3,7
2020-07-27,1.2667463628323454,1.4069649588204134,2.226688838727952,2.3700083676882167,1.5387648743417073,1.20929873538228,0.7395138795039488,-4.2569673954106415,2020,3,7
2020-07-28,-0.8977069145057647,-1.6855968817861788,-1.9766584627667023,-1.6427466349404365,-1.7962780502695352,-1.447544746426434,-0.6473392152297944,2.829429140725556,2020,3,7
2020-07-29,1.0097870025116538,1.3207909163541744,2.4472303872536787,1.916836340824684,1.106547426577949,1.3775522990113083,1.2428381678150124,-5.267296086703988,2020,3,7
2020-07-30,-0.07839535679209819,0.9753838620658019,1.4189522534046806,1.2100359041048245,0.6049030252796931,0.5186736215155221,-0.3750251937389157,2.738588535125407,2020,3,7
2020-07-31,0.5443796187886119,-3.2775023140619917,0.007040812430319651,10.468835668927975,3.6960821567137314,8.174827344012833,0.7670504990141404,-1.2116362747817622,2020,3,7
2020-08-03,5.624111714677469,-0.3487892936284836,3.725979319340373,2.519785213371373,-1.668096589563977,-0.6740983412560031,0.718102343932623,-0.7358888166983311,2020,3,8
2020-08-04,-1.500881002499071,-0.6380185730742749,1.9754260628184324,0.6677904765969174,0.8657119256458811,-0.8453676229766848,0.36119303819722715,-2.141682220172599,2020,3,8
2020-08-05,-0.1640955330745227,0.39298665469104505,0.5254690664102823,0.36248365974562485,2.1090645909052106,-0.2841978276400408,0.6429743053199458,-3.2407426361372083,2020,3,8
2020-08-06,1.6013964034905261,1.7483775518009943,0.43194474366921043,3.4889117908269505,0.6230860039218292,6.486843027173247,0.64276955596643,-1.4789045496861004,2020,3,8
2020-08-07,-1.7887735167520777,-0.43720678647386,-1.1997977910677307,-2.2735662349478605,-1.7841853651889532,1.1911868866022315,0.0633029548644246,-1.942607247099672,2020,3,8
2020-08-10,-1.9907814520221703,-0.10343754141662583,-0.308031866545474,1.4534870139274987,-0.6093187166982059,-2.0265243589098727,0.2742218294476013,-0.3601977802961002,2020,3,8
2020-08-11,-2.338513868065534,-1.0876404429670374,-2.821338861005677,-2.9740015328185607,-2.143799309240472,-2.6121694361083962,-0.7969132154236065,8.585637586680726,2020,3,8
2020-08-12,2.856706240879208,1.8033733409430037,5.440101259321863,3.3234377576535854,2.647804960583924,1.4680185301321793,1.3996549490237642,-7.282563254243057,2020,3,8
2020-08-13,-0.2342532688787031,0.6243368929187006,0.024060654624000557,1.7697634336726387,-0.03858318082136045,0.5425238352726176,-0.2047174350497916,-0.6732563790665241,2020,3,8
2020-08-14,0.09584436229384327,-0.7925472564028365,1.0574010411830541,-0.08913307568884248,-0.41125580829559294,-0.022953033737781483,-0.017188262276815844,-0.36149989489327855,2020,3,8
2020-08-17,0.6606160149816683,0.7716229690914965,6.6845487339496374,-0.26107330012805874,1.092431223433008,-0.030599297664292858,0.2709842511078744,-3.174598094381323,2020,3,8
2020-08-18,0.5754096962690937,2.6077687450511413,-0.6180652970384416,0.8332770563340999,4.087466955935782,0.4518046039010442,0.23033891540170237,0.7494137918188414,2020,3,8
2020-08-19,-0.6066780739512062,-0.7179746980733391,-0.9970659637336645,0.125461137573756,-1.570114590744905,0.09528194345619861,-0.4404395421410822,4.788473620109538,2020,3,8
2020-08-20,2.327114304946482,2.0484196191586346,0.02056126815903324,2.218966527066954,1.1314270642265807,2.444881728364695,0.3158632769134856,0.7985731611179804,2020,3,8
2020-08-21,-0.7269889032840109,-0.04313763865913726,4.4683353302467,5.153242762413068,-0.3836435250853739,-0.7434586783894369,0.34411070444764424,-0.7922464932529639,2020,3,8
2020-08-24,0.3145303046945135,0.6080176056417155,0.2897504790461183,1.1960319636690018,0.6923017605080937,1.640407415607277,1.0043718303008595,-0.7542150372178368,2020,3,8
2020-08-25,1.3009191608226418,1.3058685958253808,0.2338994527608443,-0.8203827394521416,1.1800549645987202,3.4746782119812787,0.3596351153290653,-1.5198933385446496,2020,3,8
2020-08-26,2.161984126027061,2.383786261702186,0.18038430235009073,1.3599227917078718,2.8495561372845595,8.222361685209401,1.0195626139484049,5.6286869381254565,2020,3,8
2020-08-27,2.4553418675762133,-0.9494333708011927,-1.133268485408917,-1.1954469878832732,-1.2159151584988244,-3.5174840397964453,0.1673044010903876,5.15684929946127,2020,3,8
2020-08-28,1.0283334163831488,0.6699302183987069,4.1138125520650775,-0.16200516946742405,0.05293902228860294,0.1500510677122095,0.6732565355285893,-6.170822522490852,2020,3,8
2020-08-31,-1.4765603547035828,-0.6038460678923999,1.7246349627475233,3.391243474426963,1.4451219151166708,-0.15664462930754403,-0.21949627140286995,15.026136326253658,2020,3,8
2020-09-01,0.7715423554406365,1.567919892879134,3.369350582738727,3.983254580121031,1.3955475832999795,0.7639752139199834,0.7525003016613344,-1.0980651641583694,2020,3,9
2020-09-02,1.927198104969663,3.764766569404888,3.8021851909859143,-2.071866375601143,0.9239471142122443,2.3896586136542464,1.5365910154807583,1.7228133274594006,2020,3,9
2020-09-03,-6.194687390012539,-5.117055489154783,-9.277531610287005,-8.006067623436936,-4.628410915968097,-3.7619803848222175,-3.512584371534127,26.45840745216984,2020,3,9
2020-09-04,-1.4035860396959967,-2.964093112190071,-3.019470193041749,0.06620143899310306,-2.1787358799564562,-2.881995549354088,-0.8133027264274841,-8.482138701036485,2020,3,9
2020-09-08,-5.40956666523399,-3.64341772803817,-5.620909170514962,-6.7295144754792755,-4.394435952982134,-4.092214424198883,-2.775634210236102,2.308940112106199,2020,3,9
2020-09-09,4.258367424574979,1.5509479250001668,6.732127295430779,3.9886633183037894,3.7706624181457626,0.9440816080693389,2.014498633677474,-8.423393819608224,2020,3,9
2020-09-10,-2.8018485307460996,-1.368895463487299,-3.1714402021945385,-3.264586264540273,-2.8605451002144515,-2.0568533743607307,-1.7584796590179383,3.1239140410058113,2020,3,9
2020-09-11,-0.6524696621219179,-0.6742915696707599,-1.1960364779456365,-1.3128964838709052,-1.8547317429499623,-0.5520646149641864,0.05330721905940359,-9.559065408128966,2020,3,9
2020-09-14,0.6763700693253811,-0.457224105317947,5.818170995315653,3.0000125006373217,-0.4251985314207985,-0.17253768955236762,1.2741829089357515,-3.7960566650759078,2020,3,9
2020-09-15,1.640605892437509,1.742442754088593,0.9225248344167593,0.15602271687484923,1.7132004407634602,2.355830929143176,0.5219359577688979,-1.0058035785106374,2020,3,9
2020-09-16,-1.78655353957473,-1.5002199127208227,-3.6679142986946975,-2.9513244879602123,-2.472334431798393,-3.2670208211397975,-0.46189465962114845,1.7585023847447887,2020,3,9
2020-09-17,-1.0436467168467256,-1.6566397224993064,-0.4075141491484182,-1.596388054355674,-2.253666798925039,-3.301447620021366,-0.8412365876402532,1.6128961373994137,2020,3,9
2020-09-18,-1.2419523332511453,-2.417552726192337,-2.200428063380923,-3.1720254923126787,-1.7887908781067787,-0.8986863612300219,-1.1182581807410492,-2.3809492916282817,2020,3,9
2020-09-21,1.072911484462879,-1.443729811095131,2.690876093912202,3.0325879299873004,0.18816131825082166,-1.7344377523797205,-1.1571097930805823,7.549364183891448,2020,3,9
2020-09-22,2.409404392779773,2.0753183815743683,0.9627066984760657,1.571570314166869,5.692335984779919,2.659683579643942,1.0517945160813624,-3.311735253974312,2020,3,9
2020-09-23,-3.2928384007590017,-3.4545644359004917,-4.067206250610577,-4.194597610797181,-4.1268891651420825,-2.2492559748389707,-2.3721455093028094,6.403571385964982,2020,3,9
2020-09-24,1.2961882480081857,0.9557535153593609,1.8496915745498443,1.0268781118172157,0.66436817881206,0.20478976210520491,0.2987459142956961,-0.24492545490231646,2020,3,9
2020-09-25,2.2786473265463996,1.1385391398389488,4.257774082799286,3.7516189756299654,2.494874307344293,2.1199917539064943,1.5976723775614032,-7.471066471467276,2020,3,9
2020-09-28,0.7795112494134689,1.3620048756270102,1.2525219699123913,2.3868932223149573,2.5498115680328044,0.7848651876914773,1.6110590199083792,-0.7202374251457824,2020,3,9
2020-09-29,-1.0408647398094308,0.5045669056666736,1.4633889700756075,-0.7567804263937163,-0.919012680555888,1.9352268094012284,-0.48126645432444887,0.305459801736248,2020,3,9
2020-09-30,1.481229011247549,-0.028645643830271197,2.30422262178612,1.5075706349924218,0.12241460404770704,0.04199004128746589,0.8253718228220656,0.38066379797177763,2020,3,9
2020-10-01,1.0127042018662271,1.521563651622519,0.620802057740297,0.8462023551880594,2.303475231731545,1.8060587782949757,0.5292907769290812,1.251421741386824,2020,4,10
2020-10-02,-2.9511430071022,-2.1708577693040203,-4.056327370355211,-3.228008513053081,-2.988273802333871,-2.509106110760945,-0.9577652178616364,3.4831399672393237,2020,4,10
2020-10-05,2.0321180500943656,1.8707272556906647,4.442190885036573,3.079103739910365,2.374404296875,1.8119618637971118,1.797270867614214,1.1943537232336954,2020,4,10
2020-10-06,-2.1247395154368625,-2.1452251771146362,0.6890232082753274,-2.866942458941562,-3.102028886576816,-2.263389694356274,-1.397351569222668,5.436339440396445,2020,4,10
2020-10-07,1.9037590403763356,0.5596221614152779,1.6561497368710603,1.6967064497866267,3.0881037106998668,-0.20874520528137855,1.7396754869217979,-4.816825299673072,2020,4,10
2020-10-08,0.3574276504949691,1.6646598596645297,-0.8969380054004494,-0.09559932788621527,-0.1608440017544535,2.1850240085488712,0.8010123642495024,-6.058442223615083,2020,4,10
2020-10-09,2.483591416361759,1.821455593341842,-0.5491891796117644,1.7395791123256288,3.0120249141207376,0.2616029612419715,0.8793533120615239,-5.159334517683929,2020,4,10
2020-10-12,2.590260701687312,3.584348403736246,3.3659794438627157,6.352081524880976,4.754990740220591,4.273016186856866,1.6415812963647538,0.279998779296875,2020,4,10
2020-10-13,0.6594363155879273,0.15851708842943324,0.15640926185748977,-2.652738709874854,0.020333647320066945,0.14144345719442034,-0.6306918994084414,3.9888313209930084,2020,4,10
2020-10-14,-0.8974298445707704,-0.23163783865982482,-1.073815072561504,0.07431695721098242,-2.320808054741159,-1.5644511016305116,-0.6623141753502726,1.265822506977516,2020,4,10
2020-10-15,-0.5433121943742012,-0.5097624049537106,-0.8885858515572507,-0.3960757438881533,-0.7450142689235049,-1.8762129223821329,-0.15277553060997123,2.159089784320048,2020,4,10
2020-10-16,0.0,0.786237031799826,-1.1345914750793018,-1.4000660600927906,-1.9750480983333953,-0.29621198755049394,0.013491955745544097,1.631444365071771,2020,4,10
2020-10-19,-2.4765606511151397,-2.4079673394230197,-2.2716667148638123,-2.5541691421426576,-2.0013957457728524,-1.7034532045098028,-1.6329861778318036,6.4574989697812235,2020,4,10
2020-10-20,0.20072737320309753,1.381076160576277,1.0946492456058485,1.3191883313974595,0.3055554339711188,2.356563115523729,0.4727334073110249,0.5825910709938946,2020,4,10
2020-10-21,0.06989374628540254,2.2506967924077195,-0.8849250664894084,-0.5446392611626516,-0.9968886774915672,4.174745529472393,-0.21956999281005063,-2.385011086341935,2020,4,10
2020-10-22,0.04187862579654757,1.3032743517187768,-1.2107453543974678,-0.9583247327156862,-0.26812857408547824,-0.21886256790212824,0.5218925396392026,-1.8848133171682484,2020,4,10
2020-10-23,0.6235715749079962,1.6382034443309577,1.715834883796618,-0.6133920429800496,0.8814971867029295,2.39827065026673,0.34457613537030696,-1.9921784458616982,2020,4,10
2020-10-26,-2.844193529202164,-2.9816823165740574,-3.303846529544901,0.008690140758401096,0.0823890794994142,-2.696748158102465,-1.858951629453559,17.822141500487326,2020,4,10
2020-10-27,1.508945070224976,0.9209210084588854,1.9442696206641832,1.34724446318295,2.472368710157906,2.230178888470078,-0.30256189119989824,2.741834302990389,2020,4,10
2020-10-28,-4.956622521803265,-5.508850967647643,-5.74579596568852,-4.631214448523462,-3.759506998372869,-5.513775644865294,-3.5287878760604756,20.77961206071214,2020,4,10
2020-10-29,1.0065054921992882,3.0500333446944747,3.1440473533788524,3.705036375778095,1.5249235849637361,4.916499065751535,1.1947330894238373,-6.678249027384754,2020,4,10
2020-10-30,-1.0990327970048694,3.804403821035073,-3.76226949311467,-5.60179612149452,-5.445645523149093,-6.309868829886713,-1.2129550130175728,1.1439220628632474,2020,4,10
2020-11-02,-0.0691626713306648,0.5080180997819826,0.37295109965745504,-0.08268744902933649,-1.0430948040659147,-0.6651385745303794,1.2318202601271817,-2.3408715910909463,2020,4,11
2020-11-03,2.0263949873333,1.3137557300654756,3.4874762951513176,1.535344258738667,1.4621516534147005,1.5075035077720556,1.7799290096434457,-4.2553239579933315,2020,4,11
2020-11-04,4.824868286686185,6.088172507107676,5.950702748831204,4.083664756965737,6.322966294024544,8.322679076151854,2.2047047701683447,-16.821377413708166,2020,4,11
2020-11-05,3.1886901637222262,0.9536690679453499,2.651456762884313,3.549373159639852,2.49417336989236,2.5401812117155522,1.9460194138963,-6.729793005261625,2020,4,11
2020-11-06,0.1925882361379073,-0.15715512625033878,2.838987261252914,-0.11359908819402098,-0.31999360619097095,-0.4309829703694511,-0.028771518741859108,-9.862216536906331,2020,4,11
2020-11-09,-2.382452923329252,0.0960266302657183,-6.39506566348558,-1.9968241289459483,-5.062255447737598,-4.989602810265465,1.1699889235687286,3.580045727262962,2020,4,11
2020-11-10,-3.379291551774787,-1.345503973412062,-6.3147743599656785,-0.3008704729359007,-3.458294580536426,-2.274281690659868,-0.13997945931911,-3.689323351221177,2020,4,11
2020-11-11,2.6254886854485715,0.547278199426553,5.074389695181548,3.035246077289973,3.372959332756436,1.4866084326270337,0.7651855318760398,-5.443542401822687,2020,4,11
2020-11-12,-0.5125929228128033,-0.252414007959821,0.2887978925134761,-0.234325294422941,-0.8640935353967667,-0.506376963435821,-0.9978532303877066,8.102343525434106,2020,4,11
2020-11-13,0.496657542979465,1.689241261315452,-1.1871401267071438,0.04195078735943539,0.5957652481424711,0.6798578743271471,1.3610335409063465,-8.87573951140726,2020,4,11
2020-11-16,0.3325679607779728,0.09984712402063825,1.6413505225000045,0.8720511462530328,0.07190451875813522,0.7257421284926389,1.1648051240012274,-2.813851116001226,2020,4,11
2020-11-17,-1.2751484539972309,-0.6972781810632419,-0.6881048627135268,-0.7564571129819766,0.1469221257177366,-1.4195812977746887,-0.47919256980915836,1.1581216601222097,2020,4,11
2020-11-18,-1.3183820765333532,-1.1931938334845076,0.04843885315520471,-1.1391122090833417,-0.963120822903823,-1.1018076880146077,-1.1563829610944063,4.975786497886043,2020,4,11
2020-11-19,0.6348493343329205,1.0300787268706983,0.08563277959466295,0.5168244355614968,0.37224948852546846,0.3566743013672232,0.3946442467421595,-3.062078597164291,2020,4,11
2020-11-20,-0.955681100151045,-1.2618102400919076,-2.622741841024639,-1.0957885063587542,-0.5652814007175159,-1.1870778426109356,-0.6792562915180209,2.553007948963941,2020,4,11
2020-11-23,-0.13306669885716152,-0.5079559222456412,0.3992372536153684,-2.974246979556966,-0.032591205652083066,-0.4709126237153481,0.5635930617216239,-4.388189375730446,2020,4,11
2020-11-24,1.7847793491638286,2.103548609380295,-1.3869885243371916,1.1594303452103831,0.6348492495275196,3.1628458565957316,1.6161668273416148,-4.501325969250442,2020,4,11
2020-11-25,0.004660600019389291,0.0130298651840955,2.137718814539294,0.7467227505272009,2.1490891050133896,-0.4802709180692756,-0.1584418237524931,-1.8022153449551155,2020,4,11
2020-11-27,0.6358883234855361,1.2975374319849806,0.20022748946050173,0.48261209839423674,0.32244443407518963,0.8055383467747831,0.23969791981540922,-1.9294110466452206,2020,4,11
2020-11-30,-0.5389176673147997,-1.8253983294970573,1.0575893163458032,2.109971302633866,-0.8543726224847165,-0.3023892771763686,-0.4595548640170944,-1.2955875997445399,2020,4,11
2020-12-01,0.9996431125155136,2.3347006149827947,-0.08579977612726469,3.082748383459425,1.6426592613663784,3.458890555601702,1.1271187194776178,0.9722934657591508,2020,4,12
2020-12-02,-0.3885060197082511,1.6492556797744595,1.1538445306334326,0.2933567170715899,-0.5139620139509256,0.3384940364254618,0.17911667548251345,1.9258527188946526,2020,4,12
2020-12-03,-0.5246612363217584,-0.17150566486618898,-1.0671811735075272,-0.11375479236161865,-0.5244192164348125,-1.9720272449063425,-0.062415721309146466,0.5196060933166486,2020,4,12
2020-12-04,0.05599947810365234,0.10539372876472264,1.211206333660394,-0.5612465082164253,-0.7578327983446522,-0.7628209808016347,0.8836275129611819,-2.3026304290754496,2020,4,12
2020-12-07,-0.0326449746858005,-0.369025679862225,0.3577048638963008,1.2269900428010672,-0.14482094330078657,2.1022458484561977,-0.19356376714373852,2.4530942716423967,2020,4,12
2020-12-08,0.80263093653693,-0.3136886381443215,-1.8869250958173638,0.5090902307453977,0.6108347649924131,-0.7633585319839342,0.2787148065356334,-2.910793211701199,2020,4,12
2020-12-09,-1.9489798227284578,-1.8478127290951742,-3.140466276948973,-2.09035633649306,-2.3003850415469893,-1.9336578561891213,-0.7949201604598555,7.68858863212853,2020,4,12
2020-12-10,-0.6043274196230505,-0.5743019489951361,0.32095517468483187,1.1988678852580974,-0.08730964486966619,-0.28787159943926344,-0.12851080682624838,1.1225864160808585,2020,4,12
2020-12-11,1.3015287412520984,0.4045058932819608,0.316053157575359,-0.673481055084003,0.48138524969393764,-1.2882408702989947,-0.12649972997505812,3.5079884197176483,2020,4,12
2020-12-14,0.4407670581150707,-1.270021187258432,2.270778222997631,-0.5146503306624526,1.3011701561464901,0.23398083021255825,-0.4359258971957809,6.048905532890391,2020,4,12
2020-12-15,-0.032661904988457224,0.5033613797527594,0.3888295327412108,5.009006806331806,0.2581597115988879,0.4959897140689295,1.2921249154708876,-7.402912518356882,2020,4,12
2020-12-16,2.405082062621245,-0.22089212972792854,-0.8831884656659973,-0.05471487355467017,2.3961224378619606,0.04356553364653339,0.17727951669591369,-1.7037981653455492,2020,4,12
2020-12-17,0.06384688053902647,-0.9492494022840541,0.7456926306589006,0.6963362618836239,-0.15057469987225963,-0.431694489011271,0.5757654753379817,-2.5333319769965277,2020,4,12
2020-12-18,-0.37827251257596134,-0.8210077364496708,-0.5190664813045779,-1.5850713228406237,-1.0639394408914307,0.6995081200090362,-0.35111185091529123,-1.641589627641717,2020,4,12
2020-12-21,1.829892219625941,0.4831309482309886,0.45397195884095315,1.2394985567431607,0.1414904557329037,-1.30607364136171,-0.3906279051843907,16.643487266480218,2020,4,12
2020-12-22,0.6064922956167894,-0.8267082746885588,-0.4050434324459346,2.846495154560518,0.010603453584809686,-2.089527534782802,-0.20730928602880117,-3.696344637583289,2020,4,12
2020-12-23,-1.3039326397285687,0.46562957177328335,-2.0258601262899507,-0.6976200302982744,-0.6627122071927383,0.38190398783582136,0.0745811250824918,-3.7969463213990347,2020,4,12
2020-12-24,0.7827587398098126,0.3431142876993706,-0.1191415244830423,0.7712081645682174,-0.3949415822362707,-0.2648152086802121,0.35365890047961923,-7.6362025743397535,2020,4,12
2020-12-28,0.9921553326879113,2.2950528623802717,-0.7215234349208146,3.576624494887051,3.5071132716721216,3.590110718525943,0.8722529021144491,0.7895962418588861,2020,4,12
2020-12-29,-0.36008147541881047,-0.9131923593586749,0.3352665891939172,-1.3315288259711195,1.1583625131030177,-0.07940209148062527,-0.22273805256001047,6.359442913584805,2020,4,12
2020-12-30,-1.1019348332407424,-1.223717108700014,1.56455752838261,-0.8526434777262655,-1.0882060864284973,-1.7739706002138704,0.1341547165470672,-1.3431519365993345,2020,4,12
2020-12-31,0.333806274191804,0.9439847471485576,-0.6903456353449506,-0.7702520433047308,-0.8801370623195366,0.47451876970397217,0.6438845522919796,-0.08783687905835114,2020,4,12
2021-01-04,-2.1266040519547373,-1.5125672070812963,0.4481029720753259,-2.4719513225644656,-2.158474062030444,-1.5449124922659794,-1.475482752105105,18.549447531228537,2021,1,1
2021-01-05,0.09648084485786226,0.8064255053915839,2.220990975111203,1.2363734106420656,1.000435838175421,0.7548140395114002,0.7082595157549264,-6.043749359531832,2021,1,1
2021-01-06,-2.59294969322509,-0.9867505803361354,-5.895306430100473,-3.36615088409723,-2.4896614147709353,-2.826875659264366,0.570984274775226,-1.0655108766291685,2021,1,1
2021-01-07,2.8457100172132272,2.986858177847102,5.783036412354544,3.412311487117815,0.7577127774400312,2.0621750291818874,1.4847403800101104,-10.769840001825942,2021,1,1
2021-01-08,0.6092706547903379,1.323863703898045,-0.5039623024257456,0.8630987902294731,0.6495514374673198,-0.4353532124681388,0.5491862685268933,-3.620926879315994,2021,1,1
2021-01-11,-0.9698431354295156,-2.310556627830441,2.596617516956012,-2.3248356248005777,-2.1519462280005572,-4.010149360926144,-0.6554750898592477,11.688314101048254,2021,1,1
2021-01-12,-1.1770778282050385,-1.0738673406225232,-1.0039174678124652,-0.13957458455603905,0.2125797051401014,-2.2387546287827735,0.04157884466327401,-3.114617950067545,2021,1,1
2021-01-13,0.6560283951479731,0.5652052720004409,0.3485418828263044,1.6226742039584925,1.4438406874172725,0.21904409704822095,0.22756417379066513,-4.8006894251866,2021,1,1
2021-01-14,-1.5346098454425967,-0.9346145987892829,-2.449780608476865,-1.5127006723020782,-1.2135545173177376,-2.3843569696884512,-0.37534511943367255,4.68257973164179,2021,1,1
2021-01-15,-0.1736995683567601,-0.19065189393895599,-2.5813956744157065,-1.373077355778423,-0.7424600125642875,2.3286167660306987,-0.7190027975370971,4.688172699302755,2021,1,1
2021-01-19,1.7822847905969168,3.2906677017194568,1.288908314761686,0.5427308106685985,0.5318518294228297,3.874905291350237,0.8136379515524447,-4.519311317065755,2021,1,1
2021-01-20,3.649970255396223,5.357320166685142,2.6141819456931414,3.285588521392413,4.570048462239684,2.443531745274473,1.3935625421946252,-7.142856556629994,2021,1,1
2021-01-21,0.28081285638722153,0.21702407063464127,3.7539870355926945,3.6658357703766935,1.336342155062485,2.015088759437661,0.031672330755221245,-1.2048203419881414,2021,1,1
2021-01-22,0.43563149846627974,0.4463522665586878,-1.1177139378703647,1.607395852121509,-0.44633130451273,0.597354556575606,-0.30106116552376333,2.7673553519380345,2021,1,1
2021-01-25,1.5843995968538083,0.09087310163512205,-0.4321054163762095,2.7683920899598697,0.05376354551672746,1.2786871249136813,0.3615838943082409,5.842084416064907,2021,1,1
2021-01-26,1.2198725360062608,0.7216519727898011,-1.5966766089741655,0.16791852885700026,0.9754137082109982,1.4531747727239788,-0.1488833746898263,-0.7330749132337339,2021,1,1
2021-01-27,0.2453669111558515,-4.665210052573656,-3.851813461384547,-0.7683638353317703,-2.8125812283129292,-3.5135574275510484,-2.5677883699462023,61.642043199539984,2021,1,1
2021-01-28,2.5890680546977904,1.8835152700207654,1.0315101332366947,-3.4985323475508006,0.15591193708615836,-2.623640830158245,0.9760625975629744,-18.81214773509905,2021,1,1
2021-01-29,-2.9171460253678996,-1.3943647756738133,-0.46929697969810924,-3.742061920599102,-0.9704654514695167,-2.5169839925152395,-1.9311475173124562,9.533270954634016,2021,1,1
2021-02-01,3.315212316543814,3.59592321351219,1.9034281077903823,1.6520067043265374,4.262990292474565,1.424530833620866,1.6051767614439438,-8.612875093162655,2021,1,2
2021-02-02,-0.05840664045444005,1.376065358957326,2.415594490132388,0.6336641359983769,1.1104214562255128,1.935050365120565,1.3898223484416956,-15.476191602506523,2021,1,2
2021-02-03,1.4571379639749278,7.2825062741640645,-0.19365520347180878,-0.7778265737926622,-1.9961565909301033,-0.1610173922276345,0.1008769080953304,-10.367760852504263,2021,1,2
2021-02-04,-0.4074103994561025,-0.2550080070390764,0.9885189977732936,2.5757725336129123,0.5575845147329705,-0.06000310050623146,1.085332223042079,-4.975990385164541,2021,1,2
2021-02-05,0.07850213128600338,1.7140521376608875,-0.53605990573508,-0.30980595750089557,0.6349415177487977,0.6041422611044106,0.38974951646253303,-4.134127696856861,2021,1,2
2021-02-08,0.11148794027596644,-0.20635215306731053,6.237571264658211,0.10965880335232145,-0.871378077396654,-0.5669350596757142,0.7399348360373598,1.7728745424351238,2021,1,2
2021-02-09,0.5361403638212963,-0.4379797499999446,-1.2154958612739946,-0.6573466395423656,-0.5398852562448283,1.0765895678654323,-0.1113524992148461,1.8361553382818436,2021,1,2
2021-02-10,-0.38970954500403177,0.5343676219594963,3.512529210881586,-0.4558226597713935,-0.5573405440383888,0.8981474759456786,-0.03451849323593584,1.6643579487721234,2021,1,2
2021-02-11,0.6877499647905645,0.10878890393021219,3.295115653091571,-0.1920726929821544,-0.743927391007817,-0.5443774718525995,0.1662455163539281,-3.3651649787194886,2021,1,2
2021-02-12,0.20452173013166616,0.30065923932586,-1.8982442532464863,0.17760068380614802,0.477596949785899,0.040677262775117524,0.4711033113378731,-6.023532643037684,2021,1,2
2021-02-16,-0.5265701670525664,0.7479658045902688,2.4663554295633947,-1.6103993164794617,-0.2672619269300957,1.2827912358403808,-0.05692724183511339,7.461190898097628,2021,1,2
2021-02-17,0.43596430565597405,0.37522139900467544,-2.7673891691767656,-1.7643782434202695,1.214158916959454,-0.14597735448124544,-0.03204020092266591,0.18639756399750426,2021,1,2
2021-02-18,-0.16788594875660898,-0.6046407672065471,-0.5165778402707684,-0.8636321254564023,0.5920814274298103,-1.527959334167028,-0.441583562735457,4.604650098224019,2021,1,2
2021-02-19,-1.1567370725619393,-0.8072832179451959,0.657480803056014,0.12333172147001935,-2.3535055745747457,-2.906559216170368,-0.1854896644575118,-1.956427472367827,2021,1,2
2021-02-22,-2.680820751947464,-1.654046269165232,-3.8237275384040315,-2.979901963270154,-2.1280609604111906,-0.4702693289078409,-0.7732839458153802,6.3492134889776,2021,1,2
2021-02-23,-0.5287706020642923,0.2852567179320934,-1.4889483775157002,-0.11111456112237342,0.4326059526709573,2.12423785197454,0.12563181187927255,-1.4498939937146154,2021,1,2
2021-02-24,0.5487290167734643,1.149938909191882,2.5243810447342923,-0.40520916288003,-1.094696867651827,-0.583002887133399,1.135161376597896,-7.659023846891823,2021,1,2
2021-02-25,-2.3705111406366304,-3.2565459661884213,-8.217802990028265,-3.4782750650867382,-3.240038681954513,-3.63968634803573,-2.447880752512616,35.379565056586756,2021,1,2
2021-02-26,1.4804155090300182,0.29564873963851085,3.0584460522720005,0.22318858216929166,1.1700387973209825,1.1504283122975678,-0.47502141699028316,-3.2537163259539383,2021,1,2
2021-03-01,1.9623097182267533,2.3616287856437235,0.9278428251261964,5.385098571177795,1.720379839471735,2.8297525705107067,2.3790763506800245,-16.457961559590142,2021,1,3
2021-03-02,-1.295687578961868,-0.2502880544019867,-3.1462678563349757,-2.089366000235473,-1.6404262105025456,-2.2309581316851856,-0.8080851690870678,3.211991382215097,2021,1,3
2021-03-03,-2.6980788255417574,-2.570625789145945,-4.486737210320195,-2.445646878267643,-2.893170479822993,-1.3860868092678285,-1.3066221871998147,10.663898979853412,2021,1,3
2021-03-04,-0.36475067515361176,1.1196135102428295,-3.3932562609041392,-1.5811841380695568,-0.9128157985388935,0.8730978844328753,-1.3417213930100227,7.124108035601838,2021,1,3
2021-03-05,2.1479471203834835,3.1043323978993684,0.7376413188125164,1.0738341060948149,0.768748191664546,2.577247221191575,1.949596819778211,-13.685683896316073,2021,1,3
2021-03-08,-1.8178054921494078,-4.271193313622407,-6.967429396190901,-4.167359737167003,-1.616746374838574,-3.394129390545101,-0.535923103016118,3.2846693874873907,2021,1,3
2021-03-09,2.81017002701162,1.6368578506841303,8.033285679867989,4.064972668081461,3.7568373660568906,4.0852104737372015,1.4154642303822134,-5.6537050079697515,2021,1,3
2021-03-10,-0.5817658337814241,-0.2043808837592683,-0.41533058061955247,-0.9166599814601255,-0.17010173123747116,-0.31606609517515405,0.603031334270139,-6.117358213477152,2021,1,3
2021-03-11,2.0265072624304,3.160325713464024,4.212705544057485,1.6502738846531477,1.8298429776605594,3.389952717262513,1.0395487004435824,-2.8812040510530283,2021,1,3
2021-03-12,-0.5819477969445539,-2.406042313342404,-1.0582265493239653,-0.7625526533481757,-0.7740272785047594,-2.000882238459982,0.1015398495879003,-5.568230588091912,2021,1,3
2021-03-15,-0.39872877277117474,0.21657608683408727,2.6077235947901816,2.445672857699316,-0.25279442445657646,1.9932730957865918,0.6491921301497202,-3.1899460143835654,2021,1,3
2021-03-16,1.2350519492674192,1.4334795059269922,0.7580767698580456,1.274304301646477,0.3303410391452844,2.020090573528607,-0.1569683734378362,-1.1982015121855576,2021,1,3
2021-03-17,-0.2818737008719682,-0.08013624343334161,0.3761938033634983,-0.6450691644589206,1.418884859723827,1.6936651869250738,0.287938213053084,-2.8297187841544535,2021,1,3
2021-03-18,-2.666218911794307,-2.9238069988846744,-4.637901307793951,-3.390511557382391,-3.435878370750431,-1.8978279889586038,-1.4760539319459225,12.220491094179382,2021,1,3
2021-03-19,-0.1603646342416104,0.27802950066108834,0.9687790059085248,-0.448002660227203,1.5511909856343173,4.1238884205868995,-0.060270397470364244,-2.919365908220116,2021,1,3
2021-03-22,2.4484423927528294,0.18401886880722965,2.6507130499474005,2.8335721885376817,1.167821172408297,1.182341027176393,0.7025118077311674,-9.880675545533554,2021,1,3
2021-03-23,0.6737562837977186,0.5239642499278695,-0.8759383186810075,-0.6888780897689832,0.8560288075996749,-0.9913634217555936,-0.7630854183940592,7.521187179100954,2021,1,3
2021-03-24,-0.8923206413911798,-0.4310704985250906,-3.2725532743657575,-1.999348283402411,-1.6073304438496017,-2.921238300082589,-0.546733601831498,4.433505220216092,2021,1,3
2021-03-25,-1.3250905275143947,-0.0034536783719602516,-0.8522667049452682,0.4163477128851234,-1.321963428967079,-1.2050894466454265,0.524026584695953,-6.556609655538248,2021,1,3
2021-03-26,1.7818846098261485,-0.380334318524065,2.4251646685404915,0.5141417758023538,0.18941122432061358,1.535480913769762,1.6631202604519693,-4.7955521514479145,2021,1,3
2021-03-29,-0.5243253468260037,1.0401407534592095,0.8489539118536926,0.14848779962762915,0.7765307334585755,2.755986119219439,-0.08680126852335754,9.96818186598965,2021,1,3
2021-03-30,-1.4411164247181,0.03323689341822975,-0.590796863503592,-1.2274256123500047,-0.6645597502498375,-0.9696587807924962,-0.3157832933767829,-5.4484048854243525,2021,1,3
2021-03-31,1.6907610710272791,0.78427148280267,3.7019040998545147,1.876533567622665,1.2696005643068713,2.2673722137491974,0.36224990395776646,-1.0708872273590624,2021,1,3
2021-04-01,2.7908513139799482,3.261060539361997,3.472359764432443,0.6958842589603195,2.1628454431104007,1.4022119644156708,1.1825201774944776,-10.670101729522816,2021,2,4
2021-04-05,2.772838848111621,4.187286100292973,1.2724539174834342,2.357726650341407,2.079404593469856,3.4320090782056023,1.4438226417743694,3.3467970355421706,2021,2,4
2021-04-06,-0.48579929935771043,-0.43713352517905757,-0.9007975747704962,0.2462130046075964,-0.09018902147276138,-0.8578642585134515,-0.09735307519511775,1.1725348610297894,2021,2,4
2021-04-07,0.8230480721540738,1.3475038933619485,2.0344212195823945,1.3390642968534907,1.723733655641197,2.230133266890199,0.14752327849856456,-5.298018473281173,2021,2,4
2021-04-08,1.340543933833517,0.5091533121779118,1.2267098284660918,1.9233573718267991,0.607124295254797,-0.02235877183934299,0.4220632828640201,-1.223770899417147,2021,2,4
2021-04-09,1.0266506034558978,0.8993904420270078,0.579717392618234,2.0251338478529464,2.209562242522671,-0.17889052501214975,0.7719934348738244,-1.5339245851263723,2021,2,4
2021-04-12,0.02347000542027567,-1.1472535756972584,5.618074397510556,-1.323273136662238,0.21321218730274366,-0.294449199958106,-0.019607884876880696,1.3181504272906497,2021,2,4
2021-04-13,1.0081514222362986,0.43707423753589164,3.0935452242629746,2.4306560975075007,0.6098747605224505,-0.5713563604897002,0.32944868090413626,-1.5375531119335055,2021,2,4
2021-04-14,-1.1218978022087776,-0.5553720619986224,-2.5670300206584327,-1.7853245658145385,-1.9705918255974266,-2.240442085149489,-0.4087726727828515,2.04204300527127,2021,2,4
2021-04-15,1.529789465414491,1.9331691047804351,5.631024430612556,1.870782858475067,1.3828409714570447,1.6511329034873952,1.1094190525166372,-2.472042860223675,2021,2,4
2021-04-16,0.4778251650083388,-0.10939051450389291,-1.3927561070543792,-0.2527784999539491,0.6022342354579349,-0.5327681381472178,0.36088195555097635,-1.931199159431327,2021,2,4
2021-04-19,-0.7670441939548124,0.30707934004646786,-3.4610989246843533,0.5068615538393425,-0.8069009815261932,-1.2868282653188126,-0.5306560094486098,6.400005634014423,2021,2,4
2021-04-20,-0.18551505588333098,-0.46948164270438153,-1.240107960961978,-1.2829750461498888,-1.1067567276491523,0.1356612123009947,-0.6802319771775891,8.039325136184024,2021,2,4
2021-04-21,0.8983041152222491,-0.02895076444946096,1.2474335544389303,0.2929614909194189,0.8195669633476805,-0.3898875774185733,0.9306055472153572,-6.316918018726324,2021,2,4
2021-04-22,-1.3085719723452567,-1.1337175499263217,-3.3218284990575144,-1.168505154869247,-1.5758395892332953,-1.64195807420607,-0.9210657476561817,6.914280482700892,2021,2,4
2021-04-23,1.547582080769434,2.104751746590282,2.7945607651426534,1.80381651764306,0.9622189746770793,1.5546984496580751,1.0928696540177003,-7.375730776554963,2021,2,4
2021-04-26,0.15316920510552626,0.4348026303547804,1.3936715490714886,0.2977938807320857,2.038978036420716,0.6342923352163647,0.17822709248044735,1.7888024657076216,2021,2,4
2021-04-27,0.160587796667919,-0.8203699718692784,-0.6218348816641764,-0.24497465576736824,0.2472917551242273,0.1748861250883895,-0.02148958880144063,-0.45351432241545603,2021,2,4
2021-04-28,-2.828574664864238,2.9707830909991557,-0.6826343586549483,-0.6027335308024523,1.201778673156975,1.1628250986228066,-0.08455399168898406,-1.5945261264952346,2021,2,4
2021-04-29,-0.8053107677456252,1.4293813455499043,0.31419251677322496,-0.07484624883067409,0.3703934760063543,7.2972963228331995,0.6762806734045721,1.9097217048208124,2021,2,4
2021-04-30,-0.13069149864044996,-1.6407901377854794,-2.0571257964891547,-1.5132945139813927,-0.11206361718006375,-1.3444116389415,-0.7194706699326419,5.678591512439682,2021,2,4
2021-05-03,-0.1268876104002467,-0.44273635886088547,-1.1509393328396071,0.8214964377487817,-2.3340170719312603,-0.7690400859850435,0.2748090747253661,-1.6120426360561646,2021,2,5
2021-05-04,-1.6159858153811517,-1.5471027375714195,-3.2722761606708937,-3.5385379475878893,-2.2034541333801934,-1.3082191663270721,-0.6678337608227175,6.389951449590211,2021,2,5
2021-05-05,-0.5326917219422144,0.3441937409431261,0.747298635122669,0.19556919952216137,-1.2479432999494302,-1.0491371095081419,0.07034637617677764,-1.6940448226939246,2021,2,5
2021-05-06,1.3226741263270048,0.9754772027426419,0.44614035301426436,1.28023421272662,1.095540176944743,1.5872178999078126,0.816545646605174,-3.9686696815723725,2021,2,5
2021-05-07,1.0931874882143235,0.6237855587636595,1.9916556939653065,0.5327407398096572,-0.44640578502762474,-0.29372122231700787,0.7373341616968343,-9.244148515566206,2021,2,5
2021-05-10,-2.091420975616869,-2.558767807719987,-3.6895094349571935,-2.5804670010142474,-3.072052637375964,-4.108691530327679,-1.0435647322188208,17.795082194838226,2021,2,5
2021-05-11,-0.38433334231649874,-0.9464370170810461,0.2838816496201693,-0.7410147473004212,1.0474816917876708,0.18303251953491162,-0.8673912802718146,11.08850621615208,2021,2,5
2021-05-12,-2.9362854495943984,-3.075244951192858,-3.828722696390452,-2.4938456545295056,-2.2323796765424966,-1.2984129204337034,-2.1449400664502773,26.32783864389609,2021,2,5
2021-05-13,1.686188088443176,1.308496154012994,-0.677774274493085,1.7919564314032657,0.30235440044840006,0.8957213067507458,1.217314140692355,-16.16528077982975,2021,2,5
2021-05-14,2.1067297937630625,2.2135118748886815,4.227882538933161,1.984486019542665,1.9430851184491924,3.4986536354362143,1.4917956876899696,-18.677042159827906,2021,2,5
2021-05-17,-1.1968512189591158,0.4626037998820839,-0.544127112007349,-0.9258595664099935,1.4735154035220253,-0.15192591358038152,-0.2530052193220789,4.83785153242437,2021,2,5
2021-05-18,-0.856503477122154,-1.1555724559465745,-1.0571380672481334,-1.1245680638835889,-1.1653058569779031,-1.7434884745350905,-0.8517292959364647,8.21501468378006,2021,2,5
2021-05-19,0.24741005505722727,0.3991222426942749,0.356720239012736,-0.12817240012207254,-0.014851482811509378,1.1711122147596398,-0.2943411456817742,3.936270602538043,2021,2,5
2021-05-20,1.3820259005354667,1.5606485917946062,3.887102920761085,2.1012160964154365,0.49137097942372215,1.6008209730645433,1.0554741756143409,-6.807936014903805,2021,2,5
2021-05-21,-0.5314830080188835,-0.5557207473883526,2.5953750038811734,-1.4767053092730327,-1.3732853548741506,-0.7469986497628469,-0.07838806801412276,-2.5157254757829013,2021,2,5
2021-05-24,2.2882003510919757,2.916585920477037,4.137282779724856,1.3314281759817759,1.308421526101785,2.6563044057602263,0.9911292190138619,-8.684863687990699,2021,2,5
2021-05-25,0.37483684655965366,0.07750379743831269,0.22898551471036346,-0.15735925636127857,0.43328512262038565,0.9734004418337361,-0.21252837802967534,2.3913072998898404,2021,2,5
2021-05-26,-0.0913790813215713,0.7380970995231021,0.3339215968142015,-0.0394126102466002,0.187475624470059,-0.03966262652725039,0.18768165702686979,-7.8556238335965896,2021,2,5
2021-05-27,-0.866837398649486,-0.740663277303555,-1.350305673565239,-1.2376736897930147,-1.0734558114025659,1.553473189788458,0.1165314541831464,-3.5714332801561035,2021,2,5
2021-05-28,0.14841578332213987,-0.24676232363543654,4.884405511543132,-0.5348083035046182,-0.2179428942000056,-1.2081353920612128,0.07688818911402721,0.11947704920629114,2021,2,5
2021-06-01,-0.913169605971136,1.0323124077487702,0.1231395602895954,-0.2648282495023557,-0.13714148069622878,0.12168843214195124,-0.049233352268642436,6.8019055732703535,2021,2,6
2021-06-02,-0.04042378782459932,-0.44473990476684266,3.1587194028961827,0.6276220852991921,0.4765962837133133,0.0060648781225828684,0.1446934838430645,-2.3463691913108016,2021,2,6
2021-06-03,-0.6429467164249634,-0.970638434131209,1.1413567714317598,-1.2154086108769175,-1.4526941142032876,-0.9448394941843309,-0.3628703341637436,3.203669267484266,2021,2,6
2021-06-04,2.0674845339530883,1.9590321941613038,3.5857951264944994,1.902222170411022,0.6027657821926893,1.3219196503407908,0.8834095710506062,-8.980048542231698,2021,2,6
2021-06-07,1.2041887339398496,0.3647267376084075,0.2317964277604647,0.007933327223759494,-0.25606925929613367,1.8858775696717032,-0.07967387044511512,0.0,2021,2,6
2021-06-08,-0.4885518964469687,-0.16068861569602758,-0.9194675187502465,0.6672107651932613,2.0669153552085224,-0.8616052850460808,0.017502486450591638,3.958584747321029,2021,2,6
2021-06-09,0.40385740032772416,0.39610376231823075,-0.5428860813242363,0.307707604285773,0.5220349302289228,-1.0279391690818904,-0.18238673194856486,4.803747565811909,2021,2,6
2021-06-10,1.4393148258775341,1.12917326616364,0.3845038084864066,-0.8023348171592858,2.087684594544923,0.6691861536683421,0.4652243012262258,-10.005584512285926,2021,2,6
2021-06-11,0.25269752006718327,-0.202445222712503,2.2970548941958033,0.9832702670630217,-0.08418265339897028,-0.3609509803849009,0.19484346695591406,-2.7950357284300495,2021,2,6
2021-06-14,0.7755406302784276,0.7699072933864822,1.085549005342008,2.4577860725046157,1.106712721643222,1.6633569193835438,0.18152018730952021,4.728433157544441,2021,2,6
2021-06-15,-0.5887418852526564,-0.8379369577218373,-1.2778437578901292,-0.6437549406213644,-0.021869967934568663,-0.005954688655176492,-0.20116937805258264,3.8438138595241753,2021,2,6
2021-06-16,-0.37929854815563513,-0.5328682714437656,0.12227044729529357,0.3933730749518344,0.9494183571114142,-1.6837154135973913,-0.539012461285572,6.639242834163101,2021,2,6
2021-06-17,1.3676257510655379,0.8039955237347027,4.755663711250802,1.260103851792052,2.166464377780504,1.6400885217678562,-0.043571559205182624,-2.203854693869487,2021,2,6
2021-06-18,-0.563457479768696,-1.3409317823858413,-0.09915825250865454,-1.0091849040548297,-0.06706583139328127,-2.03560894379559,-1.3124468779900558,16.619722608109594,2021,2,6
2021-06-21,1.2335226988928258,1.4166073580608245,-1.1347155196527392,1.4103798548121267,-0.9446804682075087,0.7977933585608539,1.400228996272072,-13.574885360979996,2021,2,6
2021-06-22,1.0965831531060957,0.4252402568274732,2.493548686964998,1.2698454392894232,1.4904661061875593,2.028342517534274,0.5124491902218699,-6.875347032979967,2021,2,6
2021-06-23,-0.0904236557864852,-0.16636071772946562,0.902770085937713,-0.20901240848331695,-0.046218968041616404,0.4601448230101261,-0.10832833431588891,-2.0408172611160302,2021,2,6
2021-06-24,0.535301038655436,0.30542515520678953,0.7779516133600266,-0.21686155364993498,-1.5622946391951376,0.7604333025844003,0.5811249724885372,-2.1446043770847014,2021,2,6
2021-06-25,-0.6262065248626097,0.006943049900233714,-0.9086545058965029,-0.22486594462529438,-1.3806561613952288,-0.5274265574046122,0.33305973193166405,-2.191611619395693,2021,2,6
2021-06-28,1.3961674897038363,0.02244868327132039,5.012899101789663,1.2545560537051317,1.2474089136242337,4.18022017111045,0.2314964262061939,0.8962890163154628,2021,2,6
2021-06-29,0.997357444165343,-0.215039390387135,0.20892995512162346,1.1500332465149232,0.12340341405478576,-1.054426616501506,0.027733619326087842,1.649747621230097,2021,2,6
2021-06-30,-0.18429226275959415,-0.1496634696493185,-0.12107695702613815,0.4621227239772639,-0.23143032508132455,-1.187882125173172,0.13281596467463958,-1.1860207779553367,2021,2,6
2021-07-01,0.25841980194114766,0.29077286939461405,1.0473810736734857,0.22634100444521252,-0.20900020900020902,1.9211511320830654,0.5221626854275742,-2.210994208190659,2021,3,7
2021-07-02,2.227511939622758,2.2973616963604506,1.3605469876335001,1.9596781431295802,2.2723749230608945,0.08747437128500797,0.750008166391383,-2.6485779039815043,2021,3,7
2021-07-06,0.0036191412716906537,0.7444763867233816,1.0323555614017255,1.4718423950335735,4.692710742205478,-0.5413052076032289,-0.20218560598241428,9.09091484390623,2021,3,7
2021-07-07,0.817564202216094,0.22504357074093223,-1.578620616191049,1.7954836796756766,0.5669564076709481,-0.649134612148717,0.3358975310182484,-1.4598525749495752,2021,3,7
2021-07-08,-0.8966431657369895,-1.1306638019248154,-2.302203329303775,-0.9199785519165328,0.9422227593882351,-1.3809218800061183,-0.8561024934317037,17.283945093793278,2021,3,7
2021-07-09,0.18744575386594686,0.3794601074141837,0.741085224800852,1.3055331915320063,-0.32347042025719297,1.3800057643354922,1.127794780879596,-14.842103656969572,2021,3,7
2021-07-12,-0.22308851107325148,1.1607949515307783,2.3054796032176044,-0.42037484646415,-0.02123481429752847,0.7819256386839292,0.3451174331237195,-0.06180611058849603,2021,3,7
2021-07-13,1.3197602378999236,0.2882342079793878,-1.279714915585301,0.7889410882243397,-1.1076947823728378,-0.30298963416636177,-0.35168126585655995,5.875081994168962,2021,3,7
2021-07-14,0.5445404825717848,0.7032433052229835,-2.017270882924623,2.4100248503817845,0.11747744165069914,-1.2667099426763215,0.11649345752447826,-4.61449110280954,2021,3,7
2021-07-15,-0.523885689072386,-0.9607366479940127,-4.411205653276135,-0.4492070184188522,-1.3711143174944498,-0.9118911881455739,-0.326224085417242,4.164117013795165,2021,3,7
2021-07-16,-0.09965322217554062,-0.02755070532775249,-4.245712852169564,-1.4075759446314804,-1.585423166667731,-0.9580263334243799,-0.7538854211077839,8.465611491366081,2021,3,7
2021-07-19,-1.3321342328097463,-1.8839121555917488,3.407015849151413,-2.691456459120165,-0.6727030092302599,-1.2340059390091278,-1.586951242740936,21.9512144693012,2021,3,7
2021-07-20,0.8339008002086503,1.3096247985038156,-0.8932683534145796,2.597392036415357,0.6648613649879287,1.397828192962818,1.5162609437855534,-12.31111314561632,2021,3,7
2021-07-21,0.7446830674084354,1.0613317509430764,4.287592181694538,-0.513192813779655,0.3361110852517404,1.3375801109508312,0.8241819990835394,-9.224529838067742,2021,3,7
2021-07-22,1.6844302527108692,0.6840437210110117,0.9479603902911564,0.96288423426178,1.4735635895966142,1.432557926332826,0.2016669958327905,-1.2283602190330605,2021,3,7
2021-07-23,1.2336493507749149,3.5769030652790246,-0.18371694306259506,1.1989084836709754,0.5115384934792494,5.29629523561048,1.0145452020822845,-2.7699251346815594,2021,3,7
2021-07-26,-0.2140108554385488,0.7668054717623772,-1.349822090524412,0.28943508210723656,1.1808636198161955,0.7220203394679999,0.2382199862628393,2.20929734831977,2021,3,7
2021-07-27,-0.868396595061572,-1.5928613021152165,-0.4457309012646485,-1.4900166311555578,-1.9846876786293148,-1.2484580591256391,-0.4712444807091191,10.125146156828107,2021,3,7
2021-07-28,-0.11167561136931634,3.1796915602433686,1.5357898757180908,-1.2195996017007074,0.10837371680697268,1.487186618648594,-0.018626188265390458,-5.423559459227271,2021,3,7
2021-07-29,0.09782401831292285,-0.23258433981881904,0.8152646992495148,0.45526024033214435,-0.8373940689987831,-4.007720906341329,0.4206152980007458,-3.331505848143585,2021,3,7
2021-07-30,-0.554948676210051,-0.7740273298426708,-0.8290261760493532,0.1510692543165715,-7.564890713277764,-0.5637336152444901,-0.5406048051476954,3.0508417226137614,2021,3,7
2021-08-02,-0.03159717056322319,0.09500867932565434,1.2872685319013795,-0.23313605720703584,0.11690369463181205,-1.2208732640667812,-0.18428056148913982,6.688592810654968,2021,3,8
2021-08-03,0.8075399873526712,0.5750474278570896,0.32913085730433467,1.264434684464693,1.043374884144267,-0.2017495388625664,0.8203426547462277,-7.297010461209859,2021,3,8
2021-08-04,-0.2124560396634815,-0.3719529898455506,2.316400557560404,-0.27822648066819394,-0.34222398904128964,2.1865590642230193,-0.4632387901412258,-0.38803546907029235,2021,3,8
2021-08-05,1.0505462887316386,0.8333000104468673,1.7904751115736905,0.07485595262482127,0.6340362999381591,1.1283844162859882,0.6005446813494327,-3.8397253927339245,2021,3,8
2021-08-06,-0.020692761586326432,-0.37652685106682987,-1.313191193529922,-0.476720681172487,-0.9197334693852461,0.14875614694209305,0.16752662417646433,-6.539357773223542,2021,3,8
2021-08-09,-0.39040953452632826,0.865272404982325,-0.34859083519894385,-0.034193957926564815,-0.09177334401756676,-0.5226695754914141,-0.09399082741974378,3.529409958438695,2021,3,8
2021-08-10,-0.6554827057625547,-0.07742414828377221,-1.7689121083496036,-0.3354336767665182,-0.6340816609805454,-0.13273822560650167,0.09926793341700586,0.418669886648502,2021,3,8
2021-08-11,0.1780350468267587,-0.3859241272063176,-1.1888045691999503,0.17862477921498493,-0.8603643493863363,-0.323991180244825,0.1275743787682425,-3.6926790078970364,2021,3,8
2021-08-12,0.9967182390949104,0.671423567295926,1.0457281378888204,2.07727512769383,0.3459810192938439,0.7472917105288343,0.4146380281677757,-3.5868888124271843,2021,3,8
2021-08-13,1.048941841322063,0.38884117609700586,1.4217623495429799,0.1410628540678162,-0.28848279463596416,0.14616498001066258,0.16073066558082616,-0.8980137392719287,2021,3,8
2021-08-16,0.5975772024834749,0.42254327145331455,-1.178923501231484,1.3547887415192696,0.1523947205777158,0.9306471364377771,0.2620850702215757,4.336576299285596,2021,3,8
2021-08-17,-0.515954266590979,-1.1914858568792308,-2.4661792804177334,-0.6153878933755169,-1.7287026150471827,-2.2124431034935568,-0.7060698814947518,11.104211631442048,2021,3,8
2021-08-18,-0.6119293400040601,-0.8872175030667314,-2.148187711910671,-2.550122732344828,-1.2566487390164314,-0.8369318824386056,-1.0748470745585899,20.435510209906326,2021,3,8
2021-08-19,2.077522863067876,0.17052389272269625,3.981067217690004,0.2323125096116057,-0.42078187123096644,-0.09285525897713326,0.12566922329096236,0.4636086364605834,2021,3,8
2021-08-20,2.55753359742636,1.2894253776278053,5.141929572429587,1.015691018198095,0.38271547143352636,1.1967817328391348,0.8141567655737876,-14.351640975552051,2021,3,8
2021-08-23,0.0953008117618658,1.9006167292715543,5.486201262803584,1.0257089094123257,2.0600355001279853,1.1074922469722859,0.8523790364248385,-7.596982155088207,2021,3,8
2021-08-24,-0.6663142605503578,0.8711573168310671,-0.7514576423413067,-0.06012734384665701,1.2220318769066654,0.5944701108371695,0.1495736301319468,0.4081614949342932,2021,3,8
2021-08-25,-0.20160850508284586,0.5787272142369554,1.9272161303671813,-0.8421325569777458,-0.19965141547840826,0.7879399254815853,0.22201182241796974,-2.4970871949668147,2021,3,8
2021-08-26,-0.9668341216359295,-0.44938755830520777,-0.6527734037919621,-0.5526971907368963,0.5098257262930714,-1.0885157067750284,-0.5824918819612569,12.209643390577266,2021,3,8
2021-08-27,0.21063091328328803,1.8123908491687066,2.5738707496592617,0.7184420248591641,1.0141756724657733,2.264110809160267,0.8807632480425056,-13.004250228750221,2021,3,8
2021-08-30,1.291202932151222,0.4072800929093347,0.22971410452888022,3.0417093107282116,2.1476998866989527,2.154967307772467,0.43065708447795875,-1.220249316892197,2021,3,8
2021-08-31,-0.563260660114145,0.07402640058471593,-1.3180903764226264,-0.8424419147697083,1.4385200022726055,-0.3362624425870481,-0.13491160395050675,1.7912229685765797,2021,3,8
2021-09-01,-0.01654839227217416,0.3579852988675626,0.25016678355478245,0.44783427177335616,0.2365409209550443,0.7037690656818699,0.031168862576193404,-2.2451392121492555,2021,3,9
2021-09-02,-0.2253120003903291,-1.3280333274074527,-0.2005276684863896,0.7475039558214759,-0.45644788893180316,-1.7720030759480951,0.2842638410522835,1.8621925865588165,2021,3,9
2021-09-03,-0.0032987310845964328,0.3158062901479288,1.9958826147020083,0.4230690430204289,0.4311086264728649,0.2611334117831801,-0.033503112571534474,0.0,2021,3,9
2021-09-07,-0.31880705517515256,0.37636083002867204,-0.7923426839593729,1.5488881203590643,0.8982024369138414,1.5733791275084834,-0.33955744059817233,10.54234953274026,2021,3,9
2021-09-08,0.010002183351862747,-0.4085587793511585,-1.4252926945632487,-1.0083531820788596,0.46191744307298194,-1.2062356890087402,-0.13185667397751394,-0.9922839648963723,2021,3,9
2021-09-09,-0.9859940092279414,-0.1043799735295044,-0.725216273524235,-0.6705006711355291,-1.1726004336084461,0.11389000218314288,-0.4605608657393361,4.677061221646241,2021,3,9
2021-09-10,-0.5180758512760024,-1.8566403519016672,1.3572668591406458,-3.310164216228094,-0.4308001431212251,0.1825325770568113,-0.772257875992544,11.436178793244821,2021,3,9
2021-09-13,0.43287092888170303,1.0339184522595801,-1.4503089203375947,0.38935385600706435,-0.34532897607970503,-0.5756766367014953,0.22764876184568641,-7.541765470963964,2021,3,9
2021-09-14,0.9427912181414828,0.14893057142291644,0.4062703680491636,-0.956220728550122,-0.20739809620994215,0.005326181654653486,-0.5746638506575478,0.46462695580770896,2021,3,9
2021-09-15,1.6778097172369753,1.3223878253362504,0.44513215748169693,0.6143654878955151,0.7475391332653986,-0.6931754253591326,0.8473996979569786,-6.5775891033735965,2021,3,9
2021-09-16,0.13124564770482025,-0.5674186416784746,-0.44315951198491316,-0.16103623682416487,0.3581905354850169,-0.2300034679015116,-0.15511404489349614,2.805281739938369,2021,3,9
2021-09-17,-1.7528509941993815,-1.9566718569881,-1.537606474712135,-1.834796945020068,-0.7373319866162333,-2.2355552851347893,-0.9110872450405141,11.34295811293116,2021,3,9
2021-09-20,-1.8574610141269745,-1.4776360359950609,-3.5936166918377523,-2.1361146660882153,-3.084174438431354,-2.47312172533688,-1.6977311008414802,23.54637070774368,2021,3,9
2021-09-21,0.1698971277959854,0.22601833093336127,0.6299237148785806,0.3427929070693109,-0.3605747369784221,0.500405323902437,-0.08123585165593962,-5.250869397877242,2021,3,9
2021-09-22,1.2822304408153633,0.8994104355792334,3.271212047792126,1.6872292188031945,1.0892348194074937,-3.9918277136389015,0.9519611195260134,-14.326763890289559,2021,3,9
2021-09-23,0.32819478623650455,0.664734296124117,2.465721668433811,0.6719392411488008,1.063594079605278,0.8012465208879355,1.2134715784494825,-10.733117337761819,2021,3,9
2021-09-24,-0.07005426132697519,0.7074265892979585,-1.7836682772289363,0.06128542261765295,0.2786873046251908,2.023346601000147,0.14610090466883047,-4.723559851896368,2021,3,9
2021-09-27,-1.7304357838483613,-0.8037206039865624,-1.906606426539859,-1.0550126666204231,-0.5756835077931398,0.17567500681437773,-0.27763826213396137,5.690142134545555,2021,3,9
2021-09-28,-3.6203515642911666,-3.7158522419436415,-4.4367448545706045,-2.380127526493112,-2.637846798310951,-3.6568876405980015,-2.036411055609826,23.93390040691798,2021,3,9
2021-09-29,0.1692932513304571,-1.0870160218498006,-0.8792577650727755,0.6483325994037658,-0.4475351789266408,-0.30529536172800803,0.1569184219400403,-2.9677442325058805,2021,3,9
2021-09-30,-0.7323977723646125,-0.5042623401622439,0.9699178203314235,-0.9312152844806718,-0.487107924390156,-0.06477268744434163,-1.190971412519514,2.5709217084940508,2021,3,9
2021-10-01,2.5468423853492563,2.144746585225696,0.12551704886029172,0.8127474178843537,-0.054187782917034355,1.0666145635988962,1.1491477630181997,-8.815899144281284,2021,4,10
2021-10-04,-2.071966848003471,-2.111798973396449,-4.869368235265139,-2.4605736787647428,-2.8471678341373114,-4.8919790517326796,-1.2985898136748424,8.815159570501253,2021,4,10
2021-10-05,1.9957061024309029,1.7683119113602759,3.6438379705274007,1.415853728815863,0.9787538038384194,2.0629471832347,1.0524514660609297,-7.2299647805070295,2021,4,10
2021-10-06,1.506432098059819,1.1336397748677804,1.2175288447170005,0.6307071609781472,1.2732016728672964,0.20424960371272222,0.4102792854185405,-1.4084471727988077,2021,4,10
2021-10-07,0.5936215407674375,1.2066845705807858,1.811605122111352,0.9084682867163426,1.2391203105561124,-1.3247918362703757,0.8298280656405437,-6.952376592726934,2021,4,10
2021-10-08,0.0,0.4025960484751692,-1.157762704181809,-0.2721965111984217,-0.4181805261295601,0.2520954311626912,-0.1913723094789,-3.9406367537669644,2021,4,10
2021-10-11,-0.21027989346392825,-0.6234373045254076,-0.6528922256567941,-0.06300369457602724,-1.2868603350918464,-1.3937177676323824,-0.6865763848056766,6.553007523916038,2021,4,10
2021-10-12,-0.45880119916327816,-1.7744859097327939,-0.11595387550862742,-0.9103096887329927,0.03172745113596496,-0.5162215752323271,-0.24167805585421034,-0.7499980926513672,2021,4,10
2021-10-13,1.1710967496397622,0.8303505771726246,1.296478788162122,-0.4239406454377863,1.137860120398265,0.23784313505694007,0.3022514483793785,-6.095722763566509,2021,4,10
2021-10-14,2.173425682671988,2.5940756776691374,3.854077333233901,2.0225160063622787,0.47437592275511203,1.22942006722504,1.7063101945583459,-9.549349987025117,2021,4,10
2021-10-15,0.48225635843088993,0.1537435189041709,0.5334273857913382,0.7512933904034634,3.3080239390044244,-1.1475223209437522,0.7460210377712619,-3.321478962148973,2021,4,10
2021-10-18,1.0124453933432043,0.9973904703164366,1.646690718508285,1.1805830892086042,1.1064772529006075,3.257780468299846,0.3374769557097532,0.06135110030618213,2021,4,10
2021-10-19,0.30588866668856307,0.3214820454913752,0.30601203949325795,1.5080148586216737,-0.07514424560826287,1.3866635555566562,0.7393339551406304,-3.7400348047283067,2021,4,10
2021-10-20,-0.26602289846029015,-1.0248827632220108,-0.8389571872823421,0.3361063755453927,-0.8446195751808624,0.23235833898661729,0.36640298040168096,-1.337579877058623,2021,4,10
2021-10-21,1.0897675808805425,0.08252516583214903,2.664793027583047,0.14738387341448975,0.5841756945128931,0.3227695399130593,0.2995871849622561,-3.0987704927621107,2021,4,10
2021-10-22,-0.5148965605849364,-3.044338494280948,0.14985381873827133,-0.528479381618475,-2.8954833317208375,-5.05148039304416,-0.10725536274130713,2.7981350425684375,2021,4,10
2021-10-25,-0.33315292511799766,-0.08685903970740522,1.93611599467935,-0.03362856176034115,-0.4550989805058221,1.2568887408249216,0.47481965694935135,-1.2313709027852977,2021,4,10
2021-10-26,0.6425968386204964,1.354339940299417,6.695142527717417,0.4575191165763084,1.6775261603935518,-3.9185716682563445,0.18197952535197517,4.855641615694526,2021,4,10
2021-10-27,4.211392591358379,4.959489933066865,-1.0761793017965098,-0.3147788519192183,0.48636382454708643,-1.1367579594044928,-0.5051568068462842,6.257822457109123,2021,4,10
2021-10-28,0.36515350717171463,-0.2520138631313204,2.004010039263761,2.499174366020738,1.594115275917057,1.5053544598432258,0.9829281576461131,-2.650170010143321,2021,4,10
2021-10-29,2.241387374731811,1.5063408043823587,2.5099182935778073,-1.8155859539118044,-2.1511245053778114,2.0982970164426837,0.1949334719149202,-1.6333965308410647,2021,4,10
2021-11-01,-0.6784780866824163,-3.0726938964544903,1.0169137335073173,-0.5607505695571322,-1.6107099780024559,1.9810491889732336,0.1800077143134017,0.9225068660444206,2021,4,11
2021-11-02,1.1415600134943962,1.3488188622444541,2.222489287583555,0.7115724089170422,-0.16154097805502052,-0.5758070979111614,0.368036308541321,-2.3156560895796,2021,4,11
2021-11-03,0.2611825259419968,0.8013934995565927,0.7461921715201146,0.9799294299109571,2.1507811127532297,1.079009792705734,0.6461279195357952,-5.8016236140935336,2021,4,11
2021-11-04,0.730515886221362,1.138821321507373,12.04226601533851,-0.3498803019350413,2.748232410840919,1.2755528633926094,0.41819423611504725,2.251650267047749,2021,4,11
2021-11-05,-0.11294858928881726,0.3942291579236115,-0.16441711771944564,0.3582531163879471,1.2076429283743602,1.5721499322034953,0.3732799652949165,6.73575123133008,2021,4,11
2021-11-08,0.2767550414721736,0.12023466961423969,3.5358853985803975,-0.5552806601671217,-0.8527948857282952,-0.7357963746105891,0.08877879113035328,4.490289998016265,2021,4,11
2021-11-09,-0.30865357365967805,-0.07546702062276303,-0.4772218210516324,0.24595500144987603,2.500723801659977,-0.9597798411263578,-0.349877589577075,3.252040624976809,2021,4,11
2021-11-10,-1.5329490710259852,-2.0313231361094526,-3.9077517852733337,-1.916333539009002,-2.633499422712118,-2.3049133988338233,-0.822582339522971,5.343075471894446,2021,4,11
2021-11-11,0.49275163477392364,-0.08702956631145421,3.160341821357456,-0.03381765919122298,-0.2742598782592188,0.03050923289180684,0.055094004473511274,-5.7127587879079185,2021,4,11
2021-11-12,1.2905033037354308,1.9973511433266755,0.0,1.4337099534182274,1.5162029225161986,4.012326475354229,0.7222656026415437,-7.757638412921758,2021,4,11
2021-11-15,-0.19304904667364362,-0.15200680877852005,-1.2010458792498604,0.006670188720554785,0.5823804463116079,1.9566542729530094,-0.0010739820344702355,1.2277399898743093,2021,4,11
2021-11-16,1.0235967641097996,-0.3879943659103355,0.5928266043366793,0.6666830375407728,-0.14044861618779178,-1.3235200287712512,0.3865229864862413,-0.7277072986680136,2021,4,11
2021-11-17,0.06786869669479448,0.11561496365353278,-3.1188910789715947,1.6489715995516525,0.23441312596285901,-0.6385660191295381,-0.2601625374463396,4.520462633970261,2021,4,11
2021-11-18,0.6339831168270651,1.2101220644955475,8.249875237124671,2.853612018830673,4.14370073408148,-0.6103757376862746,0.3384780215271272,2.8053741970408117,2021,4,11
2021-11-19,0.5391724105920305,-0.6086705841306136,4.135775051690089,1.6976218108974408,-0.5273114275827374,1.951637423889455,-0.13986655593032743,1.8192137126112502,2021,4,11
2021-11-22,-0.9559541624351093,-1.76228411404569,-3.11961371625224,0.29272324485627194,-2.82873005220635,-1.242396578367852,-0.3197136556321924,7.035177217290142,2021,4,11
2021-11-23,-0.6326771511871483,-0.3554166633784996,-0.6571397432473379,0.24221113525661847,0.20909577736382318,-1.1026129299086902,0.16571329129452078,1.0954568786483514,2021,4,11
2021-11-24,0.06811188963397084,0.2318374546475569,2.9231804355523416,0.32838223305140096,0.010331533981327372,1.129735083392917,0.2293850635722237,-4.127963218285825,2021,4,11
2021-11-26,-2.4355458817917395,-2.694345694120661,-3.5838785991732958,-3.1678557904353566,-2.118470166984493,-2.328035361694894,-2.272482263758245,54.0366036423789,2021,4,11
2021-11-29,2.108104118883627,2.35433250406065,5.9454770703196305,2.1873448523940358,1.62674326887525,1.473942132735304,1.3200199537034971,-19.776385705068865,2021,4,11
2021-11-30,-1.7942665910017044,-2.496367278821307,-2.097332117222727,3.1577796989941405,-1.530227402249062,-4.014441434422161,-1.8961310334505175,18.42335199588757,2021,4,11
2021-12-01,-0.15426729026505168,-0.5962034395067121,-3.7861117787307172,-0.3206166233053047,-1.8063487303783592,-4.271701879237142,-1.1815187417889206,14.45384416323621,2021,4,12
2021-12-02,-0.1787305295105488,1.3572959856933047,2.19818004538413,-0.61301220833492,-0.18468889124809848,-0.06760413978559575,1.419443613158311,-10.186375291794606,2021,4,12
2021-12-03,-1.966681137243081,-0.674615497592997,-4.4605577814529305,-1.172436095446786,-1.3839076006382007,-1.1437357177956824,-0.8448563730297558,9.731660962818644,2021,4,12
2021-12-06,0.9844866628376661,0.8122899053988892,-2.1372901712293286,2.150280876256382,1.1086219388703151,3.594699207968529,1.1730872577451357,-11.379197138690987,2021,4,12
2021-12-07,2.6763533010905234,2.874202430386226,7.95687088753058,3.5446057414552303,2.7986504263362755,1.5541089522152256,2.0707080374404225,-19.462843473625675,2021,4,12
2021-12-08,0.014917025111965186,0.6226227906659264,-1.8534124401462158,2.2783164769741195,-0.0036898716574288505,2.400796304998458,0.30852853123166374,-9.090908298787872,2021,4,12
2021-12-09,-0.5582410182543158,-0.3697724260821336,-4.197832294722884,-0.29699268496720466,-1.1279643604146703,-0.22388564507063116,-0.718108016989476,8.442212750654608,2021,4,12
2021-12-10,2.8339990099259444,0.24585541920439563,-0.9576912693522853,2.801316829833837,-1.1247564604614615,-0.021205982548987076,0.9549073338481744,-13.392026876115585,2021,4,12
2021-12-13,-0.9167116615438172,-1.4695800731732052,-6.7454843274119565,-2.0674174659463205,-1.5356076499860094,1.4374344459508177,-0.9136167611567698,8.667730795045955,2021,4,12
2021-12-14,-3.2586829137522,-1.3163041003233755,0.624990827543135,-0.8023189886512436,-0.2807129379733741,-0.2242068761066439,-0.7470677577436055,7.779418834331037,2021,4,12
2021-12-15,1.9217947621957845,1.7608746929220025,7.4884459527985285,2.850905917302429,2.497757314592566,2.373115595371824,1.6348464630746833,-11.877563027025973,2021,4,12
2021-12-16,-2.9135143583566903,-1.362994405961228,-6.802595238720427,-3.9263738848412224,-2.564117463312524,-1.9786027512291662,-0.8743415379980434,6.635555824502576,2021,4,12
2021-12-17,-0.3385393711567069,-1.8830677898436197,-2.064317067842592,-0.6501811082244979,0.6789203705025603,-0.33142141738930625,-1.0287680637092587,4.8614487838403715,2021,4,12
2021-12-20,-1.2013628275413424,-0.08326766382934582,-0.2949587362659258,-0.8122198133481294,-1.7283556389377495,-2.4985839625220696,-1.138805785140997,6.0268945887890695,2021,4,12
2021-12-21,2.306897787883169,1.317390800028134,4.891960859729694,1.908697280017418,1.997864962192077,2.688608753416047,1.777793455157261,-8.132927599900821,2021,4,12
2021-12-22,1.8057353950562829,2.0509072290230885,1.1177921814432783,1.5319291912214696,0.36381058820253376,-1.122108001445637,1.0180197220578886,-11.327944037066292,2021,4,12
2021-12-23,0.4471871270806115,0.3425044608325184,0.816327460337346,0.3643631624515155,0.018413641582213564,1.449523835585175,0.6223699921661829,-3.596350544689856,2021,4,12
2021-12-27,2.318555047378242,0.673858641513301,4.402832930022791,2.29745245758582,-0.8178022851367992,3.263346718524189,1.3838935247475361,-1.5590133272275517,2021,4,12
2021-12-28,-0.3504140201132356,-0.8245000730640828,-2.013250603675917,-0.5767271044082571,0.5843719029521218,0.011567883574849183,-0.10101548486260742,-0.7918517377369783,2021,4,12
2021-12-29,0.20511304658788124,-0.02182859390482691,-1.0586281809326907,0.05021248027366847,-0.855492170863465,-0.9473818120246235,0.1401895139426949,-3.363740717171748,2021,4,12
2021-12-30,-0.7691049837799127,-0.30990774775667473,-1.3832914817957132,-0.6578118485137674,-0.32890070546229844,0.4140373969088137,-0.29897555945093546,2.241882853465444,2021,4,12
2021-12-31,-0.8841065476579495,-0.9223472815409877,-0.5914929932193113,-0.3535321243546007,-1.1429400216389622,-2.326028186183004,-0.2626179913657515,-0.6347409742402275,2021,4,12
2022-01-03,-0.46683281829343354,0.09629542641891221,2.414048281616197,2.5003986117237025,2.211832089888628,0.6511060701286676,0.6374052530970521,-3.6004585168824175,2022,1,1
2022-01-04,-1.714720189293525,-0.4083177136076672,-2.758864705353618,-1.269146837238849,-1.6915587005979515,-0.5937365482131121,-0.06296219570604951,1.8674666193889338,2022,1,1
2022-01-05,-3.838776527737095,-4.587615941173034,-5.75622540711463,-2.6599834715122435,-1.8893091563845044,-3.6727611718632187,-1.9392757790687134,16.67652111336825,2022,1,1
2022-01-06,-0.7901992621108597,-0.019977963903573474,2.0793976794689355,-1.669346640494204,-0.6710981961323146,2.557294600516353,-0.09637690162076905,-0.6082054468773909,2022,1,1
2022-01-07,0.0509806482465473,-0.5302817712819285,-3.3039896754651465,0.09885561961620716,-0.4287778294336282,-0.2015223294475163,-0.405021674009177,-4.334525012819405,2022,1,1
2022-01-10,0.07323914335624124,1.2060391727635245,0.5615125199715062,0.011576460025495408,-0.6570176170610371,-1.1211834206092066,-0.1441031253454983,3.411510564179688,2022,1,1
2022-01-11,0.22591752090122655,0.7691079719643765,1.521928843555723,1.678392405270967,2.4002125643924783,1.9203029599041637,0.9159984668711815,-5.103091704045949,2022,1,1
2022-01-12,1.044516099377585,1.2126361191590096,0.6542628784746495,0.2570459876435353,-0.09373300985386952,-0.33195591741685904,0.2817754443029363,-4.291140764402347,2022,1,1
2022-01-13,-4.232264506975884,-2.0105203659433766,-5.0859029784851835,-1.9028422015382507,-2.4169655027437873,-2.0344459534103323,-1.4243615286430744,15.266733817170575,2022,1,1
2022-01-14,1.7716638348607625,0.6447130332203661,1.3809990946121322,0.5111000143850553,0.5731487003565722,1.6601069563452833,0.08199802697487751,-5.51451975054396,2022,1,1
2022-01-18,-2.433932130265346,-2.496763201672816,-3.8564413893645733,-1.8894332584009859,-1.9862738846190189,-4.142789163021273,-1.838794569400735,18.759772179685953,2022,1,1
2022-01-19,0.2246995065424654,-0.6481800519512978,-3.227407695543063,-2.1024700813188084,-1.647710180601349,0.45261169651949745,-0.9689541868338767,4.65116026046397,2022,1,1
2022-01-20,-0.5703486982160949,-1.3388263750311178,-3.6582031518349067,-1.0346817145794651,-2.963230963415671,-0.9480997776491168,-1.1037378494148284,7.295596407914768,2022,1,1
2022-01-21,-1.8467950832242654,-2.2174442535463887,-3.2132486948450047,-1.2765284846332057,-5.950180896147472,-4.2298350344321545,-1.8914821867908642,12.739352127562045,2022,1,1
2022-01-24,0.11483004938655285,0.3471336906390937,-0.008546088506861633,-0.4864267374024066,1.3326983483115347,1.8273552507207371,0.27717389433818057,3.639512038741457,2022,1,1
2022-01-25,-2.6588529267959484,-2.9578470111597883,-4.484001771254543,-1.138486664782886,-3.153374554357322,-2.7728283347168747,-1.2171906253646778,4.214047641997164,2022,1,1
2022-01-26,2.8493212181230914,1.8103626425228385,2.006805831694215,-0.05629484942666289,-0.7954330670553542,-1.839091013240037,-0.1496635847751796,2.5673916591080737,2022,1,1
2022-01-27,1.0549019000705233,-0.17641509984606263,-3.6360411404019395,-0.2943387654954235,0.5508645722495668,0.003413624139312611,-0.5384088757710618,-4.599497357522366,2022,1,1
2022-01-28,2.808219004397906,3.3688485534231254,4.083114586643961,6.97777232748829,3.1084056738273746,2.399507953838103,2.434764688807601,-9.281731534766324,2022,1,1
2022-01-31,0.88233770675647,1.4641999667993386,7.206668796175128,2.6125810446805477,3.8863610302189273,3.82819549960589,1.888595173277949,-10.231380836290322,2022,1,1
2022-02-01,-0.7138649787258579,1.7298050792132356,0.6207642884364024,-0.09726537140244484,1.0830762802234422,1.8323359984023526,0.686300355780146,-11.558601885025823,2022,1,2
2022-02-02,1.5222138815366362,7.523761507208306,2.4514764229738453,0.7044124348437492,-0.3842715890623283,1.2539434609896256,0.9422515447336435,0.5919903166442058,2022,1,2
2022-02-03,-3.8952343259193256,-3.317572418280775,-5.126360631878961,-1.671965285723783,-7.812763251781235,-26.390104834914574,-2.4391082077443995,10.230874663969036,2022,1,2
2022-02-04,1.5568597918627307,0.1418915982185929,1.5491714278637692,-0.16794885833141432,13.535901735711855,-0.2817953065334895,0.5156929864423389,-4.640661397998012,2022,1,2
2022-02-07,-1.6310459037460177,-2.8557054323377393,1.6818324082616483,-0.4234494227958477,0.1877735318982695,-5.137288539507112,-0.370171263474298,-1.5503820570566686,2022,1,2
2022-02-08,1.1995312617110885,0.14223950358833484,1.5367036561398855,1.8466825676136829,2.2021627828944044,-2.103072882453547,0.8401207191663348,-6.211723702452286,2022,1,2
2022-02-09,2.1834621210560905,1.5731682362164188,6.360521695514231,0.8293727411696367,-0.13877341505965698,5.36834304648343,1.4517207887505488,-6.902991663801345,2022,1,2
2022-02-10,-2.837306549941309,-2.0989772242597233,-3.2989998293331713,-2.359903525817455,-1.3561706274733842,-1.6939585899874487,-1.8115725668459728,19.789583888369265,2022,1,2
2022-02-11,-2.4273729001524513,-3.129025304747393,-7.260693378824377,-2.0218260526995024,-3.5911106743631973,-3.735708002776726,-1.8969454344563457,14.42911244231088,2022,1,2
2022-02-14,-0.013593906837284156,0.9259896145726145,1.3278173655514809,0.14231966918464425,1.2221683270054289,-0.8426217432777492,-0.3840596726293252,3.545319048668063,2022,1,2
2022-02-15,1.8542419077872747,0.798749080791107,9.181208703515596,2.3152482924127744,0.8658352201907262,1.5158485057111077,1.5766721170720452,-9.283442173841532,2022,1,2
2022-02-16,-0.11671807744766348,0.8268344480772443,0.06036570684783552,-0.13890149369850735,1.015903953876896,-2.018094755830325,0.08812077558950768,-5.486380566359329,2022,1,2
2022-02-17,-2.9282230668397,-3.7745684250055325,-7.5591032522892325,-2.1269103388004287,-2.1808901106176712,-4.077774997764666,-2.1173138152195023,15.7266346267706,2022,1,2
2022-02-18,-0.9631116923349284,-1.611606493674832,-3.5295962044505016,-0.9355824256968802,-1.3261957754408205,-0.7462263884823971,-0.716616139614294,-1.2806851744392762,2022,1,2
2022-02-22,-0.07289712545519528,-0.4520730017328579,-1.0659116115460892,-1.781230133613923,-1.5753494788264888,-1.9790459313507043,-1.014294526483284,3.8198178952878656,2022,1,2
2022-02-23,-2.5893347292674553,-1.7143715368372718,-4.288174922479308,-2.5864239376193026,-3.575624663287666,-1.7963384211298943,-1.841212284548762,7.670951172469935,2022,1,2
2022-02-24,5.109346030961071,3.9995888087694733,6.079440382192857,1.6680204412990434,4.509522427819258,4.610754930643161,1.495685606732931,-2.2566110657946723,2022,1,2
2022-02-25,0.9233297005853714,1.332787291296991,1.7222623191789732,1.2965291057896449,1.6057930128421098,1.387267924748019,2.2372677655603423,-9.003956364492817,2022,1,2
2022-02-28,0.49781737678793964,0.4443764635949958,0.9438001758685033,0.16379423162898574,-0.14662630028149512,0.26131377592305355,-0.24426034406475985,9.278722188416733,2022,1,2
2022-03-01,-1.2851943938259203,-0.7371000649698517,-3.723606261524579,-1.1627819159190038,-1.5765550251120215,-3.572945384968317,-1.5473503680411849,10.514096571814397,2022,1,3
2022-03-02,1.7765657913410116,0.380438626870443,3.1823777531195128,2.0588245126492235,0.6024183962390823,2.270383279790491,1.8642691757320942,-7.743097080840672,2022,1,3
2022-03-03,-1.4224319012649305,-0.4993615132325139,-2.089164333476746,-0.1981251390947038,-2.7319556126581337,-2.469861079643661,-0.5254666430088314,-0.8458042642086151,2022,1,3
2022-03-04,-2.0478767019743946,-1.4884267961660635,-3.2807719698830033,-1.840820270375195,-1.526379299173933,-1.433703270762497,-0.7934042550334429,4.921259916429594,2022,1,3
2022-03-07,-3.7776594001877313,-4.19084931164729,-6.9061997414015,-2.3717551463832853,-5.622045424233627,-6.293106549566593,-2.9518158313449194,13.977489945863027,2022,1,3
2022-03-08,-1.0971371623220043,0.5744532036241712,0.7587507518205189,-1.167619737435274,-1.0465446730283343,1.5042200110234545,-0.7233753518199797,-3.6213982639098563,2022,1,3
2022-03-09,4.5858227049024665,4.968736927292797,6.972186463596998,3.4997478737584653,2.4001199930983774,4.314483388653439,2.569824789143572,-7.6288079239718805,2022,1,3
2022-03-10,-1.0086696606587382,-0.7423594893711289,-1.546847742654331,-2.718629230932149,5.412515560997302,-1.657426118743649,-0.4291813651667861,-6.841297899871076,2022,1,3
2022-03-11,-1.932828617894531,-1.9323647911915205,-2.4627387130350673,-2.390843180948146,-0.8806846762653932,-3.8932554572475886,-1.2961545123475138,1.7201470910945431,2022,1,3
2022-03-14,-1.29608696133153,-3.0180103186364398,-3.484163205361937,-2.6562501101876452,-2.5229488143872754,-0.5223422356031281,-0.7421002465963651,3.317074659394055,2022,1,3
2022-03-15,3.8742212450358395,2.577985828258538,7.702786718690581,2.9677054261784868,3.8867730338306616,2.893418206538533,2.1408574170871004,-6.106391268822085,2022,1,3
2022-03-16,2.5213362041440615,3.1598770359955672,6.629498812724396,2.9015592994108155,3.8933563723705094,6.0407204741485625,2.238376135718228,-10.593361902427768,2022,1,3
2022-03-17,0.28193596242314367,0.4190508574886355,1.1022207949678453,0.64539785306269,2.7007748989816847,2.067465859931278,1.2347817571452087,-3.749531297860272,2022,1,3
2022-03-18,1.7647892865472927,1.7083957313973255,6.811753282717293,2.0919047579303855,2.551215135836985,4.161859950130755,1.1662294827948778,-7.012073360774288,2022,1,3
2022-03-21,-0.42273084059887167,-0.017630339835826365,1.0622687787991438,0.853744809477574,0.14945523217748247,-2.3095644825726542,-0.04346603621039181,-1.424382658709659,2022,1,3
2022-03-22,1.6379383773915024,2.7674108532462736,-0.7854919172739311,2.08008603638355,2.103830044237699,2.439812019657237,1.1304113600650227,-2.50743788937816,2022,1,3
2022-03-23,-1.5030012299381226,-1.1385649929566093,-3.3554647002845917,0.8233495544060282,-0.8981816492546941,-1.4723996666907773,-1.2272698789159089,2.746290959458699,2022,1,3
2022-03-24,1.539300359284092,2.384013136837418,9.815084945339242,2.2677966880907707,0.1477901005191189,2.862354732107671,1.4343912920566533,-8.061093097712249,2022,1,3
2022-03-25,-0.1381146113199089,0.07134223438528242,-1.6270084628089827,0.37342339433985056,0.6868294014676454,1.0247311611061056,0.5066170567449128,-3.9686230148765276,2022,1,3
2022-03-28,2.3116352254293306,-0.15353560553714807,1.9030866731429743,0.503637860370148,2.5592678900108865,0.7979476433866768,0.7144955276586767,-5.670352404895388,2022,1,3
2022-03-29,1.515937336779552,0.7422830929376347,1.5486003339207814,1.9134583803073208,0.19202776425126913,2.8042313485704065,1.2256547427530489,-3.718795585561399,2022,1,3
2022-03-30,-0.4914117216520359,-0.3978760213046017,-3.3710266245238825,-0.664970886237917,-1.7801184330386868,-0.8744474573504314,-0.629370017469791,2.275133935739304,2022,1,3
2022-03-31,-1.7683238047866252,-2.0226948665464324,-1.4590154771763792,-1.7775735664849517,-1.986456735857169,-2.4094789265844985,-1.565254071317736,6.3631637200777895,2022,1,3
2022-04-01,0.3600497375611491,0.7787399887356672,-2.1036382065356203,-0.1718148941355647,0.34509732261244963,1.1198055870216694,0.3410222584358308,-4.523347905316466,2022,2,4
2022-04-04,1.7936573231411395,2.0128459759226924,2.425873134496713,2.369342241662392,2.926448456153091,4.020468871176048,0.8090938687879307,-5.399895625369895,2022,2,4
2022-04-05,-1.2985406987802939,-1.6650144329532819,-5.222950903807015,-1.8942034500386642,-2.5492089193307637,-0.8764953860791059,-1.2551720801807347,13.247178418139308,2022,2,4
2022-04-06,-3.660570495529669,-2.875725818725712,-5.877140550738978,-1.8450807478270919,-3.230012013198521,-3.683571290220728,-0.9716916613271877,5.087967950013863,2022,2,4
2022-04-07,0.6243744274711659,-0.4829678305545021,-0.8153127905245978,0.18040965428876393,-0.6119432350275124,-0.15673982270679943,0.42533856284926164,-2.488692918169998,2022,2,4
2022-04-08,-1.4600306678090078,-1.9140699166088535,-4.498539293664246,-1.1908848693572738,-2.106674055044381,-0.27808967102011234,-0.2651026482054331,-1.8097420113952358,2022,2,4
2022-04-11,-3.9431321962242425,-3.3491523505330982,-5.199174176037865,-2.5515913216201955,-2.1613947156313573,-2.6401993309062095,-1.687729010355421,15.170137121782048,2022,2,4
2022-04-12,-1.1217896145187847,-0.8608781622856579,-1.88438352266404,1.152352790815034,-0.22133635624076944,-1.0718009518404645,-0.34174477177418133,-0.45137712992800516,2022,2,4
2022-04-13,1.9712193412769738,1.7065252451324273,3.250554080311198,1.634253877978016,3.1524457068956617,0.3969232309393005,1.1174577597235968,-10.057710268084689,2022,2,4
2022-04-14,-2.7084209026779953,-2.435816163503028,-4.2561728831188885,-2.9988263286590784,-2.465268427488599,-2.2373086687386445,-1.2144137844397962,4.03300220175518,2022,2,4
2022-04-18,0.24656677458482237,0.7468740202558701,2.4696482008950777,-0.13308570891292307,0.7109164667871024,0.28071784629721114,-0.020486828403303504,-2.334804708512606,2022,2,4
2022-04-19,1.7039491597858485,1.826886609975362,1.9051706580902237,1.411500606114633,3.488883060861978,3.1029070874621594,1.6057604355527202,-3.60847647409787,2022,2,4
2022-04-20,0.37156892154145643,-1.5145374088377745,-3.2255173279170233,-0.10153595479973886,-2.6041044919075063,-7.7723187564584375,-0.061847507158093916,-4.913435204370568,2022,2,4
2022-04-21,-1.9381083361357379,-2.5191237413323306,-6.0469223096925875,-0.4843985667984291,-3.7026427673936846,-6.162048400408458,-1.4752948498371938,11.61417640647252,2022,2,4
2022-04-22,-2.4144717213737668,-4.149354435918928,-3.309725834983463,-2.7820900767708907,-2.6608937569704345,-2.105600395637197,-2.7740054250753707,24.382710339006827,2022,2,4
2022-04-25,2.4413301209445235,2.8741351193759317,1.9830904763524584,0.6737153417313788,1.1943186356370457,1.5642817788745698,0.569793698538224,-4.218357551680969,2022,2,4
2022-04-26,-3.7403736781052563,-3.594573505095665,-5.597420508815863,-3.7328141683574847,-4.5750773051087075,-3.2301167564398785,-2.81463084310039,24.056254218649915,2022,2,4
2022-04-27,4.810907830312708,-3.6708778232637616,-1.9853016645188828,-0.14666406602139645,-0.8781047317448939,-3.315830674846,0.20980468517017686,-5.727923777069186,2022,2,4
2022-04-28,2.263244529310998,3.699211112509621,7.423270309578226,4.515541119933925,4.653418536434309,17.59358466925258,2.4746900072939457,-5.094938578847829,2022,2,4
2022-04-29,-4.18122091515368,-3.7233447024503783,-6.243034712613355,-3.660485301599576,-14.049437774923398,-2.5567399692877846,-3.6284507106413995,11.370462756871177,2022,2,4
2022-05-02,2.5043856396403728,2.1676611622866973,5.316215091925228,0.1966565518747038,0.17580913238785562,5.317502965892524,0.5675242812353725,-3.17365666127203,2022,2,5
2022-05-03,-0.9456298668203023,0.6441702784564659,0.3532376675325154,0.9622379720253496,-0.19799044812060743,0.426283893972698,0.483712638148635,-9.554731410044921,2022,2,5
2022-05-04,2.9100854711595003,4.199119261770017,3.734328875897101,4.10081431199863,1.3480468532934875,5.367152900368547,2.986242108440237,-13.094016833183092,2022,2,5
2022-05-05,-4.3555080884612005,-4.70754327664473,-7.327640790244903,-5.571595981079235,-7.56103649042452,-6.772302038479854,-3.5649708609806936,22.738004206521587,2022,2,5
2022-05-06,-0.9446458139597975,-0.6514762566931406,-0.8968303028340304,0.47271002216639224,-1.4041240035030185,-2.1653472814190957,-0.5674224842484037,-3.2371801416157417,2022,2,5
2022-05-09,-3.6945235438877724,-2.795339099875234,-9.236945199334516,-3.318905004009042,-5.213354825727936,-3.710062194865169,-3.203710063235677,15.104337148978203,2022,2,5
2022-05-10,1.85954069568266,1.6745014939361753,3.8053295606591493,1.6112013826178229,0.06434445934944982,0.7338916140019325,0.2457897449853405,-5.0647433713185706,2022,2,5
2022-05-11,-3.320957889392436,-0.6927779303647901,-5.48453823459219,-5.184131237208107,-3.203225709010709,-4.507952681890934,-1.6463207503938329,-1.3034261391276334,2022,2,5
2022-05-12,-1.9957795575366848,-0.6676770173407397,-2.73602738408629,-2.6894256362352906,1.4790404884573298,1.324571085331209,-0.12959645058717323,-2.42629263577176,2022,2,5
2022-05-13,2.2596467986386997,2.8415310386524837,9.465255903218546,3.1916202648927228,5.727556035084921,3.8590028979894524,2.3869695423071553,-9.128106946002882,2022,2,5
2022-05-16,0.1455260589352994,-1.383426290000926,-2.4963407796994335,-1.0671896862136652,-1.9853161739721945,0.7149446726602843,-0.39464009295556757,-4.849329702742334,2022,2,5
2022-05-17,2.0344405064943936,1.7720185627613672,5.288474803866565,2.542263124532841,4.113327357999647,1.2897395036171917,2.016963223486367,-4.987255064177388,2022,2,5
2022-05-18,-4.552989872436517,-3.9266611415719717,-6.816311078849847,-5.6419396459431415,-7.156196640827216,-5.1228760877473505,-4.039526078745253,18.620684413680674,2022,2,5
2022-05-19,-0.3699636950934065,-1.3543353340697952,1.098122156560254,-2.4641420820776454,0.19278532990964745,-0.4941944926556796,-0.5833781800992609,-5.200254362444058,2022,2,5
2022-05-20,-0.22913600170853632,-1.3371580550344615,-2.511115877718642,0.17472346029058627,0.2534529516761649,1.1762419860425073,0.014614176965854023,0.2725721385563015,2022,2,5
2022-05-23,3.203200971726236,2.368982433365721,1.2220064526139458,4.011947082055756,-0.03160506951838895,1.389892171498037,1.855503993092353,-3.228001199756627,2022,2,5
2022-05-24,-0.3951508286864932,-4.949429111177251,-4.402886758021574,-1.92159481591292,-3.2141104325375944,-7.618607403952164,-0.8120797617175213,3.4059032173248336,2022,2,5
2022-05-25,1.1170053405249842,-0.1556841568381691,5.082332488366157,0.11399912593277178,2.5696475417555447,1.4066503323503448,0.9450764734207772,-3.6672322435561733,2022,2,5
2022-05-26,1.2875336403472464,1.8784413186961562,5.160530956277351,2.3199322366802533,4.0294992294865395,4.243054605127326,1.9883256167224177,-3.0666225361201196,2022,2,5
2022-05-27,2.7604088573744074,4.196960126383155,5.377861601870117,4.07566728668683,3.663208360378181,1.8264444789881162,2.4742262955109626,-6.472729769620028,2022,2,5
2022-05-31,-0.5013486348693742,1.2869790257876201,-0.7389505480474472,-0.5346159595091107,4.3970103790748265,-0.7635910024756337,-0.6274368617659118,1.8273764900883498,2022,2,5
2022-06-01,0.20228779185751034,0.1142763966466745,-1.885160124577653,-0.08732099196646874,1.2266042992872601,-2.58212233889631,-0.7482768681131888,-1.909125581535584,2022,2,6
2022-06-02,0.7928710955478041,3.2754685204852794,6.94321630184392,1.6811055393146586,3.145034300738619,5.417736998071977,1.8431018038486215,-3.7757929176263736,2022,2,6
2022-06-03,-1.6606975184594062,-2.619819466805344,-4.450786554682897,-3.8555448638370535,-2.5185068024527175,-4.063161636048031,-1.6347313992415589,0.2831780101831741,2022,2,6
2022-06-06,-0.4703209964455213,1.9901267125425615,0.35256498692443766,0.522755036600133,1.994280728922402,1.8188389990783198,0.3137400778913016,1.1294827307630162,2022,2,6
2022-06-07,1.395342941705438,0.28161762714714333,0.7452497115559887,1.7585980805533652,-1.4344105316090416,0.7207445284090783,0.9523393173235029,-4.188269843805871,2022,2,6
2022-06-08,-0.7669766890571726,0.03799591052833632,-1.4480376399218324,-0.5043400351891917,-1.4796745486375762,0.5059862290439537,-1.0793945785935644,-0.2497975526541764,2022,2,6
2022-06-09,-2.0783346634606747,-2.012486403050813,-3.217534369991273,-3.595593676969582,-4.150848957443051,-6.427982421674596,-2.3798693976353578,8.889821158196904,2022,2,6
2022-06-10,-4.456365122974136,-3.1993594390775404,-5.950794349222013,-3.862848605186417,-5.596211721574331,-4.58152343069615,-2.9110303335524703,6.3625904089826255,2022,2,6
2022-06-13,-4.2412771151902415,-4.2901523033564795,-7.817822407389337,-3.8284709010581834,-5.453719355874546,-6.441885102918435,-3.8768430665237275,22.59459624419341,2022,2,6
2022-06-14,0.9205025387527852,0.30359898455490353,1.207891846095934,0.667252462437174,-1.3118555361940338,-0.32264397666799643,-0.3773679745995764,-3.909470350260295,2022,2,6
2022-06-15,2.9735367114494498,2.8571294621686,4.363451111817797,2.0111169211216815,5.238980293477035,3.432475214529701,1.459250485898328,-9.391244773461935,2022,2,6
2022-06-16,-2.697012753088859,-3.399092366443742,-5.602947002036936,-3.965112704182051,-3.7243378610853535,-5.007389595358926,-3.251195148816343,11.24240320511834,2022,2,6
2022-06-17,1.0939978574813043,1.0468304361176464,1.7883669898296766,1.1533142158472802,2.4696097512579005,1.7840512562942814,0.2200865698254688,-5.523525220126551,2022,2,6
2022-06-21,2.4591206855839234,4.1071100166091,4.319913030114263,3.2760408625164086,2.3159471438540926,-4.08574560147117,2.447724228008699,-3.019590915677481,2022,2,6
2022-06-22,-0.24040958135356436,-0.050642456733959694,-1.243529992168622,-0.3826950271412638,0.24843268523026302,-0.7640893010459556,-0.13015723144006258,-4.1073194739407475,2022,2,6
2022-06-23,2.2636699388537287,0.6767462549848272,-0.8251842351850477,2.1573672067856693,3.203309399652416,1.860758021036964,0.953221740917784,0.345417863508686,2022,2,6
2022-06-24,3.4149797792840926,5.1077124963063545,5.553138963921112,2.4517475808921807,3.5752370649060348,7.18739849562586,3.056329358583575,-6.265059354983918,2022,2,6
2022-06-27,-1.049687205254504,-1.8152046008340146,-1.5006093300764254,0.0,-2.782069284939152,-0.3937360130446406,-0.2973071533776248,-1.0282731693130225,2022,2,6
2022-06-28,-3.1748884808074584,-3.3030245159074774,-5.258171168505158,-2.9789914092024135,-5.140434227234391,-5.197951077595124,-2.014303607589204,5.23191023189537,2022,2,6
2022-06-29,1.473785415697311,-0.273192481781384,-2.753102316564312,1.3023878110244924,1.4152668728781634,2.0288886330266527,-0.07117454091590601,-0.7052212927895767,2022,2,6
2022-06-30,-1.3179170449901567,-2.45163122811505,-2.464297910699397,-1.802792237417654,-2.488063835870791,-1.6408613027981536,-0.8759278267998676,1.9531223012811614,2022,2,6
2022-07-01,1.0707245334873061,-0.20693719599145804,-4.1955274993508445,1.6164958190422705,3.154127203651248,-0.7565857080253057,1.0553814029047304,-7.001039309054797,2022,3,7
2022-07-05,1.2597641120543686,4.161844400019424,3.03657742224114,1.8930190901776007,3.5962053023039715,5.099036484880354,0.15841285142366698,3.1460678973232112,2022,3,7
2022-07-06,1.2782670954056674,1.1557224284537169,1.1093115991025249,0.9607125374448525,0.7312791463036894,0.9394356034966026,0.3573164290430107,-2.9411813593453013,2022,3,7
2022-07-07,0.8226585121198529,3.6754247896449566,4.811633325287081,2.3999567854000867,1.7493221096553446,1.425473956231018,1.4964587965241702,-2.4317232684692076,2022,3,7
2022-07-08,-0.2756955672242392,0.48028532391671097,-0.12612257626076895,0.471462325556068,-0.67910332940135,-0.7608169491585974,-0.08302715298190844,-5.521474456557392,2022,3,7
2022-07-11,-1.176866260676796,-3.0807658564809737,-4.331345353315339,-1.4757943370527322,-3.2802500307216182,-4.681623957968943,-1.152746142277731,6.2094185249382745,2022,3,7
2022-07-12,-4.098135262121965,-1.4315820516069,-0.46199715388193047,0.6833944999668005,-2.2639810105564875,0.23941144646736642,-0.9243878717321568,4.27971278551103,2022,3,7
2022-07-13,-0.37449085383367575,-2.339062776351905,0.5436870253819106,-0.25368777270395115,1.0803884746268497,0.13475879193504375,-0.4456902512210068,-1.722246994999937,2022,3,7
2022-07-14,0.5381372665018195,-0.8854539856869151,1.371676443258705,2.0482615372847146,0.20832946047120215,-3.32742172130816,-0.29986339021522546,-1.5659958280126223,2022,3,7
2022-07-15,1.0390254469525664,1.2775348922162533,2.537096517418754,1.144983828948541,2.639434033114042,4.207519591208364,1.920124935943663,-8.219697377460616,2022,3,7
2022-07-18,-0.962123187718026,-2.4580006456354058,2.150723175207127,-2.064269963948504,0.18493974357441056,1.5361352578878242,-0.8363571580831375,4.4160120307020945,2022,3,7
2022-07-19,2.0766925064086585,4.384104282799491,5.533850570473056,2.6721642789680877,3.9117412664191096,5.112702025427041,2.762829164595968,-3.1620524157513525,2022,3,7
2022-07-20,1.0557630540538046,0.07909407359164193,4.796354450942865,1.35100909754089,3.8575396277054224,4.158617097241716,0.5895806193263222,-2.530615670340402,2022,3,7
2022-07-21,0.9798868123576526,0.38629168965700167,1.3646183321018814,1.5093889429456533,1.5150286399039405,0.04369388177302414,0.9861372709197121,-3.224449654420844,2022,3,7
2022-07-22,-1.6915757956867845,-5.632321080349252,-4.04982538777139,-0.8110482428824374,-1.7732481209791948,-7.588576009303857,-0.9332466976346756,-0.346170149689311,2022,3,7
2022-07-25,-0.5876501221487248,-0.3614259124673892,-1.703355944396288,-0.7398596080938079,-1.045579805948385,-1.5478288077789737,0.13151670479691788,1.4329132169649172,2022,3,7
2022-07-26,-2.6774319066622034,-2.316079571594403,-2.8841556144368665,-0.8826260330258916,-5.22536062650467,-4.500433441172242,-1.154320266205864,5.6934926753242,2022,3,7
2022-07-27,6.685180108184428,7.655688005045369,7.602981748382935,3.4234791253689396,5.3653895941994,6.553553861045143,2.6156273782937784,-5.872825968307731,2022,3,7
2022-07-28,2.854075847817988,1.025989137811027,1.0904971819953033,0.35718614749127364,1.0829110898360095,-5.224674573277011,1.213333869718089,-3.9156620325918614,2022,3,7
2022-07-29,1.566514951266287,1.8385713169963025,0.9953213398886193,3.279293559434568,10.361464095050726,-1.0079579505445064,1.42077600825818,-4.478280355650053,2022,3,7
2022-08-01,-0.972426967703475,-1.2551637604119719,1.5305889812209603,-0.6153629250542206,0.32604850044939654,0.5216715023820292,-0.2823084127197673,7.079232228236575,2022,3,8
2022-08-02,-1.1474501265874486,0.23507956753133016,0.4608868958644744,-0.928711443831302,-0.9084834427092144,0.16259340177917125,-0.666239555070484,4.772329883125627,2022,3,8
2022-08-03,2.783645176455033,2.5623213000780134,1.9810315127969924,3.8247565455158643,3.9952299225118315,5.37485347723365,1.5638477163140068,-8.274130869142017,2022,3,8
2022-08-04,0.4177337525187134,0.0931493751593366,1.7043315368402894,-0.19264066019315595,2.186068634144842,1.0485735682385933,-0.07773401640557909,-2.323463376561354,2022,3,8
2022-08-05,-0.26087319127642716,-0.6091926528538367,-1.1761641248690315,-0.13888525130626764,-1.2414983387324707,-2.0284931571072633,-0.16257460597355833,-1.3526161767891514,2022,3,8
2022-08-08,-0.9154889142714435,-0.14470866872087235,-6.298369453052691,-0.29029269354694975,-0.9872154542052647,1.8789952114978532,-0.12375507238540906,0.6619446785919095,2022,3,8
2022-08-09,0.7063449296923779,-0.5711890452861237,-3.973489787516272,0.030310163954889047,-1.1333489631663503,-1.0102680733682088,-0.42486928935940904,2.254577367755077,2022,3,8
2022-08-10,2.430046404075228,2.632253837402853,5.917151814756286,2.6194655001433524,3.526083251677465,5.820920078443017,2.129063764129019,-9.32476180045997,2022,3,8
2022-08-11,-0.7400982179895712,-0.7184617224665015,-0.8565202314619047,-0.44316990886146024,-1.436683030823844,-0.47660171850834965,-0.07054739583502463,2.330298871098885,2022,3,8
2022-08-12,1.7037231263650148,2.389763161680264,4.274890730796992,2.142557456270798,2.0691152408548437,1.695866581350727,1.7322368774566994,-3.3168319355867615,2022,3,8
2022-08-15,0.5344065405534367,0.3287375192623841,1.7264502956373744,0.6333730937640188,-0.2577571355697938,0.21606622804767975,0.39695418998517756,2.150537949448915,2022,3,8
2022-08-16,-0.2589472937519682,-0.31127389012920675,-0.8039194325903581,-0.09239585273204978,1.11747882760317,-0.7850200578074291,0.18756797165811245,-1.303259242800787,2022,3,8
2022-08-17,-0.2636496932096869,-1.7666270746290933,-2.8815083618278026,0.8784690594126112,-1.851079360669591,-2.5742311761856986,-0.7237794954094623,1.0665265554941084,2022,3,8
2022-08-18,-0.39475347490451773,0.5186025127327994,2.388870007592159,-0.22916762950909686,0.14074379989575486,-0.10866556661287186,0.22695611701914975,-1.7085435130927984,2022,3,8
2022-08-19,-1.3853827369292468,-2.463182826203878,-4.921953768070937,-1.5101790104922903,-2.860159688639215,-3.8360391188399587,-1.2900001139847943,5.316978240915496,2022,3,8
2022-08-22,-2.9355457409002117,-2.5339115607326255,-4.5660851760395404,-2.302952422940624,-3.6243902638259393,-2.9233038245448197,-2.1400064919715835,15.53397473948257,2022,3,8
2022-08-23,-0.4716182007138979,-0.33262909581872646,0.8629804010691223,-0.20290875144749307,0.30025063265215896,-1.189838983336199,-0.22378626777133184,1.3025268202878428,2022,3,8
2022-08-24,-0.2351503086739187,-0.14930349372608956,0.23861016093662002,0.17941536967810542,0.13471631578226134,1.3345085584201508,0.2916160446300983,-5.350480642350068,2022,3,8
2022-08-25,1.1095336352348257,2.60356348373614,4.012311024737439,1.49225246369131,2.6008936084948346,3.381082201765658,1.4091605518061454,-4.557401499065717,2022,3,8
2022-08-26,-3.8587114790291963,-5.409337701657336,-9.227908998996002,-3.7699151465132967,-4.756700784791717,-4.147366428012953,-3.3688058719518765,17.35536574897629,2022,3,8
2022-08-29,-1.0667912401135577,-0.8337768749603254,-2.8228730570225498,-1.3690197474337114,-0.7342307563037763,-1.6133196424059553,-0.6666355799502712,2.543034554427008,2022,3,8
2022-08-30,-0.8520620207069549,-0.4386795157094074,-2.107466954965354,-1.5305603521011182,-0.8167020675137084,-1.2627941469021249,-1.1028155571448206,0.0,2022,3,8
2022-08-31,-0.5704115161665569,-0.6609256534239664,-2.4178908129843397,-1.0635040898661348,-1.522565951622537,3.671394191581106,-0.7817025105971216,-1.2972081538174483,2022,3,8
2022-09-01,-0.4092496992545871,1.4045509016788764,-7.665299744262766,0.4706750501293447,0.8282741023605144,1.4914525630795503,0.29962320243362833,-1.1983044578061244,2022,3,9
2022-09-02,-1.6666731131239638,-1.7222543380575641,-2.0807910553534543,-1.3610901789156582,-0.24252664632599172,-3.047889953101802,-1.0736500458081004,-0.35211328039271683,2022,3,9
2022-09-06,-1.097390604346602,-0.9642967686894589,-1.3336300802106529,-0.8215083575399422,-1.0979542799969197,-1.1102815819359049,-0.4095056983834967,5.653712496578642,2022,3,9
2022-09-07,1.9111403177621489,2.4716588959967796,1.8795047097347966,0.9253983167791098,2.6722663554652923,1.1668923717189064,1.8341016392733958,-8.435527575753495,2022,3,9
2022-09-08,0.16661819037706016,-0.9775988152806461,2.0125315274995086,-0.9617916448985196,0.2625977818188718,1.0412126249128193,0.6610721877456055,-4.180189954589,2022,3,9
2022-09-09,2.297697797449884,2.0944799228051223,2.8377448437844888,1.8839681320926172,2.65752330426696,4.374919992442637,1.5271449816332958,-3.473103234333244,2022,3,9
2022-09-12,0.8281095465868151,0.18978626698141196,0.8201977517326234,3.850813152471459,2.3861278411006754,-0.11232738245196265,1.0584272769349792,4.73892005405856,2022,3,9
2022-09-13,-5.49784285604679,-5.899342133766134,-9.47260458974608,-5.867955824225155,-7.057528375812856,-9.369081504037958,-4.323661340061676,14.243818596528657,2022,3,9
2022-09-14,0.09127437006945097,0.6518436537361888,-0.022854337056403617,0.9555254106591017,1.3641407988460978,-1.0840293743730158,0.3387012085323974,-4.070409210556318,2022,3,9
2022-09-15,-2.7119239258149035,-1.9904709097088054,-1.5158387121393522,-1.8929730861451124,-1.7658531455242135,-1.2675738310560818,-1.1317739184353361,0.42049163223693353,2022,3,9
2022-09-16,-0.26080443207838716,-0.10688804481414599,2.0805896570434834,-1.0960429811495869,-2.1777003694830985,-2.1798846779974532,-0.7182134089448452,0.11419405700089871,2022,3,9
2022-09-19,-0.08989499261742195,0.2626429784333711,1.3941580560107283,2.5083013885190097,0.9147615105472536,1.1825984282760613,0.6857100716286505,-2.0532282275422022,2022,3,9
2022-09-20,-0.8465777437268214,-1.8725098203243393,-1.539383910657965,1.5665557015079152,-1.9813903001303104,-1.3039022523175843,-1.1272103097361836,5.4347810795459885,2022,3,9
2022-09-21,-1.443590568611721,-1.839041481096119,0.6451151802221468,-2.0267780224936023,-2.9871523471236454,-2.7175127052637764,-1.7116493600784457,3.0559643901660025,2022,3,9
2022-09-22,0.8495371507687063,0.8662433497844004,-5.27864709065937,-0.6375143331519992,-1.0376272544574259,0.49255241572943126,-0.8427580979689379,-2.286528741986018,2022,3,9
2022-09-23,-1.2698079327338774,-1.3980507273301088,-0.35824976468191166,-1.512372728260768,-3.009120154088929,-1.6874391351669844,-1.7232619015461001,9.396708076704286,2022,3,9
2022-09-26,-0.19751804987289417,-0.5772707008576431,-2.3010603038758646,0.22601784232832478,1.2040804722097727,-2.877278412662947,-1.034052620828202,7.82084973018858,2022,3,9
2022-09-27,-0.43799642516551457,-0.6824866046538395,1.5129450584607724,0.6566066703361313,-0.6426381710496317,-1.4445917855391288,-0.21203598092424283,1.0539372916239247,2022,3,9
2022-09-28,1.971153958167814,2.6153931291981958,2.602112664123805,-1.2651224281796365,3.146576661908937,5.364555257838101,1.967213992623483,-7.423307614159502,2022,3,9
2022-09-29,-1.4808912883467622,-2.628689138911015,-4.051510439886234,-4.911919452616379,-2.7201076403397066,-3.6720389996405416,-2.112643788023886,5.50033078405047,2022,3,9
2022-09-30,-1.9368478582676203,-1.8168646682053382,-0.6628346396445417,-3.0039287499117715,-1.5679468675155677,-0.5351539397607122,-1.5066695771983316,-0.6909526140081099,2022,3,9
2022-10-03,3.366245177926,3.1259739497879067,3.07272517920883,3.0752635225970746,2.548670135768114,2.1594776830510516,2.588389495257614,-4.807085444089201,2022,4,10
2022-10-04,3.3812557179189406,3.0413551544258755,5.234971974459608,2.562283132924514,4.496029692750949,1.2048089843211294,3.058370067955151,-3.4219291481457943,2022,4,10
2022-10-05,0.12855253638011488,-0.20661009948757547,0.3189697241605298,0.20534239176170707,-0.11561598305592638,-0.9266915922890261,-0.2017948757084862,-1.7887872831875384,2022,4,10
2022-10-06,-0.9670994581833163,-0.009857500309422305,-0.5980719864954662,-0.6625525920496237,-0.537407121029135,0.06475403976907196,-1.0245080846639991,6.900179591409168,2022,4,10
2022-10-07,-5.085291253130951,-2.7016387679748255,-8.027405449270466,-3.6718709920139543,-4.7714092664606875,-4.041135775394482,-2.800361778677356,2.7522940366608397,2022,4,10
2022-10-10,-2.13028850918167,-0.8309736365258056,-3.3620609121784772,0.23555471526616462,-0.7768849586377055,0.25478005010785715,-0.7492463633901878,3.475765725043049,2022,4,10
2022-10-11,-1.6750236850644635,-0.694865678441223,-0.7197892816918808,-1.0254928106027916,-1.2844190270001505,-3.924065983201894,-0.6519175777754364,3.6363644913174786,2022,4,10
2022-10-12,0.1508322899789174,0.39101436816226814,-0.7422702938566518,-0.46053422551727335,0.6149206372302082,-0.8090838389072939,-0.3290773148014927,-0.17841620988797177,2022,4,10
2022-10-13,3.760792153419808,1.5375237741786167,3.999996009580996,3.3613264095758995,-0.32772607757424993,2.1882264848968336,2.596564246086497,-4.855523311243619,2022,4,10
2022-10-14,-2.424867855505223,-2.5237236236692953,-6.128754647095707,-3.2240026758438454,-5.003107895219998,-2.709332016398576,-2.3662663615654416,0.2504693875028298,2022,4,10
2022-10-17,3.9245763598221926,3.531490293559096,5.8875734581005155,2.912278605024917,6.445275295885258,5.743158852016079,2.648005230217109,-2.029980041342168,2022,4,10
2022-10-18,0.4083724129550992,0.800240219893595,0.6645380988547166,0.9409380697088101,2.2585461588422633,-0.9251211099342271,1.1427569666488615,-2.773352935793734,2022,4,10
2022-10-19,-0.8469631872531833,-1.131298447391987,0.7019333665407474,0.07651188832118903,-1.108629175628058,0.3237945511355912,-0.6672097293450341,0.8524597668256915,2022,4,10
2022-10-20,-0.13954576983459543,0.34127203755645696,1.1866342227794549,-0.3266988730363709,0.15642678860967926,-1.275980781162076,-0.7950909706564918,-2.5357629416177083,2022,4,10
2022-10-21,2.528062444779104,1.1603390796190358,2.2306008165601376,2.7059075400470998,3.5314530974613607,-1.1556406112034001,2.3724819822264815,-0.9673082475206695,2022,4,10
2022-10-24,2.118785356692372,1.3744704046927856,1.0669186651483769,1.4802584188180372,0.4190412347291421,-0.22305438661403984,1.1881976654619946,0.5389014635704448,2022,4,10
2022-10-25,1.3791701835832024,1.911828577799517,5.254367959570053,1.9337808102322354,0.6509754475742734,6.005262512099688,1.6266654579669864,-4.656620700949656,2022,4,10
2022-10-26,-7.715626599027478,-9.140507110669123,-2.7524317470332798,-1.9627219150445587,-4.096181487988796,-5.592311607418153,-0.7387716072364532,-4.146164567064015,2022,4,10
2022-10-27,-1.975626196871948,-2.854734048129686,2.1712127766280758,-3.046526960721818,-4.063638620803932,-24.55709435607299,-0.6082610618211262,0.4032210419143347,2022,4,10
2022-10-28,4.022059446126341,4.413365249949504,4.9939340641479975,7.555237672300221,-6.80424971580574,1.286479948516307,2.4626377895927596,-5.9875846155303165,2022,4,10
2022-10-31,-1.585630816210355,-1.848585870737758,-2.4360306722714045,-1.5410166793767308,-0.9380148789788165,-6.088682832369552,-0.7454404107657536,0.50485110977321,2022,4,10
2022-11-01,-1.7059361906957196,-4.274682322782873,0.34082181293602803,-1.754285132153734,-5.515425020719421,2.1897733102930506,-0.41012306087846945,-0.2704779640423499,2022,4,11
2022-11-02,-3.5368313194452057,-3.8686865421231835,-2.3923889136316543,-3.7304928493169367,-4.824876665742584,-4.894952675476799,-2.500198485734289,0.1937278010220758,2022,4,11
2022-11-03,-2.6578851763802107,-4.0703628771747224,1.5281057727001879,-4.240516083341389,-3.061224067244017,-1.800319103663,-1.0585992315429726,-2.1655118332319425,2022,4,11
2022-11-04,3.3325486050996562,3.775620837801673,5.476492408612932,-0.19474150918625918,1.8812992696115158,2.114491970506981,1.3618724670070603,-2.9644269668647545,2022,4,11
2022-11-07,2.92696415560413,2.206041851728839,1.0243099453877855,0.3902429834479784,-0.494619214148912,6.53155724459507,0.9613981920559942,-0.8146593148927807,2022,4,11
2022-11-08,0.43884087774253105,0.463336261150888,2.1047339081504415,0.41751183855002516,-0.6075283660437413,-0.25847924084870355,0.5597892802462802,4.887065771724602,2022,4,11
2022-11-09,-1.9050061713326985,-1.7772989274526172,-5.65675002612376,-3.3190213953794663,-4.267619275421217,5.182973778222007,-2.077788695478981,2.153481665406552,2022,4,11
2022-11-10,8.226802684199445,7.581318352944702,14.32927690405845,8.897478037878678,12.177847617944293,10.249327861807524,5.543448436034495,-9.812186473630412,2022,4,11
2022-11-11,1.6997352269871577,2.629343610046014,3.663476151014881,1.9268567827799419,4.305085149903829,1.027971070984084,0.924074678814797,-4.29239353764687,2022,4,11
2022-11-14,-2.2500213825270077,-0.7364367202359586,-0.1959974408842745,-0.948553266313583,-2.281975425008139,1.0617610298147193,-0.893577704880104,5.372997601585369,2022,4,11
2022-11-15,0.17388360620096474,2.8631242398965813,2.27678434705041,1.186949924127466,0.45690383531042505,2.50395284975778,0.8713116550319036,3.413406611531189,2022,4,11
2022-11-16,0.18234248831026997,0.4164880345894775,-4.536189125009092,-0.8331438085270959,-1.8394983322362963,-3.2883496858290147,-0.8252046497990291,-1.7522424170070203,2022,4,11
2022-11-17,-0.02067712152135833,-0.49568665632762987,-1.464474657753741,1.2971661586028815,-2.33731899533006,-1.5720381558149537,-0.3089322835531394,-0.7465794301908836,2022,4,11
2022-11-18,-0.19032730049058094,-0.9455251730778711,-1.7095190374223215,0.3781940008689618,-0.7485493894513584,0.5383728559571637,0.4758581908814725,-3.3848702700065965,2022,4,11
2022-11-21,0.3440829686965105,-1.87826737373423,-0.5970505961137298,-2.168024876831804,-1.7845764989037303,-1.954480234126985,-0.38836886983298213,-3.287198102485171,2022,4,11
2022-11-22,1.2311419991233081,1.5167448193283457,4.707192885085959,1.466088326587407,0.8003437930963633,1.4381851598301194,1.3579987927526094,-4.785329452669435,2022,4,11
2022-11-23,1.0406960364052757,1.4528579951008562,2.9991200851575877,0.5926571762851573,0.9978544373689721,0.7178672140231676,0.5914689147847654,-4.415220731024256,2022,4,11
2022-11-25,-0.036358397195586055,-1.0156410440621078,-1.5073671460958304,-1.959385723864996,-0.7648928209040715,-0.739468482879085,-0.02830441976333528,0.7370988487393833,2022,4,11
2022-11-28,-2.3152477306257864,-1.4467460553825575,-2.722792698055582,-2.6264114870233715,0.578089353348194,-2.3606616619151413,-1.5444192913123216,8.341458948647103,2022,4,11
2022-11-29,-0.5914870165740477,-0.8953735507236505,-1.1878440206676222,-2.114825209963777,-1.6285245651894633,0.6251221991046296,-0.15918653377758896,-1.440791121184401,2022,4,11
2022-11-30,6.162349424122791,6.093070297423434,8.237954710982386,4.859378304546088,4.45791260355859,7.893291597092607,3.0947872397389045,-5.984465520642583,2022,4,11
2022-12-01,-0.17637461019980985,0.0,1.252714236771248,0.18915257570479618,-1.0772746070691943,1.9813759605559553,-0.08676332180498107,-3.595722905060655,2022,4,12
2022-12-02,0.12958017870603933,-0.544608534796801,-1.5115312126900347,-0.3371093472483668,-1.4345578498241165,2.532375643977567,-0.11946604880656424,-3.93145504358157,2022,4,12
2022-12-05,-1.890043816864656,-0.9557855865216162,-1.5761981851932905,-0.7983547666225662,-3.3145598727553445,-0.8583783451248069,-1.789421228356481,8.866739671621804,2022,4,12
2022-12-06,-2.030379675379354,-2.5130607216297745,-3.750755111250084,-2.536974415422139,-3.032636052572655,-6.787537773529341,-1.4399194981406045,6.843373861657567,2022,4,12
2022-12-07,-0.305969768463391,-2.1035283547783905,0.8319114808734613,-1.3784759691299564,0.23795930251859065,-0.1664996796139466,-0.1862370884549049,2.3004069784698453,2022,4,12
2022-12-08,1.2399203530809624,-1.2955747339415788,6.507471316708694,1.213267806558902,2.136558228814393,1.2288247382575366,0.752178195750402,-1.7195740052941537,2022,4,12
2022-12-09,-0.8003335024230877,-0.9390545174503497,-0.9785398837282449,-0.34350115760444905,-1.394579034322143,0.4942385176551426,-0.7349578247904452,2.4226064872098974,2022,4,12
2022-12-12,2.8889227651114244,0.5170610666863673,3.141036358834167,1.6390037281492187,1.6387998359881355,-1.0267524741820802,1.427929621810934,9.505037597659717,2022,4,12
2022-12-13,1.7464864186267355,2.4863416804210168,3.06241898787857,0.6782429669867628,2.142456926150328,4.742395513024059,0.7289664438793358,-9.800003051757812,2022,4,12
2022-12-14,0.11677044599078261,-0.5855888558549146,-2.202291407823586,-1.5535684455290986,-0.9838858835905653,1.1985015179180374,-0.6052724634100329,-6.25277115351205,2022,4,12
2022-12-15,-3.1918384210808246,-4.428299385070191,-4.085099672572929,-4.685462217107786,-3.417782070573314,-4.474053644502706,-2.4921675023713963,7.994326314338282,2022,4,12
2022-12-16,-1.7348595490853758,-0.6603566596891194,-2.2475351335235145,-1.4578856344021038,-0.6670394101153786,2.823930107981392,-1.1137750774080728,-0.9198383056260936,2022,4,12
2022-12-19,-1.7328115226431406,-2.016419453313661,-1.9129827100075052,-1.5909317444320157,-3.346235398341054,-4.144690321123927,-0.9007516001852305,-0.8841766380156829,2022,4,12
2022-12-20,0.5614499735183578,0.6558242511110196,-1.0397649832415665,-0.05288255032927623,0.3179513404178055,2.2798796315438863,0.10373383615348976,-4.192687470378459,2022,4,12
2022-12-21,1.0876585868602981,0.6290705198817584,2.586281992942398,2.380973884530244,1.8546709195681472,2.2802952588900203,1.4867993802734698,-6.564245239575603,2022,4,12
2022-12-22,-2.5528607472251696,-2.0317005221841704,-7.041981118141077,-2.3772819528388394,-3.4343619255829334,-2.2044040182965503,-1.4451699568616316,9.466864212360989,2022,4,12
2022-12-23,0.2267042581053904,1.6750196044002617,-0.8670744443902336,-0.2797962071548122,1.742450254827602,0.7855236438034213,0.5868102525281976,-5.006820703232604,2022,4,12
2022-12-27,-0.7414181638016996,-2.0620889298224867,-7.135349852353627,-1.3878722332583298,-2.592374292636547,-0.9827329606779791,-0.4049622110409685,3.7374161376676116,2022,4,12
2022-12-28,-1.0254877861890683,-1.5676995687575492,-0.6019176921145791,-3.068503188314476,-1.4691729374427325,-1.0780104666920476,-1.2020638322615396,2.263278428415178,2022,4,12
2022-12-29,2.7629523827239915,2.8249380755448823,4.039608625972366,2.8324227440623533,2.8843811038303535,4.0131487634760825,1.7461331644819085,-3.161693201844012,2022,4,12
2022-12-30,-0.4937354538793356,-0.24871597690137712,0.0753154336946995,0.24690020338556906,-0.2138278742257429,0.0665090109415699,-0.25407424823445385,1.0727590322163096,2022,4,12
2023-01-03,-0.10008643620371462,1.0087203520244548,-2.0459759229547108,-3.7404762901448105,2.1666663033621654,3.6563055177929136,-0.40005488792486,5.676047706072207,2023,1,1
2023-01-04,-4.374304359035629,-1.1669678579238636,3.031777605900426,1.0314530332347163,-0.7923564525680042,2.108396341058229,0.7538970575044417,-3.8864602815463183,2023,1,1
2023-01-05,-2.963785867680073,-2.1344359707222127,-3.281587385523836,-1.0604969121672203,-2.372558911847964,-0.3375984196709004,-1.164552887462207,2.0445199950535455,2023,1,1
2023-01-06,1.178531526747211,1.3224991293943265,4.164043232014316,3.6794244698970933,3.561115239008307,2.426322462498476,2.284078102943856,-5.921638370081358,2023,1,1
2023-01-09,0.9736432853763037,0.7785791888189588,5.175319805481027,0.4088706726965903,1.4869873978500494,-0.42299839543767787,-0.076763254526318,3.975391320164232,2023,1,1
2023-01-10,0.7617124368510202,0.45444230734756647,1.79805716106506,0.44563351055261724,2.8731709234134906,2.718758637581084,0.6978233159062028,-6.32680670501216,2023,1,1
2023-01-11,3.023816957570655,3.5059864515614025,0.5782762821232226,2.111249555910313,5.808382587934351,-0.07517546724195191,1.2849424614881673,2.4781352321307244,2023,1,1
2023-01-12,1.1621491539011284,-0.4261297931401749,3.1873061839255747,-0.05992513717102204,0.18929468094222265,2.8745784617001187,0.34159058663652064,-10.715980144763147,2023,1,1
2023-01-13,0.301862410405364,1.0863706106436313,2.3499515532988386,1.0119171897509027,2.9915043601747033,0.19746521438879544,0.3996858363534461,-2.5491213180093117,2023,1,1
2023-01-17,0.4681913958974411,-0.9010022202117138,4.751773129871158,0.8756089477930256,-2.1096612687328187,-1.1826472027583013,-0.2030491189005214,5.504088326350982,2023,1,1
2023-01-18,-1.8889280284468772,-0.18620797926274624,-1.8359523608719348,-0.5369804305386516,-0.6142675153973964,-1.7286988688780123,-1.5562598500411053,5.0619809470064485,2023,1,1
2023-01-19,-1.6453922515009551,2.1180896697323917,-3.521919661003338,0.044369253645113224,-1.8646540921519936,2.3530004779344353,-0.7638350296294368,0.884957245946134,2023,1,1
2023-01-20,3.5743564662998044,5.341186718068534,6.406227908143486,1.9220826359020258,3.8108450930769027,2.365041086606613,1.891840104598148,-3.265107511439909,2023,1,1
2023-01-23,0.9824215002548786,1.8057671157212776,7.590109728431267,2.3500400747040655,0.2776315095798522,2.7983147943870175,1.188134498366531,-0.20151594336836995,2023,1,1
2023-01-24,-0.22259512613195487,-2.094392518030093,0.37510640813254437,1.0062957403405748,-1.2305137300550824,-0.0907448224250271,-0.07115031258157385,-3.0792464384042395,2023,1,1
2023-01-25,-0.5908156988671586,-2.5383863557616992,0.30110102060793137,-0.4700729682240211,0.8928577793566739,-1.1457297013895902,-0.01817250594663349,-0.6250043461718422,2023,1,1
2023-01-26,3.0713606002558027,2.4154594058029355,2.4788892518448598,1.4803461163639775,2.0991983012153725,4.098949499507561,1.1007853469181397,-1.834383558014938,2023,1,1
2023-01-27,0.06451292425790361,1.8970392262037998,2.843149965348748,1.3684216993846468,3.0437377604428586,3.0142547394690995,0.24948409709490793,-1.1745825879941516,2023,1,1
2023-01-30,-2.196154738785182,-2.445402054678386,-5.907192719581154,-2.0078027992374783,-1.6529683561452784,-3.08421950253988,-1.2968740984683393,7.7255553079059345,2023,1,1
2023-01-31,2.101280962620653,1.9599756781602553,1.9569971787086224,0.9020811815550013,2.565881773600854,1.298777895155355,1.4642470285510185,-2.708128891997869,2023,1,1
2023-02-01,1.9934481376334392,1.6086623695905942,7.196624758263086,0.790073534354121,1.9586971068148555,2.785809259534546,1.045230394459039,-7.886591800937295,2023,1,2
2023-02-02,4.6884478390712765,7.278686172593933,3.6575165240910263,3.706284326907451,7.379935352944927,23.282374207295604,1.469937324431002,4.812527490848303,2023,1,2
2023-02-03,-2.3620734505114873,-2.747339968005889,-2.805275166285344,2.4399677092299705,-8.431497620839847,-1.1866244482746626,-1.0354610691310477,-2.1356093342568987,2023,1,2
2023-02-06,-0.6115757108692168,-1.794231476274727,-0.0521201806385986,-1.792889368583668,-1.1703250716856115,-0.25196949587797957,-0.6140463017754447,6.001093213574453,2023,1,2
2023-02-07,4.202207619713045,4.606401219080355,5.140090850436151,1.9244770692868811,-0.06850625818668453,2.988283684407329,1.287251059802658,-3.9629461949033447,2023,1,2
2023-02-08,-0.31020380967440797,-7.683016693023068,0.14433675656806816,-1.765272455931905,-2.0174297779652686,-4.274095487987498,-1.1080724476164745,5.1982814645575575,2023,1,2
2023-02-09,-1.1659544043884675,-4.387641751871609,0.594455666987058,-0.6911492971960363,-1.8091005824876691,-3.0038653835432165,-0.8829796177735206,5.50178283178224,2023,1,2
2023-02-10,-0.19725716343056018,-0.4631027854218056,-4.799214928947287,0.24560792873698137,-0.6412838631079703,-2.118939192388456,0.21952617756952097,-0.8691376426090835,2023,1,2
2023-02-13,3.1242857245109525,0.04229834749138325,2.4594431668570316,1.8806858202894745,1.9772567289289662,3.031871670523001,1.1448609342766167,-0.9254774851576602,2023,1,2
2023-02-14,0.31327372020900646,0.07398470955550679,5.429588937784028,-0.42249512617953106,0.1607354141483495,0.027880717496937234,-0.028041453198743797,-7.0304832568737226,2023,1,2
2023-02-15,-0.7993105768971301,2.3869866268297657,-0.9011195902242194,1.3903432875218833,1.4643999584324248,-1.2926260933790827,0.2773175690496074,-3.595982605303095,2023,1,2
2023-02-16,-2.6622577605833797,-1.4751427653563374,-3.347384160451673,-1.0429320320132405,-2.975486385196622,-2.6642638795030016,-1.3788741489130634,10.64180242880923,2023,1,2
2023-02-17,-1.5601610840209381,-1.2145392700063569,-2.7906711247759737,-0.7546761282417189,-0.9679109147912077,0.2551673574848125,-0.27674058253277856,-0.743676836702494,2023,1,2
2023-02-21,-2.088664987955609,-2.7133007906380415,-3.4271725060420817,-2.667982573878348,-2.6954683121879266,-0.46275255978995955,-2.0041234255327387,14.23576581570211,2023,1,2
2023-02-22,-0.4590995136901836,-0.15252378692689433,0.4793173778671261,0.2896066554537526,1.2793392483054082,-0.5578739732452136,-0.15735561458868064,-2.536073032017852,2023,1,2
2023-02-23,1.2961725770378523,-0.8292234826025744,14.021406934858035,0.3290689770237519,0.031317234586237766,0.5376285139118556,0.5329429416074455,-5.159270877722614,2023,1,2
2023-02-24,-2.17843876312619,-1.9364221839200089,-1.597391311231718,-1.8005311345947166,-2.421206117943178,-0.9590665899229849,-1.0537551485558123,2.507098873924432,2023,1,2
2023-02-27,0.37717282810465186,0.8302413019399528,0.9233098614037794,0.8247328610928375,0.2780771510486297,-0.49886585704419567,0.3073004567167021,-3.32256257877055,2023,1,2
2023-02-28,-0.2958023919125445,0.2114268477324158,-1.2127160835056263,-0.34476275171247495,0.501281154004484,3.185090533694216,-0.3036001828185508,-1.1933173789771405,2023,1,2
2023-03-01,-1.2629249504027094,0.333102803687198,-2.231194816780038,-1.424604167715566,-2.186145722806772,-0.8688773987969687,-0.47252648456800483,-0.5797141778286486,2023,1,3
2023-03-02,1.9653251720176779,1.814973243902437,2.713891897586868,0.41290603252898544,-0.043399062951073375,0.6400687147848699,0.7582194086794395,-4.810494532498931,2023,1,3
2023-03-03,1.6645979428962419,1.793487077370458,2.470590724025086,3.5089993988613726,3.0066258059702395,6.142214024097587,1.6147737160748878,-5.615111653403503,2023,1,3
2023-03-06,0.6189051792846275,1.5803394853261352,-1.4064127704577623,1.8539583584677874,-1.2118034851298762,-0.18893388210688467,0.06871667698291847,0.6490040060511126,2023,1,3
2023-03-07,-1.0588968524881124,-1.335004303646667,-1.1125410180719337,-1.4496652596438542,-0.213330078125,-0.21092459661918478,-1.5326919115337725,5.2659833965358205,2023,1,3
2023-03-08,-0.1770688781182459,0.4155059798894384,3.834596715744661,0.8377140468492336,0.3955051898638583,0.2493020858493999,0.14147940136838344,-2.450227353229086,2023,1,3
2023-03-09,-0.5439464637618098,-2.0477327931817153,-3.0809328280053903,-1.491436025350865,-1.7781071140368678,-1.7732495663173788,-1.845935787384872,18.31501773005758,2023,1,3
2023-03-10,-1.4782810353215845,-1.8305994732626476,-2.0097365408979164,-1.3878742856907682,-1.6476928380123645,-1.199862338907998,-1.4478138457051366,9.685973319727974,2023,1,3
2023-03-13,2.1440830996476894,0.5296209729259824,0.004352667610993024,1.3265667044715883,1.8736877387233928,0.7743410215438262,-0.15097610031894018,6.93548900651898,2023,1,3
2023-03-14,2.7055887211446787,3.1390702785703954,4.776632568370733,1.4089374255001734,2.650651238940865,7.252631544048019,1.6476655480623836,-10.520365261572147,2023,1,3
2023-03-15,1.7830312653983458,2.2773246356251096,0.6857048905847527,0.2621376771125052,1.3912307472971253,1.9224908370440785,-0.6980883565437678,10.155920328285813,2023,1,3
2023-03-16,4.0536637118875065,4.380380614144321,5.419352324520739,1.8694204905856506,3.991688242309578,3.630834081716261,1.7562006217166743,-12.050496144149445,2023,1,3
2023-03-17,1.169423531226738,1.295861379499247,0.7203993108950687,-0.545390521047328,-1.089568130057839,-4.547897190388,-1.1019457310067555,10.961289616581439,2023,1,3
2023-03-20,-2.576657614401281,-0.39362340386838307,0.6802681666118363,1.548370844893518,-1.2531560404374114,1.1246903322009936,0.8918403718309993,-5.331244994705258,2023,1,3
2023-03-21,0.5693578804204694,3.6554126197036325,1.154454045359935,1.1944243658711877,2.967968020726093,2.199081128618359,1.2982193897785015,-11.469981372746082,2023,1,3
2023-03-22,-0.5442242371729477,-1.477308974320977,1.0267443174444255,-0.9103564684919969,-1.898423268583957,-1.1624499699443114,-1.6463223775713667,4.116001415613157,2023,1,3
2023-03-23,1.9721632948724581,2.1572798879270914,2.731600093584548,0.6969451783711977,0.010133876939949474,2.237125876072624,0.2984528733375506,1.572328741558633,2023,1,3
2023-03-24,1.0480599575674916,-0.151499160176414,-1.5151977363165265,0.8305574641957726,-0.587581639584802,0.8468807656323071,0.5639807253104481,-3.8478585393539753,2023,1,3
2023-03-27,-1.4933905372699872,-2.826269788009326,-0.9260974161955602,-1.229308720151002,-0.0917113425145748,-1.538771391078212,0.1646954305748324,-5.243787496092524,2023,1,3
2023-03-28,-0.41611778441917907,-1.395662534606098,-0.4560849896739552,-0.3980618078470763,-0.815996577200266,-1.0648823402665117,-0.1573843495716262,-3.058257555577222,2023,1,3
2023-03-29,1.918404560089773,0.35632837704389225,2.1734258120856476,1.9790886043852307,3.0954362426533533,2.3271029885148375,1.423726887983651,-4.256377082360119,2023,1,3
2023-03-30,1.261983795668227,-0.4931378313368257,1.4786499819845267,0.9889936628077088,1.7456359102244388,1.2125562512777999,0.571526938866802,-0.5230145244791526,2023,1,3
2023-03-31,1.4962239218373479,2.8149490990969683,1.4388594657944225,1.564402646709211,1.2647067799287683,1.9726757264163082,1.4436542471763842,-1.6824378923376935,2023,1,3
2023-04-03,-0.37114533689554086,0.607341659420155,0.676816715564617,0.7701765191437744,-0.8519675143943976,0.5331838968174042,0.36988464765424645,-0.8021471644866794,2023,2,4
2023-04-04,-0.017429037168321008,0.34495098554052794,-1.8308681025497184,-0.3249780903432191,1.5037527888523978,0.774375804310781,-0.5796972083329979,2.4258802234363905,2023,2,4
2023-04-05,-0.9889077927155074,-0.2387172333438538,-2.0835564055933364,-1.129012794355778,-2.7417013542964686,-1.5089397750517106,-0.24923705312282204,0.4210522300318668,2023,2,4
2023-04-06,2.553293116213149,3.780983058689697,0.5803394184291147,0.5495790591133843,0.9495540049077156,2.184612639207972,0.3579163094427211,-3.5639429134950413,2023,2,4
2023-04-10,-0.7579080231142031,-1.8262275038703535,2.004665580387597,-1.5972405320427663,0.10778033801971233,-0.624719925346161,0.09963029974375173,3.0978244926167466,2023,2,4
2023-04-11,-2.266833100084212,-1.024067224917024,-1.4866387340638942,-0.7590994540485352,-2.2022120390757625,-0.4190838175512348,-0.0041352477946236315,0.6852982225661772,2023,2,4
2023-04-12,0.23335681919191306,-0.6739427811670682,-2.4807785179471433,-0.4353092172585839,-2.091669711959809,0.07013645938812789,-0.4134884052006932,-0.052357218230937176,2023,2,4
2023-04-13,2.239939851258205,2.6663015276990714,-0.12078571017907433,3.4103480289245205,4.67136830142994,2.967295035421647,1.3262689993638066,-6.757469383008191,2023,2,4
2023-04-14,-1.2765683954239224,1.3404165546882518,1.1147621921788253,-0.21141089115165407,0.10742246944572822,0.5173565591618781,-0.20693734728036722,-4.101121199580898,2023,2,4
2023-04-17,0.9296212091454604,-2.663748854757883,0.9118960046987997,0.012126312851556393,0.22436418178336404,-1.1874012544310746,0.3306156902965546,-0.702981453017544,2023,2,4
2023-04-18,-0.14888624761125055,-1.3871825903362514,2.462775974639573,0.7504461717005237,-0.42826048390145,-0.4432201206209115,0.08552202959737366,-0.7079695211328593,2023,2,4
2023-04-19,0.027706731628384985,-0.306217239675572,0.9542148865950182,0.6968299950000391,1.9550341547772163,-1.005085100334179,-0.008426199769801393,-2.1984601361300675,2023,2,4
2023-04-20,-0.8112068301186002,1.065462426400411,-2.9608786973776002,-0.5846222443726528,-0.4698039106680585,-1.2192815267195383,-0.5952548152972977,4.313493507366353,2023,2,4
2023-04-21,-0.12232765932441736,0.11397535526924568,0.05534085432091279,-0.9781044510158425,3.034391291745232,-0.0844891710808277,0.0903188886957735,-2.3296424971048184,2023,2,4
2023-04-24,-1.3962915145969408,0.5312502555702634,-0.28391605838670136,0.1878597248955448,-0.7011967150520266,-0.04697571190271932,0.08515791660903042,0.7155571175265658,2023,2,4
2023-04-25,-2.253579937748522,-2.0005494051331176,-2.9620741537355055,-0.9435633242578517,-3.427172037496596,-2.4625164985512207,-1.5810858882773269,11.071645392595377,2023,2,4
2023-04-26,7.24346792350138,-0.134811324180878,2.7247411828003743,-0.006102277000801811,2.3496184744855624,0.8913398379841505,-0.3841187197329847,0.426438820522461,2023,2,4
2023-04-27,3.202756143167574,3.741197584889596,1.0016329677549312,2.839520189834973,4.610398345515921,13.92549695466116,1.956614972249702,-9.607215771140844,2023,2,4
2023-04-28,0.7971754126892799,-0.23237795721733084,1.9209567514636852,0.7541152166828866,-3.9792412663683407,0.7377776883876855,0.8253202753460569,-7.339993560038639,2023,2,4
2023-05-01,-0.553294697160285,-0.13042816060798498,4.183948428362417,-0.05305325112788381,-3.2242712137328815,1.1900763935194132,-0.0386106490207686,1.9011419252944226,2023,2,5
2023-05-02,-0.04906853795839226,-1.753713304669013,-2.421326218758371,-0.6191339214802569,1.548254928379388,-1.620203386426305,-1.1586262936400322,10.572144098292032,2023,2,5
2023-05-03,-0.3307319742463093,0.08544802330921514,-1.4462991193897998,-0.646736934075305,0.019303553981593596,-0.9237468671961131,-0.6998305064656449,3.1496031738794943,2023,2,5
2023-05-04,0.33182944030536166,-0.6830370860199853,-0.8632440986973623,-0.9913360686363538,0.33767339022538034,-1.4808299410771888,-0.7218732334382448,9.541984653435588,2023,2,5
2023-05-05,1.7157304196635397,0.8405652891266534,4.056318232868053,4.6926893028231165,1.5961573674128606,-0.3169023243959998,1.8474751389515338,-14.435040301165506,2023,2,5
2023-05-08,-0.6438261553481169,2.0839331651118855,1.6422459835672774,-0.04033091704899804,0.16089169321718977,0.21051506393342162,0.045212866424901785,-1.2216462204595369,2023,2,5
2023-05-09,-0.5345835012084983,-0.3897231977542939,-1.9896247255236172,-0.99712390087844,0.7464810562778676,0.04285841711029842,-0.4579421277258531,4.2991729205911655,2023,2,5
2023-05-10,1.7296473296352552,4.098750482992325,1.0990275381351005,1.0420930620639266,3.3483395262233415,-0.12426977176351972,0.4483965263404954,-4.347818126597983,2023,2,5
2023-05-11,-0.7044515418899656,4.3131969442144324,-1.0628561325667376,0.10947466977715303,1.80596952507349,1.1626997071559928,-0.16966239932158642,-0.05903322648503243,2023,2,5
2023-05-12,-0.36757653696845316,0.8063838795328184,-0.8328082233099092,-0.5417631499933877,-1.7115333960796282,-0.8397243147572401,-0.15833068345566115,0.5906696967935363,2023,2,5
2023-05-15,0.1585612913666072,-0.8510046278559422,2.163037684979873,-0.2897377861827488,0.8525256609829547,2.1598610808461096,0.2958164439133917,0.5284800291198253,2023,2,5
2023-05-16,0.7367781127954622,2.5748935966400155,0.8979887950263489,0.0,1.9784214370623647,-0.016746028419574736,-0.6377683373153029,5.081769212832133,2023,2,5
2023-05-17,0.9451640735213759,1.1128675080197152,3.3033374697237354,0.36034041572096004,1.8518504813616383,1.5367392513831795,1.1890829058788237,-6.225675075787688,2023,2,5
2023-05-18,1.4394918082939314,1.6468265797544994,4.970509957619484,1.3666045871022043,2.2943736154795724,1.79799236267532,0.9445048649426728,-4.860708721874099,2023,2,5
2023-05-19,-0.05653190124414318,-0.05699936684080634,-1.3069139381246573,0.06284542888337019,-1.6081265352017287,-0.4901693264644837,-0.1445867605470639,4.735204143355617,2023,2,5
2023-05-22,0.8921371793760879,1.8654301066099794,-0.2814563544579654,-0.5480901953627473,-1.066664829049059,1.091028087795616,0.015503469643891942,2.37953379677784,2023,2,5
2023-05-23,-1.8431966820864571,-1.9912051173136258,-1.5653146912137372,-1.5154902480651347,-0.017393506729303634,-0.6362718950702553,-1.1222026747550167,7.669969043541636,2023,2,5
2023-05-24,-0.44725059053725363,-1.3544439386768516,-0.4887893343005901,0.1631957249303814,1.5305697616548972,1.0010567520409712,-0.73186003353534,8.09498081174408,2023,2,5
2023-05-25,3.8457882393739604,2.134004493699882,24.369649023239816,0.6692503733114544,-1.4989293361884368,1.396409602704933,0.8757581265902327,-4.4433413204546515,2023,2,5
2023-05-26,2.1385539252734453,0.9151181307623821,2.5434276142016725,1.4104675754349043,4.443478791610055,3.700183332493475,1.3049086777997325,-6.217338895802557,2023,2,5
2023-05-30,-0.5046920027432422,-0.7543550142634095,2.991346662995881,1.065961194316826,1.2904862574983844,0.18318786797937806,0.0016603268498537403,-2.729814248690624,2023,2,5
2023-05-31,-0.8513968390028357,-0.6468767866365283,-5.676748944329398,-0.02821390450679817,-0.8877213533991127,0.8380396837782399,-0.6108624209833965,2.749149339943728,2023,2,5
2023-06-01,1.2759184612341927,0.691794480415569,5.117073244659085,1.6022478328609029,1.8162172655131759,2.9804672000817956,0.9854453563032664,-12.764776183701695,2023,2,6
2023-06-02,0.8479176515752603,0.7678443668850358,-1.1139048761452193,0.47754983931890876,1.2055089984537999,0.0,1.4534424705965505,-6.709260464245012,2023,2,6
2023-06-05,0.16100442319741595,1.0748515121915803,-0.39668638758783337,-0.75709801298647,0.8450728786783199,-0.44748428581228183,-0.20035816359177924,0.8904051874655844,2023,2,6
2023-06-06,-0.6727491359434952,1.0316582470110955,-1.319854683366031,-0.20606146035505365,1.0454888481148943,-0.09950512632731112,0.23538963079142694,-5.227423815469129,2023,2,6
2023-06-07,-3.0867895007457897,-3.7781789977104747,-3.040100710382,-0.7756211401332892,-4.249267220189953,-2.7736717184998194,-0.3812009699857238,-0.14326975436259887,2023,2,6
2023-06-08,0.5813893391957539,-0.29387008491758443,2.761836233374759,1.546513616059872,2.4911297199050035,0.3717567111881723,0.6188642614241544,-2.080344121825672,2023,2,6
2023-06-09,0.4703620884295709,0.07368090571805924,0.6751700356189487,0.21599406626845677,-0.6599595129369971,0.13984711676048514,0.11480595394411784,1.318683591253919,2023,2,6
2023-06-12,1.5484278883164946,1.153568254341687,1.8364454383533675,1.563866585552397,2.5439515368102676,2.302327959814638,0.9321148810237089,8.53217868174488,2023,2,6
2023-06-13,0.7352545243608132,0.1536732226852928,3.9005332510345747,-0.26117294543612846,0.07111003199981579,0.09961861468963223,0.6932489951473808,-2.664893844804343,2023,2,6
2023-06-14,0.9123599873654542,-0.1292206093352489,4.8144918507936865,0.3491340188277291,-0.18948798849266155,0.7481928299500227,0.0819425525932158,-4.996574670709828,2023,2,6
2023-06-15,3.1896800003704233,1.1482273018040103,-0.8000539757754372,1.1198723894906382,0.5458016543269869,3.1022493667994766,1.2178137420346744,4.466857928293724,2023,2,6
2023-06-16,-1.6575687842449436,-1.2471010707194146,0.09142891757857372,-0.5859681409145076,-1.2744888197649036,-0.2945073495331656,-0.3671619528426367,-6.620689918254984,2023,2,6
2023-06-20,-1.2502800418134938,-0.3481023601759984,2.6140649178151016,0.04864714254516428,0.23109484458049426,1.1850553950022291,-0.47351076976228124,2.5110794205745304,2023,2,6
2023-06-21,-1.3281919332804557,-2.0714746090013048,-1.7416738827440141,-0.567516565773346,-0.7552845901271824,-0.9460990411364482,-0.5245281583003618,-4.899137604965153,2023,2,6
2023-06-22,1.8437546564250211,2.15677530897683,-0.04645690615829267,1.6525076066134958,4.261789623803565,1.1504086526910795,0.3710798414438404,-2.1969694397228334,2023,2,6
2023-06-23,-1.380601650659991,-0.657739593597233,-1.8965839191856884,-0.17110994003953567,-0.6300361919969611,1.351462526108633,-0.7658808766684522,4.105342674170776,2023,2,6
2023-06-26,-1.9163039507147674,-3.2695899545557183,-3.736176149153656,-0.7552931314300557,-1.5464315871677043,-3.553504161625355,-0.44868382932564355,6.026789024599051,2023,2,6
2023-06-27,1.816815763349729,-0.008429417966250718,3.061625618196313,1.5058973658738648,1.4529104045574321,3.081107439869536,1.145585495469308,-3.578948974609375,2023,2,6
2023-06-28,0.382575445272794,1.563424586222815,-1.8124991899562237,0.6327798559621586,-0.10837544324670384,-0.6131269732794418,-0.03540766884383868,-2.2561824680231055,2023,2,6
2023-06-29,-0.2381972021316454,-0.8986547334492865,-0.7174451367807573,0.179646896923413,-0.8834406537251538,-1.317953614173629,0.4473544672805947,0.8190592269372725,2023,2,6
2023-06-30,1.6385508153360682,0.503771972529237,3.625497720739329,2.3102638831409523,1.923376900018963,1.9358608176421643,1.2269004495714029,0.3692776283288886,2023,2,6
2023-07-03,-0.7488015881279364,0.1670844205866731,0.26236811118813236,-0.7784612169329473,-0.10739443770554916,-0.33451440109575653,0.11706778016009431,-0.1471704013179372,2023,3,7
2023-07-05,0.047332261848986146,1.542959276141262,-0.22631965881009247,-0.5871523344920844,0.12287180203461455,2.9193722385101375,-0.1968318413229169,4.495214621001244,2023,3,7
2023-07-06,0.9226579259043012,-1.3470241071474294,-0.5057001801007625,0.25088054437269186,-1.5493205988729235,-0.8085209088885893,-0.7922511336500904,8.885749281314279,2023,3,7
2023-07-07,-1.1867265603173562,-0.5245218616354265,0.9500352727329837,-0.5891421316484291,1.1062622017709753,-0.5000090588984295,-0.2865100538620307,-3.950775085850765,2023,3,7
2023-07-10,-1.5983716319189272,-2.535986009774759,-0.759956414621515,-1.0855563313908598,-2.041918285409668,1.2287898741896006,0.240502605713144,1.6183396652249444,2023,3,7
2023-07-11,0.19286254199156794,0.5925304218384326,0.5334217008130134,-0.281020569973966,1.2978852839820578,1.4247077843608746,0.6742211055888475,-1.5262080085862333,2023,3,7
2023-07-12,1.4226935457910075,1.5280876461824322,3.5302396183513043,0.8985406642650847,1.5685698801122214,3.704416317067945,0.7411233485312383,-8.760109011913732,2023,3,7
2023-07-13,1.6192003498249488,4.717059955086221,4.72645290240946,0.4057539522383611,2.6758409161619388,1.3157211823265484,0.8470153458069148,0.516984453629488,2023,3,7
2023-07-14,0.75294842272763,0.7065967031131936,-1.1048818038832304,0.07871965174309134,0.282940890088434,-1.4485878356463364,-0.10244071333034954,-1.9838318214570279,2023,3,7
2023-07-17,0.1419195056524845,-0.6139409814181578,2.1816871397815043,1.7305756011243172,-0.8315972513331614,0.5665565253032041,0.38553825145495335,1.0494706750155347,2023,3,7
2023-07-18,3.979987745570871,-0.7139882592412102,2.2233682694939394,-0.13403722350485686,-0.546567640673105,0.46040549389299545,0.7117275205842287,-1.3353068072256253,2023,3,7
2023-07-19,-1.2267319922641655,-1.3978757373717863,-0.8780096730588516,0.7071936624918126,1.9046892602732612,1.269018271694693,0.23579103357320857,3.4586468537603556,2023,3,7
2023-07-20,-2.3121557647643005,-2.31910490979829,-3.3073347580900054,-1.0097306726628743,-3.989357175040833,-4.268857668213426,-0.6756896218903716,1.6715082733324802,2023,3,7
2023-07-21,-0.8937082249291936,0.6879235151222423,-2.660376163956555,-0.6162001662716573,0.030773533446228327,-2.7303859405686723,0.03240945218981301,-2.787701186768972,2023,3,7
2023-07-24,0.38978473737352537,1.2581226377613794,0.6838323318169263,0.42202103027399523,-0.9230745755709134,-0.900573770851638,0.40341538771535074,2.279407773875972,2023,3,7
2023-07-25,1.7009330532737246,0.5595416200999495,2.3917435434747465,0.4513614816421473,0.25621259567989096,0.9807538681799131,0.28146733515560785,-0.3594550056315463,2023,3,7
2023-07-26,-3.7637570263203357,5.776940871311083,-0.49694616286874765,0.45449572702574603,-0.758933593487819,1.3923455670843927,-0.015543889679862154,-4.834055504259436,2023,3,7
2023-07-27,-2.087231701623423,0.10056710558938756,0.9856621405517734,-0.6580871774388385,0.07803832093539298,4.400978473661851,-0.6424666064487874,9.249433706148423,2023,3,7
2023-07-28,2.3131259127155803,2.4574869111567064,1.8518503098005699,1.3507825799232178,3.087724533229776,4.417567057273102,0.9877842794752307,-7.494794830966025,2023,3,7
2023-07-31,-0.7240417230612423,0.10560360968116302,-0.04494168903735916,0.3165887895695494,1.1118568090654815,-2.113806233719844,0.14687129405193106,2.2505640844104082,2023,3,7
2023-08-01,0.12501632103276147,-0.881552956623507,-0.4750649195135445,-0.42758072074697456,-1.4886223394710927,1.290001077366083,-0.26650876392156364,2.2010285268964496,2023,3,8
2023-08-02,-2.628269198385836,-2.4097456353277464,-4.812165721948545,-1.548994950428966,-2.642566377874768,-2.6029472117536208,-1.3839541336347903,15.506100503167595,2023,3,8
2023-08-03,-0.25648955097683324,0.05454722594860342,0.55566726824598,-0.7321695515358053,0.5459768439170325,-0.35633222642078105,-0.2547973840426863,-1.056557331769837,2023,3,8
2023-08-04,0.3428559187474221,-0.2647076324423517,0.3706731120107499,-4.8020020549877165,8.269337801006268,-0.7854497544413805,-0.5300074155050543,7.412062182919765,2023,3,8
2023-08-07,0.7108362886385708,2.6695669226620833,1.6495119985156317,-1.725360893038371,1.8986843572548393,1.8762074098651245,0.9024092779362786,-7.777777158106371,2023,3,8
2023-08-08,-1.2299027899461474,-0.09882743657499966,-1.6579724751541027,0.5311501811651564,-1.6031491771390682,-1.238288661130019,-0.42182830447931197,1.3950495051899958,2023,3,8
2023-08-09,-1.1715858408266704,-1.3242082527798988,-4.724167749548911,-0.895429114608352,-1.4934945701217344,-2.3765593117675166,-0.7038730380597152,-0.1876155934997462,2023,3,8
2023-08-10,0.21724185636307392,0.02315169070860914,-0.3900899494556381,-0.1234673065188984,0.5150463718840691,0.1736427427793803,0.025071394456970427,-0.6892209048516866,2023,3,8
2023-08-11,-0.5945529239650392,-0.10026516200473824,-3.616577045135979,0.033758788543746886,-0.10825194798444343,-1.3409816569201545,-0.10696923700230895,-6.372241038319657,2023,3,8
2023-08-14,0.9438950208739652,1.3661724856330886,7.093366673305847,0.9393039658274374,1.5605834874352293,1.50839502368622,0.5750475751703005,-0.13477397276295897,2023,3,8
2023-08-15,-0.6727749380080097,-1.1802216665099867,0.42740261752873127,-1.120021697670514,-2.0630355012962966,-1.3847461253567264,-1.1550909428841734,11.066122965044297,2023,3,8
2023-08-16,-0.24284363490526864,-0.8321741503802796,-1.0332446896421186,-0.4959217852139342,-1.8885675014943462,-2.5368491422807815,-0.7555395210577663,1.944116767750742,2023,3,8
2023-08-17,-1.0986187264215104,0.9479327451642129,-0.3265324992608171,-1.455485228688916,-0.8069975106044455,-3.1261757687541905,-0.7712913029037032,6.6150098783150275,2023,3,8
2023-08-18,-0.12623719981650747,-1.8934722150964245,-0.10382462438968644,0.2815964092062045,-0.5672447612115602,-0.6454032321838749,-0.014870682600083548,-3.2979327709160136,2023,3,8
2023-08-21,1.7062774529043527,0.7139544864582772,8.471339946681393,0.7736900229506167,1.0959251176250808,2.3477549676597462,0.6879188518796053,-0.982659443878855,2023,3,8
2023-08-22,0.18016765092394152,0.5530756494835928,-2.7657718853216573,0.790491917486623,-0.31926989840011566,-0.793370988014718,-0.27774667288295984,-0.9340330137234464,2023,3,8
2023-08-23,1.4079485413069972,2.5488030221463625,3.170722970500613,2.194870666381978,0.9459994580714618,2.308758126933412,1.1044879965972607,-5.833823283299055,2023,3,8
2023-08-24,-2.149857802338768,-1.9566211468827106,0.09973908029454301,-2.6170445778602733,-2.715472121128119,-2.5455483948657527,-1.345797466314612,7.634551036616559,2023,3,8
2023-08-25,0.9407243412776477,0.07705349156343741,-2.4277482505513412,1.2643123125354034,1.0770617478674847,-0.43590833525598516,0.6717966037625117,-8.83721157175057,2023,3,8
2023-08-28,0.2229199678128893,0.8700364335534786,1.775398575136247,0.8846072558505861,-0.09004586682715533,1.6672590049514022,0.6264619755036467,-3.826532970612721,2023,3,8
2023-08-29,1.4550598939787254,2.717355031627156,4.161407006764682,2.1810428495941396,1.3294308852149164,2.6631146179956455,1.450830719454626,-4.17771961291953,2023,3,8
2023-08-30,0.115701639937142,0.9734528864406397,0.9839254979485359,1.9172213814104948,0.11860029483811614,-0.969829610468322,0.3833182103508076,-3.944634618325344,2023,3,8
2023-08-31,-0.31327260984215105,0.21341914509533622,0.18472898760135656,0.11723306257274571,2.1766395374215937,0.26772507375024807,-0.1596936512094258,-2.2334323995730454,2023,3,8
2023-09-01,0.2745956987077139,-0.37451388260830243,-1.7141226002213898,0.8463433823895897,0.07970481467276193,0.16558853940201643,0.1799129260000988,-3.5372111498234333,2023,3,9
2023-09-05,1.487867539723988,0.08110096690236293,0.080415278808423,0.12667473757320172,-0.615400285820594,1.2720107104893745,-0.4194177587506111,7.028266352709411,2023,3,9
2023-09-06,-0.2008834235006502,-0.9648942885174517,-3.0549864334445194,-3.579328453473756,-1.391420997057956,-0.3265075162413485,-0.6971599351452867,3.140610800820936,2023,3,9
2023-09-07,-0.8922253509097563,0.5949841084551993,-1.7424130760769332,-2.924926168499286,1.8395430569860982,-0.16712465910157542,-0.321126593618604,-0.34602208577749505,2023,3,9
2023-09-08,1.32157607930477,0.8280327703173327,-1.4467617272771454,0.3491544087988791,0.2756544121863093,-0.2611472084929739,0.14266227216407312,-3.8888852831757146,2023,3,9
2023-09-11,1.0979375597789838,0.3959593387380841,-0.8645625221556097,0.6622576284244475,3.5231212663680407,3.246150643823973,0.6723453106275208,-0.2890170622255947,2023,3,9
2023-09-12,-1.8257725014625625,-1.1539721633644477,-0.6817476799303347,-1.7060687406958153,-1.3067856717097797,-1.9183063734005197,-0.5695885604828907,3.115937286654247,2023,3,9
2023-09-13,1.2930534703895782,1.0122861558718443,1.370623173682822,-1.1854619490790468,2.5632022130484855,1.1270790786545037,0.12416323054647471,-5.270555334692113,2023,3,9
2023-09-14,0.7855938074922731,1.0167576112687755,0.21105890164171207,0.8782383575942215,-0.0897513823503696,2.183160704196213,0.8429918867167899,-4.896141467543519,2023,3,9
2023-09-15,-2.5036949115789113,-0.5069125143128239,-3.6879526460994203,-0.41539894300773983,-2.991985761837634,-3.660310218960097,-1.2159612938677897,7.566304915127447,2023,3,9
2023-09-18,-0.3513007795680831,0.5895355341957835,0.15034791133495276,1.6913500861148074,-0.29204620264398007,0.7458876475749485,0.07212876971293869,1.5228429204343084,2023,3,9
2023-09-19,-0.12459614252161674,-0.12301016248390532,-1.0144071246416777,0.618082183598079,-1.6788047695762542,0.8329161060572252,-0.21510106153727915,0.7857118334089006,2023,3,9
2023-09-20,-2.3976832174980025,-3.1150399528229715,-2.943472637500984,-1.9992211521477468,-1.700219075536713,-1.7700812919277602,-0.9394794758059642,7.299792428826055,2023,3,9
2023-09-21,-0.38655850103622286,-2.4674748853212596,-2.8930654972460847,-0.8889407403657142,-4.405345369833071,-1.3147830963526292,-1.6400934103219424,15.852050976095718,2023,3,9
2023-09-22,-0.7886634915769261,-0.14565616082366187,1.4457519465234931,0.49443572140175085,-0.16238050792075434,1.132768529927165,-0.22955984771939955,-1.9384272225830068,2023,3,9
2023-09-25,0.16719176734442498,0.6602617787557508,1.4707965151234874,0.7380267241965357,1.6651248734342958,0.5851535740182763,0.40230650909416843,-1.7441926226863143,2023,3,9
2023-09-26,-1.7005814652681288,-1.9372769655824424,-0.7366101432569052,-2.3398464258316025,-4.029862682526879,-0.6216130859068079,-1.4734533990868255,12.071011606950288,2023,3,9
2023-09-27,0.20825054462031578,1.5322249158186267,1.329013171951013,-0.8897388579565525,0.0,-0.4080742844373955,0.02293140607452604,-3.8014846906072144,2023,3,9
2023-09-28,0.2717417574274768,1.3559041009675021,1.4622930165586754,0.15256006616285367,0.0,2.0890504390375626,0.5893173970516539,-4.829852875579415,2023,3,9
2023-09-29,0.6727424365054289,-1.0959113218418086,0.9515108887408654,0.30466440249702603,0.904905031966484,-1.2337230449414816,-0.2709582086141998,1.038064034554909,2023,3,9
2023-10-02,1.9160721045120905,2.5294024090353413,2.9495066144381084,1.4835514333810218,1.8407834461347774,2.201802886129997,0.007936755559088064,0.5136994876504622,2023,4,10
2023-10-03,-2.6134051018636772,-1.2968351293301268,-2.8247982457652565,-0.7769940052204535,-3.661366636292885,-1.916427232303159,-1.3744071674259501,12.32254401523626,2023,4,10
2023-10-04,1.777313307945985,2.121880554973048,1.2041211334952622,0.7308702585861907,1.8280939360016637,1.5418289016445432,0.8109754957160739,-6.066737721347174,2023,4,10
2023-10-05,0.1254042211700035,-0.12572294964593822,1.4690739497236365,0.7197926609906118,-0.8188983586829478,-0.25852321394529676,-0.13040301597771914,-0.48439264239748586,2023,4,10
2023-10-06,2.473687457440761,1.8583121204402253,2.4033437111622495,1.4750494889965164,1.587805664128926,3.4909304549641944,1.1814893014644459,-5.624656684978521,2023,4,10
2023-10-09,0.7822661198430706,0.610549438548735,-1.0685828572421208,0.845128248344449,0.23444468936361867,0.9288842214883093,0.6303854299640246,1.4326646938088012,2023,4,10
2023-10-10,-0.4335409813381444,-0.26008250663218174,1.159654210786898,-0.335228634354236,0.9511938819224743,1.0931144206163161,0.5207990781392323,-3.7853110023407583,2023,4,10
2023-10-11,1.227182091878702,1.8035706799090494,2.2009431946096396,0.7904006824136433,1.8149568899126884,1.8580672018507753,0.4293008171033768,-5.519674081955508,2023,4,10
2023-10-12,-0.37905042148962687,-1.1241793241211213,0.2969854895006256,0.5061207933376618,0.3792763354739004,-1.1164657993979377,-0.6246434346118482,3.7290265741434654,2023,4,10
2023-10-13,-1.0357458847344398,-1.1585282638979968,-3.1611434423677087,-1.0292732445390562,-1.9194502454286186,-2.9214085702292585,-0.5018858888767525,15.757933352966797,2023,4,10
2023-10-16,1.4981963829495195,1.2667739710690535,1.394603408552301,-0.07268455249797964,2.1265196921155005,2.052813525329205,1.0594369383929878,-10.921328383441056,2023,4,10
2023-10-17,-0.17437718984790565,0.44569820389367565,-4.679485032287464,-0.8784602042094676,-0.8147882355257063,0.8874488663174258,-0.009824505308247203,3.893086065869917,2023,4,10
2023-10-18,-0.5872639162443649,-1.259644997117739,-3.964673486169952,-0.7394901338513776,-2.54050072783042,-2.169749366015307,-1.3399820506516409,7.494408364001502,2023,4,10
2023-10-19,0.3665746405480583,-0.15223368311113292,-0.22510988757185826,-0.21610077297854563,0.21071490157110861,-1.3124416518745485,-0.8482848196321063,11.342353709976813,2023,4,10
2023-10-20,-1.4034733811538977,-1.5607767205987058,-1.695945960666581,-1.4704343810335347,-2.5155731161039414,-1.3298760927111033,-1.2585283719027582,1.448595661066994,2023,4,10
2023-10-23,0.8112098828909788,0.6637055369341807,3.8369674594065595,0.06942065970273265,1.110489262588562,1.7365957644836973,-0.16855698941635033,-6.172263020488317,2023,4,10
2023-10-24,0.3674160449509591,1.6922900296581562,1.6009107254624462,0.2543211779766827,1.5802781594350581,-0.4649653915690324,0.7265792222727314,-6.872859441333208,2023,4,10
2023-10-25,3.067823209964104,-9.509382956415893,-4.314878343627861,-1.3491584030116834,-5.577161096069129,-4.1657301612731175,-1.4339628627712577,6.431213836914949,2023,4,10
2023-10-26,-3.751453701577863,-2.6510596566704545,-3.4778065076321947,-2.46055401207754,-1.4992995337138288,-3.7324967975294125,-1.183251977810964,2.4269428338627588,2023,4,10
2023-10-27,0.5855769818579709,-0.0899625250564705,0.43148228494548757,0.7969238164792953,6.832816082459992,2.906171604027399,-0.4800280229768582,2.852998761514649,2023,4,10
2023-10-30,2.2740297161609924,1.874432620858333,1.6320938765857933,1.2305257162183425,3.8907225091689805,1.9984785757279653,1.2010022325859835,-7.1462173251099435,2023,4,10
2023-10-31,0.23716418837390874,-0.30531534667723037,-0.9256253658304686,0.2818788255874653,0.2863308000900971,-0.4592827709359318,0.6474957307233355,-8.151901824564874,2023,4,10
2023-11-01,2.3542565960176707,1.9100559723134625,3.7886190168885183,1.8738647733690876,2.9378644298573775,3.5118101329352043,1.050599948631385,-7.001094780299506,2023,4,11
2023-11-02,0.650172767167113,0.8224608878051275,2.790316999717551,2.069331574006695,0.7810272439552919,-0.31425757719963293,1.8858557020127693,-7.172501076628716,2023,4,11
2023-11-03,1.286164136953972,1.2628613390034726,3.445509329210443,-0.5181156431400518,0.38386235328598284,1.1998588738880283,0.9393730253031474,-4.789272077317045,2023,4,11
2023-11-06,1.057253775101626,0.8907645061421643,1.6575826589784852,1.460520394199065,0.8225103459209163,0.38143254979080604,0.17529924220356985,-0.1341348376527766,2023,4,11
2023-11-07,1.1219476751430042,0.5527808762943742,0.44590196472029064,1.4450741969362544,2.1253764877291452,0.9563031528425449,0.28401189192852627,-0.5372728130387835,2023,4,11
2023-11-08,0.740565694726072,0.664283836179209,1.3469699434383233,0.5885075437133569,-0.4414580990635481,0.30110704011837447,0.10049156221053333,-2.4307940590921318,2023,4,11
2023-11-09,-0.6910991385100209,-1.2136041077376207,0.8073123715931277,-0.26246747987708485,-1.0416636461610582,0.24079151590546505,-0.8083839306732793,5.8131499216304094,2023,4,11
2023-11-10,2.48967575893608,1.8043853307909756,2.9499518223539556,2.3220113871441814,2.1052569890351607,2.56433604465018,1.5616441094852478,-7.325048321473945,2023,4,11
2023-11-13,-0.808810222891677,-0.37714880426738695,0.5896275180699,-0.8583859403724523,-0.6756765374750169,0.1277638629685092,-0.08358389332403787,4.163727236494134,2023,4,11
2023-11-14,0.9790355684772293,1.158327391609081,2.130822370706827,1.4285838348574456,2.2512145285848417,2.162879471635186,1.907501770366184,-4.065043171853531,2023,4,11
2023-11-15,0.04058882676569184,0.7483911491225816,-1.546666091988746,0.3040856946023307,-1.783268895126596,-1.070438347823232,0.1597012075557439,0.1412461721694663,2023,4,11
2023-11-16,1.7583459471487168,1.7159461735068147,1.2109604333390922,0.9042220338437719,-0.2583764839891931,0.4448315590699499,0.11904273935799334,0.9873017393189824,2023,4,11
2023-11-17,-1.6800854226335409,-1.183084239397745,-0.36783794275838216,-0.010550138046563445,1.6453061783939695,0.25435618443450964,0.12820490603361293,-3.631281530524771,2023,4,11
2023-11-20,2.0521669145442023,0.6946966325268472,2.253651433808113,0.9278511624395632,0.6543685459144742,1.4714440110715865,0.7390278097329793,-2.8260894053073633,2023,4,11
2023-11-21,-1.1577920959296022,0.5284608235325222,-0.9224695545319372,-0.4230949162192913,-1.5260459261028974,-0.8794854431602236,-0.202093109506526,-0.4474233156233901,2023,4,11
2023-11-22,1.2812543675809498,1.1097073572101868,-2.458750824524378,0.3514423935026423,1.9527539517508372,1.3383676904965618,0.40611292209464106,-3.7453182450392863,2023,4,11
2023-11-24,-0.11113664430732634,-1.2997109480911504,-1.9295468589947913,-0.7004393354005473,0.02044767086363952,-0.9546316898343628,0.05968736678840604,-3.0350220369265655,2023,4,11
2023-11-27,0.31261356928846573,-0.20484533720927875,0.975380035519125,-0.09476443167416242,0.6746559883569849,-1.043673969532115,-0.19541574600900796,1.8459032225695984,2023,4,11
2023-11-28,1.0802856274903272,0.5790980966106934,-0.872682626250495,0.3214119032170461,-0.47383535401517496,1.2817341285018435,0.09801185306033804,0.0,2023,4,11
2023-11-29,-1.0060232628958259,-1.6107811628331778,0.6670691928045589,-0.5409619893681429,-0.4828888396740557,-2.003006296855437,-0.09462486392382843,2.285263762351266,2023,4,11
2023-11-30,0.01584062215460053,-1.8223624797823503,-2.8458699917982635,0.30628333090497084,-0.15719722171586703,-1.5201785131820682,0.37840728581563904,-0.4622455166284658,2023,4,11
2023-12-01,-1.1612153260060918,-0.5055321986097342,-0.010680160331514792,0.679124526879423,0.643440663269047,-0.712212007995051,0.5873742123607701,-2.244581734833958,2023,4,12
2023-12-04,-1.4338782914277404,-1.964188711083829,-2.6836380854826083,-0.9464508697572991,-1.4894936132684113,-1.4777349307464143,-0.5408509126972066,3.562943825713944,2023,4,12
2023-12-05,0.9156339756469208,1.3305343644170835,2.329366630282035,2.1063117992514053,1.4084566393959523,-0.5405889071582979,-0.05688697261614575,-1.7584062964670157,2023,4,12
2023-12-06,-0.9986066575113386,-0.74051240153492,-2.2827844414328107,-0.5687048461580071,-1.6067541747663185,-0.2639025475824217,-0.39062028088695405,0.9338512217643761,2023,4,12
2023-12-07,0.5829933080321329,5.314573109922844,2.402031111834858,1.0139365016498683,1.632992347483118,2.8791981402950255,0.7968189065892974,0.6939101829988475,2023,4,12
2023-12-08,0.8841944909184887,-1.4168005719186718,1.9529758708695273,0.7412478194563473,0.3676424756137798,1.8861643142194544,0.4095497869940737,-5.436447284339449,2023,4,12
2023-12-11,-0.7829380360824867,-1.259341629046224,-1.850286659088494,-1.2927425788650087,-1.0378502226973818,-2.2449371017007196,0.3924494286699011,2.2672042455262638,2023,4,12
2023-12-12,0.8295357075138404,-0.5776625001328173,2.2090183490253748,0.7920011771338867,1.089859719338269,2.7483827911370726,0.4599357520215212,-4.43389085148467,2023,4,12
2023-12-13,-0.0027007099044505456,0.037718538388631984,0.9043743756931675,1.6691725402330013,0.9221593773735162,0.1555890490782359,1.3650676351045994,0.9941995740939383,2023,4,12
2023-12-14,-2.2544390066836484,-0.4752346388293385,0.5448196360759318,0.0757543867854665,-0.9540434049203341,-0.4690282489229192,0.26470624846993607,2.378998948611191,2023,4,12
2023-12-15,1.3117378217908653,0.5002205156566116,1.116859619044066,-0.272573227424981,1.729753821347545,0.5252805335003892,-0.007624949330814997,-1.6025626330215246,2023,4,12
2023-12-18,0.5179016173222634,2.4132854514318076,2.4279165971976817,-0.8503224823820934,2.733884156926729,2.89619804270412,0.45283443669003953,2.2801359343170002,2023,4,12
2023-12-19,0.16367979836812763,0.625909277332392,-0.9445597688783367,0.5360103442859306,-0.18174467759755938,1.6656046009756724,0.5866407818910669,-0.23885896212751367,2023,4,12
2023-12-20,-0.7072838172705808,1.2367546298596304,-3.0098338114674847,-1.071390512607544,-1.085895208954337,-0.30825538722684626,-1.4684266911006796,9.098167339325473,2023,4,12
2023-12-21,0.7878696000641987,1.5035222023097812,1.8270430779867115,-0.07699517174295414,1.1306871390431619,1.377128923775701,1.030146782120261,-0.1463091269352368,2023,4,12
2023-12-22,0.27841558387693177,0.7620087527736119,-0.3266235817670529,-0.554759108181157,-0.27300973670256606,-0.19769853197547912,0.16600585268868173,-4.542123830666003,2023,4,12
2023-12-26,0.02136159398021644,0.021215973386682983,0.9195260709647639,-0.28408006243384715,-0.006514474615578864,0.4074773636741998,0.42316894655106935,-0.3069835968746123,2023,4,12
2023-12-27,-0.1574790465264432,-0.812627853514219,0.28004060092407507,0.051790074898568114,-0.045634132421340304,0.8454704254379305,0.14304577464788734,-4.31100443271354,2023,4,12
2023-12-28,0.32345559558968645,-0.09974302599394282,0.21247530716934035,0.22263237982077877,0.026091395511523698,0.13694257059049134,0.037017460804380745,0.3218017769184735,2023,4,12
2023-12-29,0.20253176729546768,-0.38506644336464885,0.0,-0.5424145662979304,-0.9388462612883998,-1.2167890728983315,-0.2826475013374946,-0.1603885913022304,2023,4,12
2024-01-02,-1.374864216201727,-1.0881217862393187,-2.7341368967535034,-3.578670517771082,-1.322897020750105,-2.1668976603740795,-0.5660579005492286,6.024096477831745,2024,1,1
2024-01-03,-0.07278723085312892,0.542809715447159,-1.243567004544709,-0.7487574118255541,-0.9737821159208012,-0.5255852314946481,-0.8016314922730815,6.363637611557318,2024,1,1
2024-01-04,-0.717766489791704,-1.821205794481774,0.9018539979990041,-1.2700153167676393,-2.626789159034874,0.7693061146353614,-0.34283812973570205,0.6410267295756618,2024,1,1
2024-01-05,-0.05164512292224136,-0.48388857154111714,2.289670043852487,-0.4012989919256668,0.4634420246259977,1.3914576138306836,0.1825686178802691,-5.520167916870917,2024,1,1
2024-01-08,1.8871546234890668,2.29131864182214,6.42808757121051,2.4174953359670868,2.657670383063459,1.9065182858787295,1.411462930984658,-2.022475281262479,2024,1,1
2024-01-09,0.2935775855448036,1.5197396176646198,1.6975237877925229,-0.22634154162731726,1.522460711434103,-0.342953326206481,-0.14779006799081157,-2.446480861549966,2024,1,1
2024-01-10,1.8574254091312228,0.9435883859424596,2.2770008894248193,0.5671333543543251,1.5590940651907264,3.6482785148011327,0.5665971893724377,-0.5485944141293275,2024,1,1
2024-01-11,0.4859245965901725,-0.1405679216688719,0.8684422370107902,-0.322247439056562,0.943210166226809,-0.21594782715107855,-0.06710555783868248,-1.970055226687791,2024,1,1
2024-01-12,0.9983789980394459,0.4011803437125353,-0.20430428254092375,0.17780450351601254,-0.36086969005325137,1.303865836738212,0.07509755941103574,2.09003406472643,2024,1,1
2024-01-16,0.46334625740803825,-0.11215618512277828,3.0561207561930503,-1.2317070377046095,-0.9442449238027643,-1.8772411368836721,-0.37313402367431625,8.97638079089639,2024,1,1
2024-01-17,-0.2049721510341755,-0.7158268519661902,-0.5835172046481295,-0.5173584934517982,-0.9467203666572552,0.24766530522871855,-0.5616897183990496,6.8641603958906,2024,1,1
2024-01-18,1.129722233183411,1.4207785489512335,1.8803595828328634,3.257064152527662,1.1798781932089892,2.1065795668795593,0.8805260963895988,-4.4624736248438674,2024,1,1
2024-01-19,1.2186790772796354,2.021209470477795,4.1746167865444255,1.5533116432108471,1.1986946826649023,1.9461265259859282,1.2313502764936246,-5.874026305617587,2024,1,1
2024-01-22,-0.5417867507122325,-0.2664676940259306,0.27399966995421304,1.2163390330672212,-0.3604979862209222,-0.43552390163706683,0.21943252026270157,-0.8270722464214089,2024,1,1
2024-01-23,0.6027520304101746,0.7192381468163623,0.3671255292695952,0.6653241066355484,0.8011406531487346,0.8958203242035593,0.2921374261967945,-4.852156254805879,2024,1,1
2024-01-24,0.9174990231655985,1.1289280376426603,2.486918622184865,-0.34840673907357816,0.5447960655367026,1.4278319313398893,0.08119284117831098,4.701196363514503,2024,1,1
2024-01-25,0.573847621485305,2.1318285286226644,0.41555970836398687,-0.1696593349408021,0.5609771850602181,0.6347432458453564,0.526036552770643,2.359204397585215,2024,1,1
2024-01-26,-0.2321743645998909,0.21070454503296496,-0.9510250209224016,-0.9012773652580205,0.8684596622424722,0.24417596439884084,-0.06517852510764982,-1.41263630541034,2024,1,1
2024-01-29,1.4334037472029377,0.8673350690756667,2.349616080223792,-0.35858491404323517,1.3448965908227857,1.7455533984704033,0.755677489618095,2.564103670581622,2024,1,1
2024-01-30,-0.27578205320953514,-1.3353981801256256,0.49468455753384516,-1.924580301674608,-1.4014601164705698,-0.2393792935032041,-0.060064993453985825,-2.132352600873145,2024,1,1
2024-01-31,-2.694620626641794,-7.50035497067185,-1.9864999698660042,-1.9357663864583505,-2.389939026262775,-2.47963169018627,-1.6105744611597923,7.813673396435379,2024,1,1
2024-02-01,1.5594225860867967,0.7566290472814041,2.4379585119918463,1.3340640705578173,2.628867210877157,1.1893273439018208,1.2493688211609741,-3.275263097802588,2024,1,2
2024-02-02,1.8425843812529423,0.8642435625038102,4.9708861436427485,-0.5405074625953559,7.866649218561846,20.31762716718557,1.0684446077514682,-0.21613640290953115,2024,1,2
2024-02-05,-1.3545052113260085,0.9130390500510217,4.794452896184611,0.9846605744938304,-0.8730574595861006,-3.280060971503463,-0.31863375266722094,-1.2996411568089796,2024,1,2
2024-02-06,-0.03944321488507016,0.29234637699311367,-1.5995504974391384,0.8631630202245019,-0.6811130754143105,-1.0208659444961552,0.2310410826963684,-4.46232372547742,2024,1,2
2024-02-07,2.1110178070877725,0.9993125539821393,2.74978546446104,0.058122908838823296,0.8158468416244987,3.270142875724411,0.8241457963390068,-1.7611063439567243,2024,1,2
2024-02-08,0.01449394928334972,0.25421296052432557,-0.6533457817530923,-0.5754654586296926,-0.404622322374648,0.08730187684298231,0.05705832608251727,-0.31176899525244123,2024,1,2
2024-02-09,1.5551353996200568,2.117750502410134,3.578330931683017,0.40939545399867117,2.714319777292111,-0.4021322629700252,0.5742341525559511,1.0946078478523351,2024,1,2
2024-02-12,-1.2578771282653103,-0.9866062116290677,0.1594326667966399,-0.9001951676920146,-1.2095159915523424,0.16876930735068324,-0.09489536011327217,7.733951866959413,2024,1,2
2024-02-13,-2.152856311800475,-1.6199955235771315,-0.1660868261727872,-1.12744857043731,-2.146917156124313,-1.8724748738593027,-1.3674255653625453,13.783201968635685,2024,1,2
2024-02-14,0.9665148454113746,0.5512026992799969,2.4567596255112885,-0.48097881537686304,1.3875689909628048,2.8601291433168887,0.9579763275017616,-9.274449411038434,2024,1,2
2024-02-15,-0.7154976436224014,-2.172123742162795,-1.6806639255454214,-0.1574661203042833,-0.6901349311422361,2.271381450255932,0.5821250684729531,-2.5730172643567277,2024,1,2
2024-02-16,-0.6149209294083635,-1.5759723227684823,-0.06192584214727306,-0.8430410366924405,-0.1707941929974381,-2.2126684949041433,-0.48034698371120854,1.6416812168366741,2024,1,2
2024-02-20,-0.3143121142811734,0.4269855854022112,-4.353220228731839,-0.4113798262505015,-1.4335394693693144,-0.33169828939335505,-0.6005322001165303,8.286519130211506,2024,1,2
2024-02-21,-0.15144542726013066,1.0133135118394991,-2.850899757358292,0.4185882307202778,0.9037553808281554,-0.6832925412408707,0.1264199922982138,-0.5188062471480994,2024,1,2
2024-02-22,2.35467072389667,1.080340322320248,16.40089859558192,1.1243917194983577,3.553001733957454,3.8672796023563634,2.1122884217414053,-5.2151250506989175,2024,1,2
2024-02-23,-0.31822540285857465,-0.0902342233003226,0.3552205657740479,-1.0034124734376186,0.2348514479374021,-0.431986737659542,0.03479475462115135,-5.433287234701939,2024,1,2
2024-02-26,-0.6823674212067646,-4.438719244829703,0.3489207283174742,-0.7451168807481989,-0.14858549486425224,-0.4731083963680093,-0.378675135019059,-0.07272893732244318,2024,1,2
2024-02-27,-0.014705912607409357,0.9522247185881436,-0.4943588607771691,0.8114357302083602,-0.6810521779339199,1.1022514819161646,0.17063496993998592,-2.2561824680231055,2024,1,2
2024-02-28,0.05888564760837928,-1.8001046816089579,-1.3189320004137048,-0.6625581920911583,-0.21896371944472212,-0.6221160132594945,-0.16581550604305934,3.0528655107632403,2024,1,2
2024-02-29,1.4519751678818442,1.5251528827011518,1.8657698332766153,-0.3692998280163089,2.0789967478582976,1.2623552161418152,0.5229094697149188,-3.179194575191844,2024,1,2
2024-03-01,0.4496708097069978,-0.9533418720175755,4.003190039194394,-0.6030443572058748,0.8259825521836186,2.4830065127988297,0.8007828948887538,-2.1641788814083176,2024,1,3
2024-03-04,-0.13959318876716523,-2.763606411009211,3.595065608245128,-2.5381247132690095,-0.3591063770984259,-0.8182384537819445,-0.11932620709189659,2.8985516734729626,2024,1,3
2024-03-05,-2.9571988629232466,-0.509927140402202,0.8576570340268785,-2.844079317041433,-1.9484213752621504,-1.5997950016543565,-1.0193100883444584,7.190513591449875,2024,1,3
2024-03-06,-0.13907375628937985,-0.9572717962665703,3.1827321617541378,-0.5878278878066435,-0.35033346396605136,1.1974156399585294,0.5141103203274661,0.2766249083506453,2024,1,3
2024-03-07,1.7533425575905968,2.267875481709733,4.474632653463901,-0.0709444192167244,1.9076784751165472,3.2453893477523863,1.030412792595146,-0.4137959973565464,2024,1,3
2024-03-08,-0.7137035189331349,0.7664971002329849,-5.547701014958027,1.023665475851103,-0.831354575168475,-1.2182830578794979,-0.6528519003437991,2.0775637081209664,2024,1,3
2024-03-11,-0.41850052727274817,1.6690100943222053,-2.0039463348751014,1.1831543048309487,-1.933275889164894,-4.419421843303728,-0.1122238087346451,3.256448462442765,2024,1,3
2024-03-12,2.6599560487947884,0.6028821065583725,7.15720822332631,0.27784139282729736,1.9946455814511483,3.3416851053275014,1.120178798136648,-9.067017675620031,2024,1,3
2024-03-13,-0.0433478120160105,0.9314148182085544,-1.1152038625654819,-1.2122270565200033,0.667083740815821,-0.8364246845524537,-0.19245297153407512,-0.6502901126851637,2024,1,3
2024-03-14,2.437971047083332,2.3678312281674314,-3.239140108567802,1.0927159087235083,1.2403729449981833,-0.7546920882567163,-0.2871091562127342,4.727269952947443,2024,1,3
2024-03-15,-2.06951257478007,-1.3417279723022526,-0.12167287559558965,-0.21966775630473542,-2.4223786467438813,-1.5716810917502284,-0.6482917484461541,0.06944603574133014,2024,1,3
2024-03-18,0.21612332825451216,4.604052971033852,0.7035623078681325,0.6372407744099448,0.03439832543492842,2.6606143509594617,0.6318059504952385,-0.5551694972461909,2024,1,3
2024-03-19,0.980056578959705,-0.4401305495820516,1.066101581276011,1.3585081419642737,0.813845829732094,-0.14890527482995147,0.5649149650123667,-3.5589688178444776,2024,1,3
2024-03-20,0.9064945930648599,1.163032360677608,1.0895132172852378,1.4709261172383774,1.279135917039375,1.870066418191281,0.8904173912846699,-5.643992403728577,2024,1,3
2024-03-21,0.9735684672392535,-0.766444400722862,1.176216585207773,-4.085738743755732,0.0,0.443107653899774,0.3236535401515997,-0.9202445238506708,2024,1,3
2024-03-22,-0.14672059898049905,2.1476948390368307,3.121366401470829,0.5310102522885513,0.4041545020324211,0.3584420029136687,-0.14021878490157064,1.0835939821674714,2024,1,3
2024-03-25,-1.3714599185871992,-0.4642834497836792,0.7561865850864116,-0.8300281542572759,0.4696213001679516,-1.2873488565088946,-0.30549644525015435,0.9953993613303187,2024,1,3
2024-03-26,-0.28615026406442207,0.39980325269052974,-2.5694271037131617,-0.6672601074977051,-0.7845994154095,-1.4174227557737713,-0.2799795225030231,0.3790765149774954,2024,1,3
2024-03-27,-0.05216390350672081,0.13274046949584778,-2.4967309176789048,2.1212420068832483,0.858103619242642,-0.4093765590237565,0.8630626525532864,-3.4743205898720655,2024,1,3
2024-03-28,-0.16847352259979756,0.0397836357937218,0.11745465018372296,-1.0558773013947405,0.3058461025177129,-1.6765818487000768,0.11164855071789617,1.7996909289228307,2024,1,3
2024-04-01,0.9151038262207635,3.0212625725298543,0.007747818325163586,-0.8455930925330585,0.3270852211551541,1.18826823815022,-0.2013584540116453,4.919288073705462,2024,2,4
2024-04-02,-0.7372156587107301,-0.5981212257297269,-1.0081617280829636,-0.69987332794014,-0.15472110151306276,1.2251892210561912,-0.7239059073169137,7.032967508978862,2024,2,4
2024-04-03,-0.23492448750496903,0.23292332215229675,-0.5455385232115312,0.47974425323763703,0.9519072430478732,1.883911343139234,0.10911223646881175,-1.9164937683158836,2024,2,4
2024-04-04,-0.6112389982888853,-2.8337076195397275,-3.4384813220960595,-0.48925445292320363,-1.3212014767422464,0.8248870963487942,-1.2334336350379627,14.096304734949749,2024,2,4
2024-04-05,1.8282669062058035,1.3087074229832671,2.4480600497069114,0.45018615722071187,2.8166707356770835,3.213801064567919,1.109919417433178,-1.9571846321599504,2024,2,4
2024-04-08,-0.21855828304804628,1.5409738231797268,-0.9942202033319216,-0.666359120497934,0.06483768975989937,-1.5341258669550302,-0.03746309983179603,-5.240181349224811,2024,2,4
2024-04-09,0.3980390011520488,1.1301461479524961,-2.041721369624053,0.7242514916643832,0.25919095048931284,-0.4525624237805329,0.14454931932484832,-1.3824887685854272,2024,2,4
2024-04-10,-0.7084415349792416,-0.2937558090326741,1.974142278356246,-1.1139093101911923,0.15080453603607935,0.5668542152909528,-0.9456980649108483,5.473969783420428,2024,2,4
2024-04-11,1.1033216301589008,2.0942827520306913,4.109637755705935,4.327091864976172,1.6671181255133276,0.6405662904368628,0.7444797710585618,-5.632913497334329,2024,2,4
2024-04-12,-1.4091051253973885,-1.0538882996023669,-2.681639690500756,0.862672243011226,-1.5445639364236774,-2.1522868635211223,-1.4550688295801666,16.09657708311,2024,2,4
2024-04-15,-1.9578097432235029,-1.8195634472653555,-2.477712701387768,-2.186368827210877,-1.3485250630092138,-2.2797444809702183,-1.2021354947761997,11.091855202373441,2024,2,4
2024-04-16,0.22724524040587035,-0.29704651349582456,1.6441790302012378,-1.9167214263536725,-0.1633742516860954,-0.09394906825446488,-0.20565070133361862,-4.316172352906519,2024,2,4
2024-04-17,-0.6609026161287203,0.6930132957494161,-3.866603799467156,-0.8147312390527968,-1.1128128209780874,-1.1185325146536926,-0.5780602724641402,-1.03261161954738,2024,2,4
2024-04-18,-1.8380923096689705,0.34732006974720103,0.7568020328112766,-0.5714398944142074,-1.1363622972558254,1.5439761695013912,-0.22081601199982187,-1.1532075509642323,2024,2,4
2024-04-19,-1.2739012510494543,-1.2306985499990282,-10.004598863146589,-1.2212667937331814,-2.561096030926931,-4.131112542361715,-0.875854812743611,3.9444393581814237,2024,2,4
2024-04-22,0.46100370930126255,1.4212737805982467,4.354334460699952,0.5090952295019676,1.4888568814227066,0.13719255656454665,0.8731248071466832,-9.460174436266824,2024,2,4
2024-04-23,1.6485573932063755,1.2669292632310567,3.653247286603331,0.6391770090690481,1.3033897276310822,2.983002271313109,1.196457627087262,-7.378990048797272,2024,2,4
2024-04-24,0.3655788140745786,0.5497557235661927,-3.331585793334325,1.2702257340824714,-1.643086252955785,-0.5240871502127179,0.021301006135498665,1.784580587214187,2024,2,4
2024-04-25,-2.4495172749068126,-1.9669473518837615,3.70873664785265,0.5147128283929485,-1.6535467634067633,-10.561296426704347,-0.45764303535156214,-3.7570467842036903,2024,2,4
2024-04-26,1.8243693176684748,10.224350115292854,6.175554588114927,-0.34727224235122933,3.4260361668536783,0.4327305965417332,1.0209142634743003,-2.2121025056567407,2024,2,4
2024-04-29,-1.0016748588139492,-3.373092077168311,0.025078973941561025,2.4808059747334994,0.7460258507441994,-2.407007359898685,0.3178448666589179,-2.395207339142646,2024,2,4
2024-04-30,-3.211928650981629,-2.0282680601495398,-1.5440472401103755,-1.8270983178707105,-3.2935491228684097,-0.5663167889800425,-1.573051358686212,6.680296776684841,2024,2,4
2024-05-01,1.4409424865671607,0.6634647183750392,-3.88994807576399,-0.6047020011961755,2.2857142857142856,2.096851815319793,-0.3435438815494052,-1.661337262268487,2024,2,5
2024-05-02,0.734285316880503,1.6843688708640825,3.342942605650687,2.2031834330612154,3.1955314082140363,0.5669464391549405,0.9128437077572986,-4.6133854600920765,2024,2,5
2024-05-03,2.216966570542879,0.3720931779560523,3.4631735462529485,5.9816354742283835,0.8066292135759606,2.3274854728672656,1.2556739721478571,-8.106270499449883,2024,2,5
2024-05-06,1.6918463054175155,0.5142440928479965,3.7741202005776042,-0.9106752761638449,1.3371946429286974,3.0356621592426754,1.032612390701175,0.0,2024,2,5
2024-05-07,-1.0156420362490832,1.873884935713871,-1.721292901061304,0.3797194045775823,0.031795209095952716,0.5497388572185241,0.13434298232749828,-1.9273553246345603,2024,2,5
2024-05-08,0.2931739091151778,-1.0919692013895943,-0.15682033416462768,0.18639541599088472,-0.40262477694044135,0.9311499436383516,-0.0005835618166091105,-1.7384697671535234,2024,2,5
2024-05-09,0.43357392030290953,0.3424271895749884,-1.8415707171845164,1.001432473244967,0.7978723404255319,0.5966955924763423,0.5090947698625835,-2.3846186124361477,2024,2,5
2024-05-10,0.5869224540258764,-0.7707733275365469,1.2743977171501026,-0.6890279909845276,-1.0659653152828166,0.16406587115151727,0.16493988445498947,-1.1032261172400197,2024,2,5
2024-05-13,-0.24593744981126225,0.2905389456366308,0.5796956276954937,1.764542320705733,-0.4853789332504469,-1.7198602494991628,-0.02413040553572632,8.366535257186962,2024,2,5
2024-05-14,0.6864451127629928,0.7094715987466294,1.0586381317364864,0.617340766517819,0.2679959159411443,0.8204831672934848,0.48378131397597113,-1.3235316185802117,2024,2,5
2024-05-15,1.748391640264154,1.2739212116019796,3.5837784808151634,1.221793212634013,-0.5773249525686348,2.0536262878750584,1.1715927882596147,-7.228019832446103,2024,2,5
2024-05-16,-0.4939929577155216,0.9680582625030486,-0.2863773032883357,0.06325289256037439,-1.2688857146349741,-1.7257164346529634,-0.2081667792128683,-0.24096171430352933,2024,2,5
2024-05-17,-0.1852733357851881,1.0793364048457188,-1.9924094829464452,0.015809307644748805,0.5826891232250014,-0.2789308460300691,0.11647735102702586,-3.46216024584833,2024,2,5
2024-05-20,1.2208189317629645,0.488482234712448,2.4881355808941574,0.6162223575393128,-0.6280474722663036,-0.6505583348123387,0.09163899374068751,1.3344441239900715,2024,2,5
2024-05-21,0.8698946814254682,0.5256631567058837,0.6393962944285476,0.6857213661480595,-0.21248741632045354,-0.8979586487106392,0.25018742439782726,-2.3868310366918943,2024,2,5
2024-05-22,0.34495421911463675,-0.8265376303953542,-0.45710876602266337,-0.7538412802915377,-0.010914012742568098,0.6779643756749887,-0.27061230392261215,3.6256350558466393,2024,2,5
2024-05-23,-0.8176108825089894,-1.6045010304475364,9.319663104306528,-2.105813262660119,-1.1358061353112017,-0.4275533380917348,-0.738078948501558,3.905618367782911,2024,2,5
2024-05-24,0.740041428788689,0.8297376085536339,2.572273851149504,1.658811546881958,-0.16570176564539957,2.6707883281070477,0.7001042588169516,-6.577917952048332,2024,2,5
2024-05-28,0.03719719898318048,0.8057552210066938,6.98043313192637,0.005273986857808048,0.7745471073219226,0.35548813845604776,0.024880185293408078,8.29840524554435,2024,2,5
2024-05-29,-0.26724194998455253,-0.28345551303562866,0.8112219982471164,0.157887224290751,-0.07136405620595872,-1.1585309875221237,-0.7367046509680429,10.526313070017853,2024,2,5
2024-05-30,-3.3786115020738583,-2.154621816380576,-3.7666008934035182,0.5255204248810069,-1.4833517662161095,-1.5410292346177856,-0.5975035585443352,1.330535977664787,2024,2,5
2024-05-31,0.11091620085923802,0.22659574287295386,-0.7846077393576829,0.501845805818428,-1.606070022964766,-0.047094842262868024,0.8027876204864589,-10.711818674023647,2024,2,5
2024-06-03,-0.3878213971172682,0.388413040376162,4.895422395814345,0.9258758902645093,1.076849847083482,2.283474729402851,0.11160825806738131,1.4705849788028909,2024,2,6
2024-06-04,0.6166604925158348,0.3580190843355672,1.2495779126552171,0.16493554282815157,0.5607267133197407,-0.10470345795524287,0.15028090913064884,0.38138971811030487,2024,2,6
2024-06-05,1.9083305222027662,0.9321757277515756,5.1555640504650135,0.7820924050424406,1.0817455564965737,3.788341489550693,1.1847649793331232,-4.027353640702472,2024,2,6
2024-06-06,0.12027209038332086,0.7525034595237476,-1.17771772226138,-0.7096566596955358,2.0520748266509634,-0.2625909574401071,-0.019981663563322493,-0.3958843252716518,2024,2,6
2024-06-07,-0.15781169726907562,-1.2844264609080347,-0.09090419290536736,1.2392072100134364,-0.3783767287795608,-0.16202275686095252,-0.11152197300303515,-2.8616825028659503,2024,2,6
2024-06-10,0.9484472630660788,0.4303745195413009,0.7461343368023882,-1.9147758292158386,1.497555323458587,1.9555245695982386,0.2580854664514463,4.255314997761363,2024,2,6
2024-06-11,1.1241631839781063,0.9199509317330091,-0.7144030610048568,7.264900217324099,0.09087895389930341,0.9689638268624385,0.27103813151374573,0.8634270983343036,2024,2,6
2024-06-12,1.936772558677801,0.6624268700376097,3.5480962166403307,2.85784635941343,-0.1815928780906424,0.2699553575888315,0.850367279199866,-6.303505023896777,2024,2,6
2024-06-13,0.1178997815311988,-1.4792576235099553,3.522368112087429,0.5491108893677864,-1.6373254687715726,-0.9315098071762442,0.23446558536818016,-0.8305679550378994,2024,2,6
2024-06-14,0.2241922361733029,0.9305751243257004,1.7514089383387828,-0.8168405813510086,-0.09247574783878093,0.11119561370970485,-0.0393860697500966,6.030153202113387,2024,2,6
2024-06-17,1.310528803281862,0.25454326591899984,-0.6824345733164315,1.9671669485821135,0.21779042170785773,0.4899251560056561,0.7664386564552755,0.7109016877775712,2024,2,6
2024-06-18,-0.45274541851833777,-1.213059532449902,3.51199173001037,-1.0984576429496242,-0.6791263808433303,-1.4093255974037793,0.2521327394745822,-3.5294102687461706,2024,2,6
2024-06-20,-0.1433881878051218,0.6911014204397756,-3.540354136870712,-2.151295174832101,1.7996874289478455,0.44246322039459063,-0.2525931847270868,7.967475829590033,2024,2,6
2024-06-21,0.9153940342141578,1.888825443014669,-3.219145943614912,-1.0444395868514387,1.6012872809265142,-1.37931456413557,-0.15621303211011955,-0.6024090761646119,2024,2,6
2024-06-24,-0.46909970732610967,-0.2282540996713278,-6.684051336499324,0.3132639294595381,-1.8563541743415894,0.834714246507766,-0.3065171894989984,0.9848493660558263,2024,2,6
2024-06-25,0.7326751731721031,2.6838508991169916,6.756404217544114,0.4468216697491984,0.41493182264447953,2.343112188868905,0.393359001573687,-3.675917283740933,2024,2,6
2024-06-26,0.26831691709464367,-0.08151528867031903,0.24587155429513993,1.9993312692295064,3.9014727999018666,0.49352639968587053,0.15724312002204063,-2.2585666542580074,2024,2,6
2024-06-27,0.15259341625117484,0.8320740531189774,-1.906647061953152,0.39859175361750865,2.189972356695177,1.255072745694604,0.09073212238915622,-2.4701228279307874,2024,2,6
2024-06-28,-1.302833403915797,-1.758285229251318,-0.3629365179740049,-1.6254111835897933,-2.324996695278791,-2.9524976883211833,-0.40836525834457066,1.6339854003679126,2024,2,6
2024-07-01,2.1881534106296714,0.4611667696546694,0.6151803879626302,2.9104580679812786,2.043982896891171,0.09122607948222838,0.2675563930919463,-1.768483285975429,2024,3,7
2024-07-02,0.5583198797059757,1.2295778304918967,-1.3113324939257713,1.6239866459664378,1.4198798656638474,0.955066764965936,0.6195317856513485,-1.5548324869538994,2024,3,7
2024-07-03,0.3244148714671087,0.313107049573678,4.57324522216531,0.5811003783563324,-1.2050018310546875,0.09028069246845402,0.5084444409779009,0.4987566163634503,2024,3,7
2024-07-05,1.4736259878809796,2.572389359851012,-1.9098905354084446,2.16203677909935,1.2196992290986866,5.8729974437122845,0.5448765178485685,3.2258013625000435,2024,3,7
2024-07-08,-0.2823199306335588,-0.8237207702355935,1.8834845946874494,0.6538883683540089,-0.35500335693359375,-1.9614230425024641,0.10166989647510154,-0.8814075377564873,2024,3,7
2024-07-09,-1.4370303867348218,-0.026461183201272807,2.480498819160648,0.3774847340136471,0.025090598345306817,0.12846570063212268,0.07410719362856875,1.131773198205057,2024,3,7
2024-07-10,1.4601607517785407,1.164152717777525,2.686881300277305,1.8803661096088966,0.22574343157878946,0.8849019390725457,1.0208065293514819,2.7178269094106993,2024,3,7
2024-07-11,-2.4772218066734393,-2.934401260871709,-5.566679362685532,-2.3220885948425924,-2.3724863074531157,-4.112646930067023,-0.8763028841120419,0.5447446906317717,2024,3,7
2024-07-12,-0.25291305047019674,-0.2694544291483752,1.4442721702280403,1.3050907466516344,-0.2871046141153614,-2.697502657810611,0.5517027074430684,-3.560371791258704,2024,3,7
2024-07-15,0.09040475949484052,0.7889038339420241,-0.6190089423571796,1.674333554866958,-0.910074668347495,-0.5432221880268637,0.2826202625215463,5.296948999931651,2024,3,7
2024-07-16,-0.9780541762451741,-1.399229224097517,-1.6194382569455708,0.1791892059416488,0.1556678340896484,-1.2838570497443569,0.6389375498743186,0.5335342639847581,2024,3,7
2024-07-17,-1.3347641281390665,-1.5767876577795086,-6.623929452935119,-2.529605750854591,-2.637038381521735,-5.675896943297556,-1.39275432419937,9.780136488947031,2024,3,7
2024-07-18,-0.7102193705010681,-1.8395671558724056,2.6273374993369383,-2.053478366706879,-2.224228616340456,3.000056738598897,-0.7816403936922492,10.013817740186967,2024,3,7
2024-07-19,-0.740294683346502,-0.01689167555383408,-2.6096168911199475,0.05799246255892101,-0.3374123086734694,0.19754196517004574,-0.7140265531926885,3.7037045906157013,2024,3,7
2024-07-22,1.3337632608151002,2.257116041528692,4.75705271818022,-0.15603672616408812,-0.3167158934036172,2.2252965495575414,1.0792035649409626,-9.745766136434538,2024,3,7
2024-07-23,0.4312061462516494,0.06605261322555461,-0.7689785778662488,0.4688279994106406,2.1144894800451737,0.2646774139714963,-0.15581025897707879,-1.2743097406287267,2024,3,7
2024-07-24,-3.5854793115301096,-5.038769721926462,-6.803160293029213,-2.8754249513991925,-2.9934025650088576,-5.6109280621082664,-2.314909375473495,22.554351822499445,2024,3,7
2024-07-25,-2.4481200051457206,-3.0991065843299936,-1.7242956947589674,-0.4804483508515281,-0.541943105466896,-1.7039899393286797,-0.514262023784225,2.3281493771090265,2024,3,7
2024-07-26,1.641969180619351,-0.1673870314484475,0.6946786901768162,0.21609201942082443,1.473446653629318,2.7105770146616424,1.1090468702846359,-11.213433355830267,2024,3,7
2024-07-29,0.34331093258835715,1.5149571821295527,-1.3001961389462409,0.12846754872152794,0.3835599716395548,0.0021420541785479273,0.08133101292933236,1.2812751655983652,2024,3,7
2024-07-30,-0.8928261416251668,0.4482959881835468,-7.04363127475859,0.2566054427209063,-0.8133134602594744,-0.541104249434691,-0.496017187803023,6.566265828551653,2024,3,7
2024-07-31,-1.0805843905457275,0.7340313728613364,12.812097429990851,1.4990716180744523,2.9002194810164497,2.5129986746033635,1.5793398659167481,-7.518371303299152,2024,3,7
2024-08-01,-0.2964126401819509,-0.45467815905363407,-6.674061349308634,-1.675077595898662,-1.556310017014146,4.8248901424278,-1.3693502993456044,13.630803539367395,2024,3,8
2024-08-02,-2.0666028902417537,-2.40103395685249,-1.7764062367594189,0.6869477945473427,-8.78470841762542,-1.92872511963959,-1.8381860868696804,25.82032919667483,2024,3,8
2024-08-05,-3.2656809193724863,-4.446187382809512,-6.357781558907787,-4.816709161118774,-4.097671157906753,-2.5422993443304525,-2.9968798388639746,64.89953271180458,2024,3,8
2024-08-06,1.128685029069813,-0.6028145895189128,3.7829765825552966,-0.9748152800612786,0.565139969677635,3.8593404466381167,1.0354085880061052,-28.156600197766885,2024,3,8
2024-08-07,-0.2952881114654444,0.4106245795010412,-5.122296804425173,1.2498226804184964,0.5187498515865259,-1.0463625272553658,-0.7734647858502861,0.5052374652567934,2024,3,8
2024-08-08,1.0691900914814885,1.9441423084539784,6.126771701056301,1.6633204160798716,1.8615215947435597,4.235860548151208,2.3042611519136456,-14.578094830633265,2024,3,8
2024-08-09,0.8269457298679358,1.0121425792928846,-0.20957358215321548,1.3735994549846438,0.6875750112577282,1.597228115363334,0.4671676849538555,-14.37578791374391,2024,3,8
2024-08-12,0.1945779128150172,-0.843144464939692,4.076375919224933,0.7129995240501306,-0.0838620987187151,-0.351501537693255,0.004303397765522383,1.66911257354692,2024,3,8
2024-08-13,1.7698590440057738,1.152262134590357,6.530897296269714,1.719296445350359,2.0563504874259073,2.4401587675525955,1.6847579753558397,-12.506027811373066,2024,3,8
2024-08-14,0.6883904269227561,-2.30873324090857,1.6704093500759198,0.20338000010282598,-0.07636117446157484,-0.33677788490340516,0.382372842857673,-10.651215318914046,2024,3,8
2024-08-15,1.1823783464965656,0.579926975070638,4.04810143212494,1.3530569226876814,4.403286281963394,2.00661171240601,1.6133247764330794,-5.929592094835398,2024,3,8
2024-08-16,-0.6080326718074262,1.029125345457558,1.3999557629130992,0.5918452678374504,-0.29843954627290814,-1.8443240770582303,0.19897793572613648,-2.823370744752662,2024,3,8
2024-08-19,0.7312309850996603,2.2766403073628125,4.350629143681613,-0.07078936569491165,0.6551472258580031,0.35268238693614434,0.9722284736913174,-1.0135173666990465,2024,3,8
2024-08-20,0.775748528992614,0.30597894256718233,-2.1153911494944366,0.27446993376856066,0.3703308593809531,-0.48179724988181233,-0.19845553982971517,8.395908040535781,2024,3,8
2024-08-21,-0.15536990543711635,-0.795550304374147,0.9823279223583077,-0.048554011451118144,0.6876093995775854,1.6004369987963187,0.4239676828782101,2.4559215397492116,2024,3,8
2024-08-22,-2.0252789644466236,-1.2360677909782498,-3.7042854140442625,-0.8259753392300497,-2.2097583221652144,-0.603555974322029,-0.8932805548120962,7.867232595473523,2024,3,8
2024-08-23,0.29841660053470465,1.1111407333532597,4.549874473209599,1.0288243072109653,0.5166572293720029,-0.7388069614362339,1.1483370850119177,-9.629627657273671,2024,3,8
2024-08-26,-0.791779185847141,0.32603220010134604,-2.2493685939368477,0.14988233260987796,-0.8698561593616131,-1.3030295314527918,-0.31537266931382246,1.8284991685414949,2024,3,8
2024-08-27,0.08464758968008793,-0.8906974082047251,1.455013753550183,0.3741450541901302,-1.3561281383547008,-0.38764470413863467,0.1595196086544995,-4.458200187994899,2024,3,8
2024-08-28,-0.7828962090558376,-1.1112533472569137,-2.0966630984292687,-0.6753396367190115,-1.3401063602498662,-0.4468988601299992,-0.5975973207976157,10.88788251424887,2024,3,8
2024-08-29,0.6137266082808895,-0.6570561922409621,-6.384844017063597,1.4570134898927618,0.7728290643119532,0.2786204563364742,-0.003937906806073806,-8.533027117123464,2024,3,8
2024-08-30,0.9730907352211151,0.9890139865968869,1.5137326047542552,-0.34379738051938835,3.706719186500493,0.5962768000869965,1.0093051774424322,-4.153352296319841,2024,3,8
2024-09-03,-1.8459074021437205,-3.6846618801235986,-9.525004548562968,-2.7205080424525168,-1.2605042016806722,-1.831924506359063,-2.115107439771167,38.13332875569662,2024,3,9
2024-09-04,-0.131892463773592,-0.5782973266329459,-1.6574017217923929,-0.8618761562916794,-1.6567365497562059,0.1915075718363315,-0.16025435809103905,2.895754832786183,2024,3,9
2024-09-05,-0.12472667091780079,0.504950831743271,0.941543000017988,0.6927707320984863,2.630818387135537,0.8035247143053835,-0.301801761558475,-6.660413211162821,2024,3,9
2024-09-06,-1.6381244557276131,-4.01934044596579,-4.085455753851207,-0.7014986527561967,-3.6539434607352304,-3.209780221398638,-1.726024985928469,12.462309496363146,2024,3,9
2024-09-09,1.0007316715656593,-1.3335898111994158,3.539830506270272,0.04075470983537715,2.339689900878856,0.9035115775688863,1.1580070282484163,-13.092039802055044,2024,3,9
2024-09-10,2.0901089813233487,-0.03363237960702676,1.5309418642600527,-0.36214047785368214,2.366025826501821,0.0,0.44726726528397437,-1.9023178648836243,2024,3,9
2024-09-11,2.134233159338287,1.6816889155439965,8.149860083384421,1.1585090697250324,2.768031821904482,1.3946464067707134,1.066502588889654,-7.285112134206169,2024,3,9
2024-09-12,0.9360831971881226,2.335278577643591,1.9161727374056863,0.0494142645594294,1.344025401103459,2.6903283194957606,0.7495302358939337,-3.5048096128643063,2024,3,9
2024-09-13,0.8407587299178793,1.7906809739811478,-0.0335822800495345,-0.12121459717729054,-0.2727243352063837,-0.1864414994974851,0.5407711405364484,-2.9876991095463974,2024,3,9
2024-09-16,0.1741770441855953,0.38104425748301113,-1.9479325459762151,-2.777514457001544,-0.8579580976924119,1.7477122555515041,0.12566297656614178,3.502415111177351,2024,3,9
2024-09-17,0.8832800510798039,0.7971729133559616,-1.0190143645344552,0.21725122549376683,1.0763186217390828,0.5700415544848149,0.026455008109864217,2.742130906883103,2024,3,9
2024-09-18,-0.9973425861081952,0.307555085025116,-1.9205821441112885,1.7989854796931777,-0.24080275860086836,0.3039257862127151,-0.2896455862498072,3.5207206723224984,2024,3,9
2024-09-19,1.8291137013131125,1.4579760604464647,3.9693120658917733,3.706551490586169,1.8451979705801564,3.9315846044610963,1.6976853166763366,-10.422378860340853,2024,3,9
2024-09-20,-0.779590473607684,0.8942774351216989,-1.5864918505927417,-0.29273983447457225,0.9111555436973413,0.4024315037162965,-0.19410273951238022,-1.1022676424785347,2024,3,9
2024-09-23,-0.4043489010243003,-1.0636230751641116,0.22412767636237566,-0.7581157151287655,1.1899784481557174,0.545120567296852,0.2809273058532787,-1.6099026708904698,2024,3,9
2024-09-24,-1.0011368476829663,0.2718645607078004,3.965255345552647,0.3974203586123753,0.04126358007007647,-0.19133066084706196,0.2511178844347128,-3.1466330345934095,2024,3,9
2024-09-25,0.6850484405431247,-0.49294783791130986,2.1841569047127893,-0.4398294502162298,-0.737269480857403,0.8839986639533481,-0.1861248930141714,0.1299512907290651,2024,3,9
2024-09-26,-0.18514295125282618,0.7678509416372427,0.42911641490310914,0.5080271646859084,-0.711574884887403,-0.08267409528467363,0.40386757171230636,-0.25957146170734563,2024,3,9
2024-09-27,-0.7627997680559564,0.7497041175550249,-2.1283381320518457,0.11867046644594757,-1.668760399819219,-0.08455698307942297,-0.12532169669905743,10.344822451218503,2024,3,9
2024-09-30,0.5326880084041061,1.1588937673844601,0.032950812273714936,2.2871872673760594,-0.872479320635237,0.8953827341775217,0.42365525811766935,-1.3561294495994343,2024,3,9
2024-10-01,-2.233318851340692,0.6873611090664131,-3.6561340179978647,-2.9141468900892575,-0.6440170323887101,0.7040183212754269,-0.9324107094664358,15.12253888745366,2024,4,10
2024-10-02,-0.8462350897373853,-0.6766822431281615,1.5811972426736272,0.2519675193235016,-0.19986515757441886,-0.6349126980411849,0.013839090212393256,-1.8691620253031678,2024,4,10
2024-10-03,-0.14144054390075486,0.0,3.3655865225834476,-0.48945641480209257,-1.5154729791167822,1.7388123039254997,-0.16814134922550303,8.412699389840169,2024,4,10
2024-10-04,-0.1152410654561675,0.7235017093879405,1.684983225181398,0.5007197808530935,2.500542770436156,2.2598882542344554,0.8970249395274432,-6.246953152482424,2024,4,10
2024-10-07,-1.5670683835388322,-2.442254575223086,2.2414342575867217,-2.2530783799412335,-3.0614935516867665,-1.8726719340538898,-0.9586022165882689,17.855286145995876,2024,4,10
2024-10-08,1.2623846118859938,0.8590184928626022,4.047917008562497,1.8404051156073873,1.061945871978593,1.3868506501848914,0.9689347495581977,-5.38868969189242,2024,4,10
2024-10-09,0.663109223251895,-1.5330284851422706,-0.1805993266395967,1.6698315916712902,1.340847707899747,-0.4014256729959801,0.7113411987488192,-2.614376582389224,2024,4,10
2024-10-10,-0.3880388510243295,0.13591438475307385,1.6283347012622889,-0.21781232228910158,0.7992632403596746,-1.1312473081180874,-0.2070122839990025,0.3355689970089556,2024,4,10
2024-10-11,0.11540527191520815,0.7157038253266172,-0.00741402116102211,-0.6505408096193213,1.1626110360002793,1.0482726889306393,0.6051847587953647,-2.245586306020733,2024,4,10
2024-10-14,0.6773786363895812,1.0536647700174013,2.4258231137343023,1.647993322955738,-0.6779016992029098,0.0796622975592129,0.770766688322228,-3.7145569674535084,2024,4,10
2024-10-15,-0.09543603445559751,0.3030998663791314,-4.68602422352954,1.1024618277751417,0.07998782160803755,-0.7028863244167276,-0.7609466332438211,4.771566448247825,2024,4,10
2024-10-16,-0.6256928271396563,-0.18130108750953838,3.1306979621494766,-0.8851884000882486,-0.4262363692000912,-1.6170238317408963,0.467914595657371,-5.135656479108248,2024,4,10
2024-10-17,0.14419300805189164,-1.3502292206145792,0.891531832620737,0.15963480057223917,0.34244710350396956,0.024296168701537252,-0.017116047891170015,-2.40040508266525,2024,4,10
2024-10-18,0.34555157386383,0.3007595472141406,0.781431015986439,1.2276553423913321,0.7785456851548653,-0.07972735371093626,0.39715527389487093,-5.651490786039207,2024,4,10
2024-10-21,0.14826218691942297,0.3977335941352642,4.137683655968493,0.6297833056365445,0.04233124965837479,-0.2272659571299082,-0.1822769490636961,1.8857467534081822,2024,4,10
2024-10-22,2.0846409379096213,0.6521766598420591,-0.08352221718626475,-0.26217866374042426,0.33320442144116824,1.1909963939767534,-0.04748538883843966,-0.925422256545959,2024,4,10
2024-10-23,-0.6806879501463332,-1.4291073061178035,-2.8065701168372708,-2.1622949868696435,-2.630464056220555,-3.1477175925711274,-0.9191323428069396,5.7142800251770005,2024,4,10
2024-10-24,0.030613491156410235,-0.03685720751796471,0.6090493177953374,-0.0823286853178868,0.9041189476714673,0.725565398207433,0.21457720113237333,-0.831600048417312,2024,4,10
2024-10-25,0.8052286206603395,1.5671079649037574,0.8047734136013335,0.36430357070705655,0.7779788122410886,0.9634078699570581,-0.029944716993009175,6.5513627096346605,2024,4,10
2024-10-28,-0.36436647756138746,0.87735957749672,-0.7206612669618963,0.8599371082343571,0.2981406341556897,0.8564942801241374,0.26514435020340427,-2.606988138880875,2024,4,10
2024-10-29,1.2564786466229874,1.7754256123222865,0.5195247287854482,0.11569400927001132,1.2951868195294032,2.615233316923219,0.16141272481633234,-2.32322778887615,2024,4,10
2024-10-30,0.13427406120261137,2.8170802418852343,-1.3522287592808844,-1.5278040481307222,0.9956473710912997,-0.2494920740394478,-0.33002338893437205,5.222338267389763,2024,4,10
2024-10-31,-6.0527581409799085,-1.9202125309238234,-4.722261127701236,-1.8209494875976031,-3.284388507953564,-4.092587412906281,-1.8614700871699548,13.808350925148424,2024,4,10
2024-11-01,0.9892876538009474,0.10518874608750543,1.9885495370373034,-1.3279480381118087,6.1856218652560475,-0.07400640805376438,0.4092509543626135,-5.526773294813016,2024,4,11
2024-11-04,-0.4654369520296082,-1.1967943479197902,0.4800597760879846,-0.4037673272328462,-1.0862395675455652,-1.14252594278287,-0.28120834783000026,0.4570401522182823,2024,4,11
2024-11-05,0.7344704325617094,0.2954346187128614,2.8372002531491436,0.6486356679402515,1.9000925752873705,2.0956570467366515,1.2265644545291292,-6.778888999770043,2024,4,11
2024-11-06,2.1192756763894574,3.988443233618408,4.074053967318042,-0.32669969530915627,3.8045094425516917,-0.06637250629012081,2.5295927786426047,-20.595409275225197,2024,4,11
2024-11-07,1.2494609663018519,2.40213605176329,2.2457311806175815,2.1372106788058045,1.4293335101699474,3.435040234301,0.7431229727488361,-6.5765250054922735,2024,4,11
2024-11-08,-0.6793031704135944,-1.3277837960727714,-0.8396207715243797,-0.11881973656511483,-0.890269149634708,-0.398864332229258,0.375683330923168,-1.7105278430553217,2024,4,11
2024-11-11,-1.0720899698523667,1.1213845548889159,-1.6053544596601341,-1.2028452958509157,-0.6436720074140508,-1.046942528209328,0.09690634297988104,0.20080781451225524,2024,4,11
2024-11-12,1.200927568912585,0.7041822994575183,2.0859223466444914,0.0,1.0007771034946344,0.28292724480100284,-0.28926596513723923,-1.7368084451840817,2024,4,11
2024-11-13,0.5129766999127996,-1.508652013439814,-1.362203889387523,0.39690869244144256,2.484324517939576,-0.8241653372775257,0.02322277248243441,-4.690683742990802,2024,4,11
2024-11-14,0.3974574482793751,-1.844814257930957,0.3349808107745526,1.377030782746535,-1.2237320417028894,-0.4896734924952824,-0.6049734794859023,2.068473269502911,2024,4,11
2024-11-15,-2.7852564077009907,-1.7598607511197388,-3.257004514291647,-1.4109178690716717,-4.19424782314408,-3.9988804363153054,-1.3203489851361223,12.788252385535259,2024,4,11
2024-11-18,0.1831284303495746,1.629056962732452,-1.2889055610242313,1.3422343331317452,-0.44914054556440386,0.057756493399400206,0.3917814394541143,-3.4696374666627587,2024,4,11
2024-11-19,0.48825605285462753,1.608673051684516,4.894727051029263,0.11401709151895346,1.4427385751801003,1.2067214619954203,0.3963584828470007,4.94223659521373,2024,4,11
2024-11-20,-0.5505156260854379,-1.2014408082264803,-0.7618342695475764,0.31540644122823047,-0.8455088814713287,0.7895256899714759,0.0021950862252150217,4.954125058372449,2024,4,11
2024-11-21,-0.43167851727846007,-4.74485783724975,0.5346354455014288,-0.20960983788867144,-2.218059883525382,-0.4297031910583389,0.5340461540581674,-1.689970925159685,2024,4,11
2024-11-22,1.000320635724833,-1.7121151535721433,-3.218095171408899,0.5907516929066924,-0.6351495788949677,-0.7014730771245714,0.34679590949915445,-9.66212796103989,2024,4,11
2024-11-25,0.42925612217778375,1.754092785302909,-4.17753605010679,1.305086651380532,2.1966324768223076,1.067699112908781,0.3020480305938353,-4.199471123755013,2024,4,11
2024-11-26,2.196795670499378,0.8768208938504196,0.6616743999274631,0.9404410213577371,3.1819328663262647,1.4917416675981867,0.5722005647630338,-3.4246574447669085,2024,4,11
2024-11-27,-1.1682504619783787,0.06503992105499237,-1.1539547660000513,-0.05531422228151209,-1.019914899914574,-0.7566791534107289,-0.3801238017440059,0.0,2024,4,11
2024-11-29,0.1111254116191977,-0.16545680424093537,2.1501263860258892,1.0215949444352097,1.0450052683389333,0.8994807791082468,0.5607785488815197,-4.1843981320970105,2024,4,11
2024-12-02,1.7758360722276156,1.503404102737961,0.27488841743332243,0.9522665181572958,1.3564901305970025,3.2229583591311104,0.244845646629995,-1.2583277084667783,2024,4,12
2024-12-03,0.05105044256613844,-0.08746753546787071,1.1757691997747126,1.2771687175992907,1.2956175029913264,3.511958433802495,0.045144911451457756,-0.2998497855734099,2024,4,12
2024-12-04,1.4424900649237975,1.768403531734381,3.479245103749965,0.14836703234419024,2.211394849472448,0.021187725950356957,0.6051417924264701,1.1278166645047658,2024,4,12
2024-12-05,1.1887751064446967,-0.9921340322369144,-0.048214951710288265,0.012335070564565816,1.0955259211262744,-0.7901947189189195,-0.1869775626924769,0.6691461253842793,2024,4,12
2024-12-06,0.21464055660037154,1.1990435190302196,-1.8061464475808469,-0.08228473944429526,2.9381072944344337,2.437064343224293,0.24954538421815128,-5.686850120079148,2024,4,12
2024-12-09,0.5523339940131562,0.4927898739793569,-2.5484423551181643,1.6101137954386084,-0.41404327465995205,-1.635219952642874,-0.6144213927296461,11.119804790267834,2024,4,12
2024-12-10,-0.603115363320702,5.588179960534679,-2.694329027424053,0.413377954395555,-0.46441818247835565,0.9371494073459832,-0.2963883313944385,-0.0704670578098032,2024,4,12
2024-12-11,1.2767118738230254,5.5246646770890315,3.1391101023708448,-0.5166048550183768,2.3195882405071093,2.157186719078414,0.8165786048233682,-4.231314305760085,2024,4,12
2024-12-12,0.12693932015765041,-1.7604958555073535,-1.4141191427792597,0.5963648316136096,-0.5602333522571658,-0.2987374180684665,-0.5414022527810256,2.5036830228133224,2024,4,12
2024-12-13,-0.5093871439144553,-1.1148131806175061,-2.2498882032416665,0.06856941423871879,-0.6594726378065836,-1.6550570160321587,-0.0026466639124147905,-0.7902274143272301,2024,4,12
2024-12-16,0.9658723270052932,3.6034136744141847,-1.6759765725712223,1.1727658250327557,2.4048121869595382,0.7082425197018538,0.37993543260221074,6.3721877916570415,2024,4,12
2024-12-17,0.6355280857449042,-0.6305268692253018,-1.2197015206675828,0.9719587041880053,-0.7641775792156067,-0.7689357383178047,-0.386399496580147,8.032677596203117,2024,4,12
2024-12-18,-3.7561126785560552,-3.5922690312208334,-1.1350607295990212,-2.142172914549837,-4.5987410359975405,-3.5919519193442886,-2.949284635160341,74.03907396600701,2024,4,12
2024-12-19,-0.08230514268060324,0.05839047137849221,1.3730542983904255,0.7014608552068705,1.2561168873593198,-0.27127031282179104,-0.08651123249070528,-12.780595870334826,2024,4,12
2024-12-20,-0.09839814378960461,1.538381047743051,3.0762189246482943,1.8815882716124142,0.7299945952901463,-1.732781483358328,1.086912376891055,-23.78580118697416,2024,4,12
2024-12-23,-0.30919923784088865,1.6822654581893755,3.689667542265989,0.30649195987346656,0.06224408269080593,2.4946340050630242,0.7287273468533549,-8.605663786390258,2024,4,12
2024-12-24,0.9373920499681342,0.7604068911362254,0.3937958552745526,1.147813632887929,1.7728630305015778,1.317012827180657,1.1042759255392058,-14.958284422952609,2024,4,12
2024-12-26,-0.2776936470022293,-0.2600605499173907,-0.20681681383533318,0.31755732672803305,-0.8731717849172285,-0.7239867366904342,-0.0405658786473923,3.223539381334716,2024,4,12
2024-12-27,-1.7301629491105701,-1.4519495172375287,-2.086760667728467,-1.3242138695514165,-1.453425680424039,-0.5867181919406512,-1.1055736101235554,8.282418906603622,2024,4,12
2024-12-30,-1.3239506990677448,-0.7885365237647127,0.35034647616872133,-1.3263333358567644,-1.094970703125,-1.4287982365374148,-1.0701995701766724,9.09090800379102,2024,4,12
2024-12-31,-0.7838345330439713,-1.0144304026104625,-2.3274370305921668,-0.705792050550771,-0.8630834323407858,-0.9691376546731942,-0.4284800394927411,-0.2873519434293537,2024,4,12
2025-01-02,-0.6927800919369725,0.06866262561375223,2.993511957900271,-2.623592067791326,0.37832254586069786,2.3449602241251677,-0.22238866412221978,3.3429389680331676,2025,1,1
2025-01-03,1.1395754979464374,1.2458484740497897,4.45376667566038,-0.20094462677947206,1.8027432561515673,0.8994638763338411,1.259602672149193,-10.039046925668933,2025,1,1
2025-01-06,1.0629558133860746,2.6487385194259137,3.433251539634685,0.6739005741567015,1.5254909370185474,4.229056003697296,0.5538045085450263,-0.5579556721748801,2025,1,1
2025-01-07,-1.2808270090346574,-0.7009798884038709,-6.216962397175582,-1.1387776916781573,-2.416414035082544,-1.9533569682505834,-1.110391288210788,11.097248614080609,2025,1,1
2025-01-08,0.5185130325365064,-0.7877639198616688,-0.021394645166756647,0.2022988832224181,0.009006470850464349,-1.160412196501953,0.15603601909253523,-0.6733946910202195,2025,1,1
2025-01-10,-1.3213729902819,-0.9847950846606326,-2.997658192014294,-2.4103789970141625,-1.4360970473525971,0.841627324767586,-1.5411643803066783,10.395480639981173,2025,1,1
2025-01-13,-0.4200938336092314,-0.536351958449017,-1.971909376452922,-1.034417319521911,-0.21923619356290142,-1.2226755477925362,0.1575444088200736,-1.7911994118260295,2025,1,1
2025-01-14,-0.3643466142500207,-0.7067542440627689,-1.1033409001416439,-0.4778069660643257,-0.3204303696411154,-2.314524689059155,0.11462798112440839,-2.501310246099651,2025,1,1
2025-01-15,2.559715527567516,3.105562786105558,3.400127995976872,1.9675955411234978,2.5670516796895884,3.8485411122803956,1.8312792279639118,-13.842856076827314,2025,1,1
2025-01-16,-0.40581502324680846,-1.3500457879947212,-1.9597748143362372,-4.040036715105833,-1.2043887924316954,-0.9430823071253045,-0.21126894641922772,2.977664499049461,2025,1,1
2025-01-17,1.0481015854655644,1.6017911627848547,3.099493283634171,0.7535381640156464,2.392820942476731,0.24045873917700097,0.9991058969353779,-3.7951813250810247,2025,1,1
2025-01-21,-0.12353138685448409,1.0459205373980116,2.2656262484042617,-3.191585897303637,2.1111818274402108,0.602199929336488,0.876822710558286,-5.698183044435311,2025,1,1
2025-01-22,4.130689702685236,0.1615710824472559,4.430887343960086,0.5344970004767454,1.8638063663626483,1.1419900355079466,0.6137941522227578,0.2656039889675209,2025,1,1
2025-01-23,0.11429329923612075,-0.1966082277763576,0.10198454760059922,-0.07594095883744814,0.17446222360447264,2.0769954517135365,0.5313486220411483,-0.5298008058610928,2025,1,1
2025-01-24,-0.5932111591856897,1.1263772042686524,-3.1245750648081314,-0.39347113107776543,-0.24211709704484918,1.734616467071259,-0.2855132319398796,-1.131824707808675,2025,1,1
2025-01-27,-2.1393614042924916,-4.195602700879545,-16.968171201672895,3.1780288983154827,0.2427047266834859,1.9135473382141708,-1.4580715690809534,20.53871487347857,2025,1,1
2025-01-28,2.908691839060514,1.8195315175149551,8.92587034312383,3.6543948713529173,1.1596277923593923,2.189785360136772,0.9217869449967673,-8.324021245093771,2025,1,1
2025-01-29,-1.088996378275175,0.056303949279479876,-4.101099375503724,0.4616873847964842,-0.45349006926074414,0.3203177878152742,-0.4678895760321567,0.9140744663317513,2025,1,1
2025-01-30,-6.180905634681554,2.7941389558398115,0.7679826612774707,-0.7394699851351534,-1.0250170242948595,1.5536101861346532,0.5275414405311813,-4.347822080763087,2025,1,1
2025-01-31,0.01686141501798464,1.5681803690721043,-3.674284775551436,-0.6692219313426554,1.2955989149507845,0.31732714122453753,-0.5046825754019945,3.7247484021740886,2025,1,1
2025-02-03,-0.9974308160568305,-1.3675101481590244,-2.8400100137797653,-3.385603892478202,-0.10938846972727545,1.2014241353435404,-0.7608597684666686,13.329278718075999,2025,1,2
2025-02-04,0.35285499557155897,2.5592475078293133,1.7058031680127996,2.1008086141181197,1.954342273369351,0.9649238414552714,0.7224881828679748,-7.572511768043472,2025,1,2
2025-02-05,0.2231071592057613,-7.29237465720097,5.208603535434846,-0.14176191504905203,-2.4332807771026634,0.09657704934923621,0.39086729306143225,-8.36722082111086,2025,1,2
2025-02-06,0.612160193784853,0.14111923272439805,3.084178198649252,0.32261593240093395,1.1263088803542816,1.0100986390627869,0.36442987226185203,-1.712114457363563,2025,1,2
2025-02-07,-1.459774603095862,-3.267218254531178,0.9014802398167826,-2.3968819155354617,-4.053095448794506,0.3553345847147,-0.9464770111542913,6.709683325982862,2025,1,2
2025-02-10,0.602821179001867,0.6096912531306563,2.8727694504975867,0.11874587303784621,1.7412199866636249,0.40308194435772754,0.6712541085862768,-4.413545680190007,2025,1,2
2025-02-11,-0.18922390109118367,-0.6167146499958871,-0.5764828232419094,2.1831762511779984,-0.16299428832775936,0.33454597886667115,0.033958278885926986,1.3282734508116094,2025,1,2
2025-02-12,-0.583323107429035,-0.9227425930055109,-1.2500054659258784,1.827013721726075,-1.6454725560419294,0.7752120793361119,-0.27238667143857626,-0.8114863341212755,2025,1,2
2025-02-13,0.3667066451773679,1.3779328250855851,3.16455932210105,1.9673395536306366,0.6290143220533067,0.4383831794404946,1.0426292122230663,-4.971679954588539,2025,1,2
2025-02-14,-0.5139430597904844,-0.4888802970066465,2.631393167375699,1.2710569192951862,-0.7336035409240507,1.113152676523096,-0.00719438074946603,-2.1854299031079547,2025,1,2
2025-02-18,0.2962455005205447,-0.788214264834892,0.3960883564616914,-0.05314861821118119,-0.8877028355405688,-2.755626481112632,0.24449877750611246,3.9268781701437576,2025,1,2
2025-02-19,1.2523186654196423,0.8162359447964656,-0.12193473581117842,0.16361538037281792,-0.008819331220015115,-1.7588722906143524,0.23769693899172972,-0.5211721284556403,2025,1,2
2025-02-20,0.529071143034589,-0.38323454426011266,0.6320622282808527,0.392045505442964,-1.6546793977871894,-1.268885253067398,-0.43341850761716855,2.554023431283864,2025,1,2
2025-02-21,-1.9032569729804831,-2.654948379281902,-4.053974905756707,-0.11390214561466444,-2.826634473141848,-1.624841858879693,-1.7064126702563502,16.28352019097846,2025,1,2
2025-02-24,-1.031329592958914,-0.2282161413722628,-3.0871107960494113,0.6312429397624892,-1.7868663239768217,-2.2558552006862147,-0.4969106504402394,4.2284486352349,2025,1,2
2025-02-25,-1.5098973232899815,-2.136692164355354,-2.801656059607073,-0.024284816198022068,0.0423094048469878,-1.5910265325787696,-0.46797309154723604,2.3709208313628416,2025,1,2
2025-02-26,0.4599126428537959,-1.5334468636974594,3.672110394713778,-2.704018567246442,0.7283848822975894,2.463896031755648,0.013602428004701734,-1.6984041097423401,2025,1,2
2025-02-27,-1.801214826040075,-2.448918917622913,-8.478052227195928,-1.2730832290805052,-2.617215045770671,-2.294804194949295,-1.5864553655509903,10.628265647922824,2025,1,2
2025-02-28,1.1362149120895901,1.0563895688801064,3.9700305555244655,1.9131860379158205,1.6958863624484968,1.5131397776066038,1.5854144634988812,-7.098911782188541,2025,1,2
2025-03-03,-2.1411233616077707,-1.920373715768656,-8.693563240438493,-1.5754231452227694,-3.420008737791639,-1.9679770066874296,-1.759673946699975,16.046875499488767,2025,1,3
2025-03-04,0.03089000334760694,2.3411746283509034,1.6921005719739783,-0.8822401845446795,-0.5950644792114075,-2.297536141004809,-1.2234826602200444,3.2045633021612736,2025,1,3
2025-03-05,3.1934317712238163,1.2286586386381158,1.1294059367459424,-0.08052980366683027,2.2374865016246717,2.573426656454603,1.1159277893187824,-6.720544059225649,2025,1,3
2025-03-06,-1.029855440913705,-0.38723875391052986,-5.737424714128321,-0.17391694763003346,-3.676331176651387,-4.347479076551007,-1.7819007085749892,13.406294998380536,2025,1,3
2025-03-07,-0.9020240721967122,0.8761137869289561,1.917335607119305,1.5892550982702047,-0.7224698407026494,-0.3615144610175982,0.5520617802747997,-6.031362884530713,2025,1,3
2025-03-10,-3.343416579797067,-4.4857715350240905,-5.067004545621897,-4.847958752014633,-2.3638678614138957,-4.422523780714093,-2.6973091305425827,19.212664141545012,2025,1,3
2025-03-11,0.07628251704419757,-1.1032725755228387,1.6638608299262967,-2.918939009986128,1.0537694677220597,1.2909809438431796,-0.7567865323653215,-3.3740147647676433,2025,1,3
2025-03-12,0.7412232820820966,1.8714890900162156,6.427599970802573,-1.747869332981406,1.1699491808345446,2.286566951569834,0.48868699294463464,-9.992572535044166,2025,1,3
2025-03-13,-1.1741115243524818,-2.603067542821078,-0.13824634742627984,-3.364370583193905,-2.5139524437347016,-4.667821593908394,-1.3890984206835293,1.7746608060236635,2025,1,3
2025-03-14,2.584686953902562,1.6773198426573095,5.269075080871023,1.817063590824502,2.0939695556110816,2.962989400494316,2.1265869083087807,-11.719381214642311,2025,1,3
2025-03-17,0.0360477057479316,-0.7251316352863574,-1.758858845960732,0.23888930841732026,-1.1164392468548354,-0.44436907129191805,0.6416130719105924,-5.787782280144563,2025,1,3
2025-03-18,-1.332666076632878,-2.2034263895840267,-3.4300941316488025,-0.6121500615977746,-1.4917738259935265,-3.726247510212443,-1.0653512117636552,5.802050320710765,2025,1,3
2025-03-19,1.1212037204443641,2.0041157549156723,1.8106137564708746,1.198924820364658,1.4106347155876415,0.291924344631581,1.0798495567894595,-8.294935857713554,2025,1,3
2025-03-20,-0.25268825449781357,-0.6650717931464438,0.8594317626861069,-0.5296316345952929,-0.30172668413017995,0.3321565393829725,-0.21848931523151432,-0.5025144893802372,2025,1,3
2025-03-21,1.1425867808454135,0.7309585587189668,-0.7002478113307905,1.9476753412553283,0.646324588535143,1.7491602902217536,0.08246534476661936,-2.6262554063221097,2025,1,3
2025-03-24,0.46514998340015934,2.250115123537903,3.1520908262874037,1.1270360897519058,3.5930826928973807,3.790337378790068,1.7646000146633594,-9.336105188294775,2025,1,3
2025-03-25,0.529166692800291,1.7175831108865451,-0.5930332935586541,1.368191254205778,1.2053587883713401,1.2054666420781612,0.15743334544250528,-1.8878714665219933,2025,1,3
2025-03-26,-1.3133912343619065,-3.2246888335616277,-5.741984746161631,-0.9921704204411623,-2.226436090406264,-2.4476738906084714,-1.1156934922627202,6.880468404796998,2025,1,3
2025-03-27,0.1564163746520283,-1.7084608175368636,-2.0481757950565633,1.0472595574967614,0.11435177345770389,-1.3748347431543106,-0.3306980860763857,1.963996791325549,2025,1,3
2025-03-28,-3.016023795157884,-4.8755110607257475,-1.579467769194098,-2.6580320996315594,-4.290822091507419,-4.288218431154914,-1.9737220708344043,15.83734082339289,2025,1,3
2025-03-31,-0.9002087849801079,0.2008795017830972,-1.176254300988488,1.9412629300025055,-1.2764667384211903,-0.06589227234495915,0.5538521570653465,2.9099357007656264,2025,1,3
2025-04-01,1.8114525287574204,1.5713971790385002,1.6331513496370254,0.4771908676460006,1.0038913682617339,1.672559841949734,0.3781235455908252,-2.2890494307189444,2025,2,4
2025-04-02,-0.013087026305890493,-0.019108380902699812,0.24510699831182883,0.31364045607933966,1.9982288465833835,-0.3532381223433221,0.6728194715792717,-1.1943051144452963,2025,2,4
2025-04-03,-2.363021464887179,-4.024434134071252,-7.806540155258027,-9.245618668741246,-8.979129298487255,-8.9582698767111,-4.83956333599015,39.5629945993925,2025,2,4
2025-04-04,-3.5565829170300254,-3.3970349818791794,-7.357567564849542,-7.2887316420948425,-4.153356599971366,-5.058117766806369,-5.9749605345531105,50.932713798720464,2025,2,4
2025-04-07,-0.5502397835490569,0.789833694134295,3.5308927291754397,-3.673421827140678,2.491224857798794,2.282400132560581,-0.2331472492127383,3.6857164386000876,2025,2,4
2025-04-08,-0.9221575120331214,-1.3969477746617565,-1.372375294787722,-4.981834218551862,-2.624666774451566,-1.1234789076859473,-1.570052456294138,11.387829589075578,2025,2,4
2025-04-09,10.133685828307852,9.682118380695606,18.722741037576053,15.328862822026942,11.977031526306256,14.755608085829264,9.515387644904859,-35.753873962348436,2025,2,4
2025-04-10,-2.340643353543918,-3.711156095757446,-5.912716977811006,-4.2393861643207815,-5.170070417193325,-6.739850542592101,-3.460757958472694,21.118389394369704,2025,2,4
2025-04-11,1.8618128793486066,2.8268365961385307,3.123557540322463,4.0594507407216165,2.014123094524838,-0.4979053701850104,1.8092095201708858,-7.760313734483589,2025,2,4
2025-04-14,-0.16476362354304624,1.2282122318133224,-0.19832679842997025,2.2054074005721143,-1.4875318183769077,-2.2241788353951546,0.7944712390868999,-17.758258093104406,2025,2,4
2025-04-15,-0.5363496185142415,-1.7350876294041524,1.3458518216612976,-0.18764497153286264,-1.3891933050343617,-1.8740106629809368,-0.1727780890394707,-2.4927114458703215,2025,2,4
2025-04-16,-3.6605871531427967,-1.9064751268838505,-6.871652057100184,-3.8933380321385527,-2.928890591956743,-3.6834659738600917,-2.2408371544089745,8.366528818726211,2025,2,4
2025-04-17,-1.0306439903647997,-1.4152471429168099,-2.8710975072874754,1.3949651319910419,-0.9866352335440224,-0.16523139464755593,0.13268380955801,-9.16053868575262,2025,2,4
2025-04-21,-2.3546741379761102,-2.3088094753279775,-4.5127477815216634,-1.9392777907133396,-3.0647084568839094,-3.3540800439913774,-2.356749302382759,14.064081382610988,2025,2,4
2025-04-22,2.1441343736261587,2.573304173895054,2.0431219042711635,3.406499428742688,3.502262189247643,3.2228758724369153,2.511720472389515,-9.609698490025051,2025,2,4
2025-04-23,2.0636810137263684,2.5615759461028342,3.8628832694534814,2.4331715299455303,4.28456735278061,3.9957738836854864,1.6661138470960166,-6.93490007539549,2025,2,4
2025-04-24,3.448271036722741,2.5297683914703493,3.6218443545294723,1.8426036934093986,3.289029336584035,2.475630160725495,2.0259113708281222,-6.959583115949229,2025,2,4
2025-04-25,1.1748008161110721,1.682560950800261,4.3033006065122,0.43672828565983074,1.3133978209558461,2.648403535936016,0.7373133469998466,-6.157911609556574,2025,2,4
2025-04-28,-0.17609055222673542,-0.8335367945740222,-2.0538625761703075,0.41092739681628015,-0.6825802991833533,0.45133541830166635,0.06407067039130832,1.2479849598957684,2025,2,4
2025-04-29,0.7362759844095709,-0.2801841897209071,0.2667108877726651,0.509192041958195,-0.16515586767922594,0.8549461583832725,0.5802410694099027,-3.8966185172991974,2025,2,4
2025-04-30,0.30960936365957065,-0.8491417227837867,-0.09173429822771298,0.6107658696214555,-1.584930482083768,-0.9811617951271094,0.147999135976566,2.1928038269446883,2025,2,4
2025-05-01,7.625354376396951,1.574313082581562,2.469707952550654,0.38588187872508617,3.1341496782804845,4.227686848948604,0.6299102138585683,-0.40485983150158367,2025,2,5
2025-05-02,2.322528793720874,1.6924828711466846,2.5893808339858655,-3.736173890783265,-0.1156683618470259,4.335811559510598,1.4726574129634733,-7.804878237889016,2025,2,5
2025-05-05,0.2044703245095562,0.10974816858327444,-0.5938849150802756,-3.1458458874125155,-1.910722026349242,0.37687846997391283,-0.6381597588933825,4.232800139132166,2025,2,5
2025-05-06,-0.65570427675648,-0.5968047072614412,-0.24600378930009376,-0.19105432029409963,-0.7190832051464082,-1.995759255505571,-0.7693239651855542,4.737736328892749,2025,2,5
2025-05-07,0.009224504380252704,-7.259693979217229,3.100223678089809,-1.1384902173481324,1.9998985551532127,1.6175450956214925,0.434635623313587,-4.88691833859459,2025,2,5
2025-05-08,1.1122645221518095,1.9157025691712606,0.2648250050777271,0.6318509532712618,1.7858062621434154,0.20107255795583073,0.5799775094835531,-4.543523267467306,2025,2,5
2025-05-09,0.12780210205656517,-0.9917039235880329,-0.6134396258082726,0.5266073450536005,0.5102018524557411,-0.923067472414402,-0.07114809122162902,-2.580070887529724,2025,2,5
2025-05-12,2.400119919245571,3.7381456532381847,5.443631590540126,6.314618136852783,8.070031092964328,7.92248474398393,3.2558782749008413,-16.027398584573103,2025,2,5
2025-05-13,-0.026711603989975533,0.6752347750453384,5.634128699424416,1.0152223024481921,1.3084718824412103,2.596076270045552,0.7248200983532239,-0.9244158887228502,2025,2,5
2025-05-14,0.8460591572412317,3.660762896069007,4.163797640293184,-0.28177400278874604,-0.529874222008925,0.5075890100651723,0.10244155978597262,2.19539813915208,2025,2,5
2025-05-15,0.22560537294320845,-0.8526382572500935,-0.3768446794313798,-0.41445074093784023,-2.4161720956264863,-2.3477262707259374,0.41323320741358716,-4.242754457146785,2025,2,5
2025-05-16,0.2515800037513994,1.3600846963490116,0.4227632104436928,-0.08985839713426842,0.20470740005537696,-0.5497825754353555,0.7005272294898618,-3.3090305951344963,2025,2,5
2025-05-19,1.0126248327245893,0.21061437058191276,0.12557052375559127,-1.173901456989179,0.2772544065237169,0.0140457186708524,0.08761131291424024,5.220415490016568,2025,2,5
2025-05-20,-0.1525497378780409,-1.5371716273883391,-0.8777898540882882,-0.9196290225973599,-1.0137739138363968,-0.5199723293268983,-0.38802294486252165,-0.27562976153725155,2025,2,5
2025-05-21,-1.2222557472479827,2.793031454725216,-1.9199142909416365,-2.3059114771772364,-1.445588328099769,-0.25112961236358783,-1.613513066101422,15.367610078476481,2025,2,5
2025-05-22,0.5059916196646085,1.370413722733836,0.7814682829794896,-0.36122343858909695,0.9844923599836122,0.16836791221283956,-0.044487103794303,-2.827025054444428,2025,2,5
2025-05-23,-1.0288879051247395,-1.4045647277687472,-1.159385912561009,-3.0244329373685686,-1.0388973643241257,-1.4939513092368026,-0.6708297825321644,9.9112433965815,2025,2,5
2025-05-27,2.334624314714926,2.629543063828541,3.2066487441660607,2.5298262774380023,2.502611394509341,2.433596132241624,2.045905584527323,-14.939442325168272,2025,2,5
2025-05-28,-0.7228370543097993,-0.31231837511505034,-0.5092301273159895,0.10489616970209305,-0.6310081665849117,0.19615782683931682,-0.557122541726882,1.8459936622906292,2025,2,5
2025-05-29,0.28861962177593076,-0.29008803796397753,3.2490292198065798,-0.23451360612308214,0.4787005283780531,0.22841386690026208,0.40111942619042684,-0.6732219801242612,2025,2,5
2025-05-30,0.36626167499747164,-0.06982902808654913,-2.91686747120216,0.45011768949495035,-0.3354411529621301,0.3782687529584132,-0.008118516130161865,-3.180399377715088,2025,2,5
2025-06-02,0.34973686543957627,-1.5779648898061611,1.6650558767146943,0.42320537763563304,0.7999607012299845,3.6154940993717166,0.41020419271568737,-1.1308513081515377,2025,2,6
2025-06-03,0.21646202056389194,-1.6860995359061377,2.795166046472725,0.7783765588379735,-0.4548692041520448,-0.6036591153000956,0.5800290454605466,-3.6492377669976337,2025,2,6
2025-06-04,0.19439369823429767,1.1252864937224916,0.4956805000453363,-0.22136789123287287,0.7388989179248374,3.164118118654108,0.007368745950665551,-0.4522324550077604,2025,2,6
2025-06-05,0.8213523901960007,0.09522536639657732,-1.3599160107292827,-1.0797924300552688,0.3281416535202608,-0.48405536404363064,-0.5277383403094106,4.940368550432419,2025,2,6
2025-06-06,0.5773144721488126,3.2518696100731193,1.2358067077325159,1.6398389497065253,2.7223334916139414,1.9120316281771803,1.0280683010067837,-9.25324202830431,2025,2,6
2025-06-09,0.5038560888758037,1.510357669583667,0.6421079132463194,-1.2112648419101617,1.5966607137600737,-0.5231520929330548,0.09199480792859348,2.325577692324315,2025,2,6
2025-06-10,-0.38709508659926783,1.4254124691524745,0.932483665921424,0.605617146754573,0.29035159702168795,1.2016288122745424,0.5482989407678446,-1.223770899417147,2025,2,6
2025-06-11,0.36099434659494156,-0.699888291361627,-0.7780511518506882,-1.9193713899397236,-2.026562956546214,-1.1759685106714581,-0.2743888954607821,1.8289053214686875,2025,2,6
2025-06-12,1.322408204950101,-0.9303740625226762,1.5192889816568298,0.21127842211124442,0.018765734284502705,-0.11237124495696552,0.38224199557175276,4.403245763636189,2025,2,6
2025-06-13,-0.8165017019365056,-0.5862173387567009,-2.0896555045209837,-1.380515725994495,-0.5346085913906915,-1.5129257515444146,-1.129637987925069,15.538286159444603,2025,2,6
2025-06-16,0.8800750769422078,1.2022662184691373,1.915888800961625,1.0027860192629678,1.885902821732026,2.898098920270204,0.9392659896159044,-8.213252207192664,2025,2,6
2025-06-17,-0.22957689195171174,-0.4638739927582124,-0.39394744825941774,-1.401059752705839,-0.5923177895162731,-0.696470490645254,-0.8352184790166309,13.029825701676709,2025,2,6
2025-06-18,0.46021675534156836,-1.4947394640127227,0.9436643684034484,0.4804789802485326,-1.0706651956707716,-0.20938609152689608,-0.03092402101070539,-6.759263731651593,2025,2,6
2025-06-20,-0.5913794080825375,-3.854149808910854,-1.1204331756270234,2.2484525012509584,-1.331640209938302,-1.9288060173816672,-0.21786584865058858,2.3833240522920383,2025,2,6
2025-06-23,1.801426336449417,-0.8701311211455287,0.2224579264125664,0.24875227541490977,-0.5818118205440101,2.3712261378295536,0.960650413315643,-3.8312360978386555,2025,2,6
2025-06-24,0.8456709934241625,0.9564619938107086,2.5872113294978525,-0.5955301634066283,2.062648355436753,1.9569621421660601,1.1121720179701882,-11.850733184624904,2025,2,6
2025-06-25,0.44072364564360256,2.344547999384861,4.334009891237299,0.6290559304443063,-0.36659245365152776,-0.49424701355384626,-0.0003286102950399482,-4.118989314700967,2025,2,6
2025-06-26,1.0522794054744775,1.675652341139148,0.4601259796613822,-0.27783184602787864,2.4199205109171347,2.456687818030133,0.8020121275230141,-1.0143202504316857,2025,2,6
2025-06-27,-0.30355678841382566,2.875414489234192,1.7610600088035753,0.03979975434207546,2.8463559660798348,1.0384310048560943,0.5218970885222157,-1.6274891819187491,2025,2,6
2025-06-30,0.29640523291352877,-1.288290190187436,0.1521324942590735,2.0340081667505467,-1.7510092291414303,0.607948993760732,0.5164427424532608,2.512254013963849,2025,2,6
2025-07-01,-1.0775838078136437,-0.22130748116016627,-2.9685423770775587,1.2916183574446376,0.487719279454648,-2.5566093145412827,-0.11185310871218779,0.5977309277102307,2025,3,7
2025-07-02,-0.19510210445577122,1.592349676083226,2.576658439068682,2.2230784557691203,-0.24494626166946762,-0.7855757496263001,0.4745096791088117,-1.1289396014196658,2025,3,7
2025-07-03,1.5781245899109144,0.4982162569672711,1.329083489436134,0.5224968132215771,1.5869432167251094,0.7623713769976658,0.833895520660737,-1.5625014328040137,2025,3,7
2025-07-07,-0.22451880524595413,-1.5262087472188741,-0.6903504741185216,-1.685785632762335,0.02685535903060623,-0.09180050233738594,-0.7862297279128816,8.60806976192026,2025,3,7
2025-07-08,-0.2210129140515635,-1.3745081320238954,1.1122352442717327,0.02856639805010072,-1.8391733064396638,0.3229553725258413,-0.07158868810946689,-5.508720624795488,2025,3,7
2025-07-09,1.3873821642202908,1.2961597114078975,1.8000036669871462,0.538076632079708,1.4496684294917834,1.6803948389237129,0.6062103402663479,-5.17549026293386,2025,3,7
2025-07-10,-0.40317020616652716,0.5661823589086193,0.7490217212359308,0.6015051450409328,-0.1258195325533528,-0.7560359059448453,0.27462050044452563,-1.0037631845926431,2025,3,7
2025-07-11,0.3669179791465992,1.4469230378233178,0.4996949298580756,-0.5884896283904758,1.2417933203629732,-1.3379201227002329,-0.3297522962698511,3.9290234223745655,2025,3,7
2025-07-14,-0.059613385741448664,0.760309256463083,-0.5153967255895757,-1.2028890521389521,0.29775049161142964,0.4752415578905472,0.14074138094572466,4.878055872057842,2025,3,7
2025-07-15,0.5566480595471853,0.2423372731717476,4.040951035509709,0.23488604461726026,0.2924381474455101,-1.460622725388026,-0.39562982147312387,1.0465022665288939,2025,3,7
2025-07-16,-0.03954785905174658,0.5329663243039,0.39250401557807096,0.5021289252517201,-1.3960696164789255,-1.052958380124977,0.3193657417327613,-1.2658188951534357,2025,3,7
2025-07-17,1.2024859971776856,0.333394357502891,0.9511530259631671,-0.06661019354642132,0.3091547264028528,-0.21339496877712533,0.5373767408909439,-3.7296002059403017,2025,3,7
2025-07-18,-0.3224560305812324,0.8061849439958323,-0.34103332904399475,0.5523184207602868,1.0050026580880849,0.4091853667365171,-0.009048620868445847,-0.6658632403358504,2025,3,7
2025-07-21,0.0019661203686632497,2.7234422990291054,-0.5974105180302114,0.6155948519582918,1.4018476542235527,1.2338723239836942,0.13991348828683017,1.462521470748292,2025,3,7
2025-07-22,-0.939111595220202,0.6522844727590555,-2.5382332165810007,0.9036007332049801,-0.798081904360733,-1.1445066170811047,0.06375316336258328,-0.9008986304320059,2025,3,7
2025-07-23,0.11875446980658777,-0.5801189652548423,2.2451231563503455,-0.11658835756964041,0.3604836070819241,1.2443155925715352,0.7811886951519188,-6.84848554206617,2025,3,7
2025-07-24,0.9903743954162827,1.019824800793536,1.733228049004809,-0.1821221816004018,1.7258761037624422,0.17097194403725272,0.06982236416543962,0.13012659669869842,2025,3,7
2025-07-25,0.5539485520711277,0.5255757420553282,-0.13814869492179327,0.05614314509684872,-0.34017710918776495,-0.2965975923677173,0.3974327779295819,-2.988954047337318,2025,3,7
2025-07-28,-0.23554689892890712,-0.31059317593285485,1.873201512024441,0.07948313685424696,0.5833005662313454,0.6945718972735443,0.017685810881818045,0.6697885180936223,2025,3,7
2025-07-29,0.013655033518455574,1.6460679723935303,-0.7015683932365273,-1.2987680343794106,-0.764637153929979,-2.456704980058997,-0.2959442388724225,6.320690792702608,2025,3,7
2025-07-30,0.13071634187727654,0.39847003391681746,2.142340468374342,-1.0507880529716387,-0.35495956232552645,-0.6842815301756837,-0.12494327466497275,-3.1289112285545615,2025,3,7
2025-07-31,3.9474714944860163,-2.3558780585949615,-0.7809503646633958,-0.7079572477626128,1.7029402351838148,11.252712930803026,-0.3694819341152965,8.010334675623813,2025,3,7
2025-08-01,-1.7600790811475486,-1.4434576127760568,-2.333159213127856,-2.5003553622503,-8.269617085933035,-3.0293181251903323,-1.599213314014843,21.889952139464608,2025,3,8
2025-08-04,2.1999250613806454,3.1248348950792364,3.6150068457843174,0.47928329975087747,-1.443541840985157,3.5146169384029675,1.4737100330916093,-14.033360258957684,2025,3,8
2025-08-05,-1.473011237846991,-0.18970983417963952,-0.9666670033730338,-0.21145715214699562,0.9922070229506901,-1.6628680790430883,-0.4857865996303375,1.8835611591540866,2025,3,8
2025-08-06,-0.5324466139908933,0.7294364915233547,0.6507379675917562,5.090685764737546,4.004677220394736,1.1172812790157334,0.7281907295092583,-6.050419611347538,2025,3,8
2025-08-07,-0.7810405975390693,0.2193002136581222,0.7524336767571085,3.179357555367948,0.36885760119835476,-1.316083837501146,-0.07974800154801776,-1.1926103606446996,2025,3,8
2025-08-08,0.23039702823860791,2.4933698651640928,1.0676444440988417,4.235793525056387,-0.19719555047620715,0.9805440271519703,0.7799715348974764,-8.569704903117739,2025,3,8
2025-08-11,-0.05171280396298268,-0.2085132924754857,-0.35029894624303193,-0.8337425610942759,-0.6241858073597945,-0.4458642287517456,-0.25041278217863094,7.260728773380916,2025,3,8
2025-08-12,1.4316576774880325,1.1641791135678734,0.6041988268502152,1.087248642202124,0.07681796954406421,3.150660288750815,1.1345435846612832,-9.353848970853365,2025,3,8
2025-08-13,-1.6362959170720208,-0.678663191097172,-0.8571768446215459,1.60243775871402,1.3952211680404192,-1.2556848573065678,0.3230078882404827,-1.6293263990266693,2025,3,8
2025-08-14,0.3649666091361488,0.48524018790725865,0.23679720733609408,-0.2357169051969862,2.8589233339611884,0.26278173924541404,0.030309080129234174,2.346446914827339,2025,3,8
2025-08-15,-0.4421206625439595,0.47304178345989256,-0.8625454083926496,-0.5112134265439329,0.021648217457236184,0.396358278410246,-0.2897135097229152,1.753204519348785,2025,3,8
2025-08-18,-0.5901881399150389,-0.19616838615760696,0.86450395042743,-0.30225974608621997,0.1991112480187615,-2.2744956881792184,-0.010076318078549858,-0.6626930447881857,2025,3,8
2025-08-19,-1.4175319519939902,-0.9483978735265972,-3.4997990739183846,-0.14292607707682706,-1.5033093886340119,-2.0707108878388585,-0.5858103118756796,3.8692457142231844,2025,3,8
2025-08-20,-0.7944653360587708,-1.1162409848264347,-0.13664557046263504,-1.9734587754066688,-1.8420231785568804,-0.5003419248742205,-0.2431669322826284,0.7707121895382721,2025,3,8
2025-08-21,-0.12874604237913878,0.2157310630543511,-0.23946566664271138,-0.49113050401810965,-0.8310623433453244,-1.152844707726866,-0.4004181529308915,5.799877791100584,2025,3,8
2025-08-22,0.5929794175035908,3.17396526637871,1.7202057065716865,1.2716818852774951,3.1043025385826684,2.1228551413739924,1.5186444876893552,-14.337349757519693,2025,3,8
2025-08-25,-0.5855362867933229,1.1645548416519198,1.0225304884774857,-0.2634306994518411,-0.3932852258726228,-0.19740621765958494,-0.4266385548063489,4.008436597190846,2025,3,8
2025-08-26,-0.44025424975256705,-0.6475282379824809,1.0900419888796684,0.9464633591015523,0.33781006590050955,0.10620353899721346,0.4133995191134909,-1.1494258061691445,2025,3,8
2025-08-27,0.9361843214007928,0.16414127422799524,-0.09352225175625307,0.5145984855926304,0.17926124405795577,-0.8911243392746491,0.23909843081743315,1.5731908188168164,2025,3,8
2025-08-28,0.5722846222226963,2.005010941659797,-0.7874547726525447,0.8980745918084179,1.0824070527147485,0.4990674818342318,0.31567194195348813,-2.8282832693932716,2025,3,8
2025-08-29,-0.5788384724478202,0.6000903938756594,-3.324642350288312,-0.18059547751340552,-1.1226278216735148,-1.6522129527604976,-0.6398184293571648,6.44490181450579,2025,3,8
2025-09-02,-0.3098602510448078,-0.7327158598086085,-1.9519861444106934,-1.0424763463666058,-1.5982548742835698,-0.4859992592656394,-0.6922279936861575,11.783857161935952,2025,3,9
2025-09-03,0.04553246506102256,9.136501754463195,-0.09369840012196091,3.808989840304632,0.2884570719078064,0.26391036751376645,0.5100073627984296,-4.7757698962177955,2025,3,9
2025-09-04,0.5184595116867762,0.7110078779147448,0.6095525885074962,0.5493227438596622,4.287794569264833,1.57384918555525,0.8346486409699322,-6.422019365362713,2025,3,9
2025-09-05,-2.553298718707466,1.1622911345493419,-2.703021206953624,-0.03752419688486625,-1.4214150326010306,0.507577626575092,-0.3165152978388827,-0.7843129677328351,2025,3,9
2025-09-08,0.6464665365560578,-0.31944078165545037,0.7723626471741968,-0.7551387387481711,1.5107797009308892,-0.019944295817568153,0.21059789159530973,-0.46113733261696777,2025,3,9
2025-09-09,0.042145742900858756,2.3884751680042706,1.4556415107065892,-1.483938605882878,1.0176429751274747,1.7812109375095297,0.2688153653112708,-0.46326734887307064,2025,3,9
2025-09-10,0.39325000819514755,-0.19195822205100857,3.8475070154532345,-3.2259541032717194,-3.320182790348509,-1.791826114677926,0.2983469943562762,2.0611730079985,2025,3,9
2025-09-11,0.12790818500065396,0.5017311832108596,-0.08460249278802306,1.4286438163093005,-0.1649827985028328,-0.14361872154198654,0.848589038795995,-4.169383240506964,2025,3,9
2025-09-12,1.7744143492950775,0.17890075291985022,0.3668953560909751,1.7562958341931247,-0.7827802024989644,0.6245844848263635,-0.04827613146673532,0.33990612240108353,2025,3,9
2025-09-15,1.0707963157335874,4.489204363206379,-0.03937701997324803,1.1235860301448604,1.4376501718361068,1.2056760730527576,0.47066192269626167,6.300808516802565,2025,3,9
2025-09-16,-1.2263246171065223,-0.1788505815013666,-1.6146210499489222,0.6125890181851515,1.1320962964584418,1.8700124461087968,-0.12879303382402232,4.2702424976858655,2025,3,9
2025-09-17,0.19251597321500105,-0.6489882230079732,-2.624664991079679,0.35272570821431454,-1.0382430689534923,-0.4210478864319669,-0.097016816051032,-3.911982392701151,2025,3,9
2025-09-18,-0.3078311171604437,1.0018831874786167,3.494053288969074,-0.46445622893812016,-0.16837898189710193,0.5839765835216802,0.4789119185128452,-0.12722937292578115,2025,3,9
2025-09-19,1.8644922009108944,1.0673297266133424,0.24397172760989627,3.2032924294809297,0.10811746080494584,-0.23967230123045422,0.48854188708295393,-1.5923567072431806,2025,3,9
2025-09-22,-0.6718996020213082,-0.8597641964209134,3.928241078649571,4.309567263758813,-1.6632067201427423,-1.6320476060191949,0.4410046474333025,4.207123496628098,2025,3,9
2025-09-23,-1.0146788855002518,-0.344513645174133,-2.8212047891208814,-0.6443219116596345,-3.0400202172414996,-1.2755514184467998,-0.5502159197012138,3.354031027230422,2025,3,9
2025-09-24,0.18065987654265148,-1.796072472038202,-0.8182508094013602,-0.8332388601025362,-0.22654160880354185,0.6963202490423736,-0.2846617843333256,-2.764417676354103,2025,3,9
2025-09-25,-0.6115803306297468,-0.5462563143603573,0.40685023705160234,1.8072939472634053,-0.935476479077319,-1.5447146303462227,-0.5009061343126661,3.461059674784097,2025,3,9
2025-09-26,0.8737114243486549,0.3051384440663803,0.2813953052460229,-0.5489034797703425,0.7471945580644679,-0.6889990525446678,0.5901836747171305,-8.661886673181732,2025,3,9
2025-09-29,0.613928854650164,-1.0099782998473306,2.053985321939452,-0.40319631555047425,1.0874508157807734,-0.04706025866784203,0.26355442163621584,5.428390316881215,2025,3,9
2025-09-30,0.65099728812301,-0.38925435951915033,2.6010412398495415,0.07860573749713198,-1.170270903431995,-1.213336470516251,0.4090848383371605,0.9925548330164871,2025,3,9
2025-10-01,0.33979679312181277,0.7404269411939393,0.3537466147390656,0.32203038937570744,0.48276063361811955,-2.3203310225039258,0.3399920834961921,0.06142646474234568,2025,4,10
2025-10-02,-0.7638860081398445,0.32257855079875525,0.8812165089625078,0.6576637201686696,0.8067800117406154,1.353611843240698,0.06183547238910467,2.0871591536571215,2025,4,10
2025-10-03,0.3121581248646791,-0.13837502899795995,-0.6723594708770544,0.34612549164673656,-1.303902300941104,-2.2680690993296557,0.006551280273586117,0.12026734078770636,2025,4,10
2025-10-06,2.16876172470891,2.0705004948012067,-1.1086137759471526,-0.5154521787410121,0.6332282923022671,0.7177447436096763,0.364659197969338,-1.6816743886603824,2025,4,10
2025-10-07,-0.8683890354990186,-1.8647898398852756,-0.26948975305707046,-0.08181232298413012,0.39837252472939305,-0.36050517196780124,-0.3811405791021547,5.314593080531004,2025,4,10
2025-10-08,0.1660442206295731,-0.46386629900760046,2.1995264931179337,0.616021890962222,1.5510877718191123,0.6675299796049177,0.5827663640568143,-5.452439365065316,2025,4,10
2025-10-09,-0.4667979321300991,-1.263185065602674,1.829625247803999,-1.5577803989301082,1.118907849570373,2.182932369364135,-0.2755570407195282,0.7975526024544652,2025,4,10
2025-10-10,-2.1899000568715117,-2.0535765320658648,-4.886532988389894,-3.452204809648306,-4.992539782966611,-3.845892258906286,-2.7111673211413634,31.83201123002276,2025,4,10
2025-10-13,0.604750661837653,3.204127035930611,2.817217209735772,0.9744415443628878,1.7100394188331414,1.4745489926138626,1.5598671787557548,-12.142193810222155,2025,4,10
2025-10-14,-0.09338416978509811,0.532463150702019,-4.402094106613489,0.0444118817724567,-1.672198760437505,-0.9850467050215906,-0.15643266604626782,9.353645376092954,2025,4,10
2025-10-15,-0.027250299472239975,2.2733706817676573,-0.11108832013668021,0.6336506208048075,-0.37894175689383264,1.255907962774313,0.402600115950362,-0.8169153323245741,2025,4,10
2025-10-16,-0.3544880293596288,0.1713037189296182,1.1010314326866195,-0.7580035333075948,-0.5102778986601825,-0.7637063538248794,-0.629438709982945,22.625970030968542,2025,4,10
2025-10-17,0.385066724869681,0.7317220572461399,0.7755428985164777,1.955948293789928,-0.6667636156250797,0.6811065712973797,0.527071555025712,-17.89805956097521,2025,4,10
2025-10-20,0.6250224614737513,1.283063127314271,-0.31656380962609815,3.9438767662544416,1.6147214372026393,2.1271566179063406,1.0672270853257046,-12.271419923715236,2025,4,10
2025-10-21,0.16834246495727673,-2.3738011926751805,-0.8103311893813815,0.2021044160246699,2.563748688697789,0.15024410805618377,0.003269645093437177,-1.9747598027573376,2025,4,10
2025-10-22,0.5563383331563432,0.49109106564765165,-0.485765024462826,-1.644006933952749,-1.8375903497213038,0.019084801636040243,-0.5337539220865425,4.085056004214739,2025,4,10
2025-10-23,0.0038584740053898277,0.5522657644975306,1.0428245272369485,0.4372054987809945,1.4406971477930832,0.08045097225554317,0.582739344293241,-6.9892533212220105,2025,4,10
2025-10-24,0.5859108597103542,2.7027095600908138,2.250765778698029,1.2481724364091578,1.4111947295924994,0.5940057024214259,0.7902422587873835,-5.375713519309755,2025,4,10
2025-10-27,1.5106681805177038,3.5972545849755546,2.807913848578801,2.2791195406501554,1.2309863182682088,1.687517160587996,1.2290050865671163,-3.543071763260412,2025,4,10
2025-10-28,1.984857433635569,-0.6684828852006578,4.981974713535816,0.07067784700340957,1.0045375014470874,0.08258355763158955,0.22879438603987065,3.9898677388406063,2025,4,10
2025-10-29,-0.09592786985627023,2.654509524665839,2.989606259955981,0.2602357025089752,0.458016598367639,0.030599533627634512,-0.004357825517342977,3.0450669773252024,2025,4,10
2025-10-30,-2.915691032521012,2.5166656643881535,-2.004443857374464,0.6303249053230386,-3.230569840563214,-11.334753120791412,-0.9904812439519249,-0.059103007309361244,2025,4,10
2025-10-31,-1.5121075262963413,-0.10302508547855771,-0.1971511021891973,-0.3795156281820349,9.584492754129256,-2.718807530868354,0.26179217059762877,3.1342441834889705,2025,4,10
2025-11-03,-0.1506332968265945,0.8997350055311845,2.1680115586237303,-0.4882115436205146,4.0045855091363425,-1.6410824124479129,0.17207127269923828,-1.5481677149975015,2025,4,11
2025-11-04,-0.5222145980829936,-2.1781956056512164,-3.958822871705387,0.36796358788214656,-1.8425168014886812,-1.6292716298928673,-1.1736830084583765,10.658124144289758,2025,4,11
2025-11-05,-1.3940409848658597,2.4392974031999177,-1.751466251475133,0.037025250608927675,0.3529558792604592,1.3756949960285942,0.3653555698264813,-5.2105251111482325,2025,4,11
2025-11-06,-1.9835979487020494,0.15474165736187628,-3.6524729969592986,-0.13696651457605805,-2.8617121300727013,-2.674743184200589,-1.1178189042419024,8.273180189796543,2025,4,11
2025-11-07,-0.056324854230016944,-2.079008932757446,0.03719646075554062,-0.48188944041811094,0.5636975040415011,0.4475403013952988,0.12618418007711132,-2.1538465450971556,2025,4,11
2025-11-10,1.8477570760538364,4.041887258044016,5.793271397470867,0.4548580566314354,1.6324987417008756,1.6165164844166473,1.5401018621709883,-7.756811049026757,2025,4,11
2025-11-11,0.5296347271993325,0.4170991247052812,-2.9590603550341275,2.160126250679589,0.28180846386130176,-0.7407866899360273,0.20753505173404327,-1.8181800448205245,2025,4,11
2025-11-12,0.4836047882319736,-1.5790796792906059,0.3313266853908811,-0.646675107129377,-1.9670851205187034,-2.8816141289909014,0.06295171887717868,1.3310158165333785,2025,4,11
2025-11-13,-1.5357770274472025,-2.8390884253360986,-3.5810076045957104,-0.19016265732664553,-2.710890745256888,0.14449834159191113,-1.6556854961597027,14.2204439667056,2025,4,11
2025-11-14,1.368988000867463,-0.7754032031895128,1.7713727482650283,-0.19782829095779877,-1.2164320933474622,-0.0705009365708096,-0.05017255648851532,-0.8500003814697266,2025,4,11
2025-11-17,-0.5272637832246433,3.114943336156063,-1.8772557956247655,-1.8171272056385694,-0.775494186069192,-1.2224035560830722,-0.9162266176807861,12.859300286794827,2025,4,11
2025-11-18,-2.699558366203671,-0.25964197900785696,-2.808152100624222,-0.007476100484277555,-4.431653833391607,-0.7175889417777013,-0.8256436690967995,10.321722340993551,2025,4,11
2025-11-19,-1.3507762234974374,3.0005716839507395,2.845169807528245,0.418795818832539,0.06290693674620092,-1.2330860969233148,0.3753835796229281,-4.171732135949998,2025,4,11
2025-11-20,-1.6001330013427486,-1.1474968674489439,-3.1524784480993273,-0.8601462569680397,-2.4922551488220126,-0.19819475718578977,-1.5567283563270373,11.665258861714321,2025,4,11
2025-11-21,-1.3189012159327367,3.5273694467544234,-0.9743098884976948,1.9680647235321793,1.6348913427910092,0.8656550909420904,0.9823035415319407,-11.317183052550487,2025,4,11
2025-11-24,0.3982121875186463,6.3138240767960845,2.051656850567387,1.6317581500066556,2.5329631048306247,3.163652517876661,1.5467217001293507,-12.41997357878514,2025,4,11
2025-11-25,0.6307891182216119,1.5255244752224406,-2.591067324899371,0.3805273618797371,1.4981436308716296,3.779448814508108,0.9061696817220632,-9.551661540434955,2025,4,11
2025-11-26,1.7841087081432203,-1.0790160699995321,1.3721555408613695,0.20941785347086553,-0.2220553450175871,-0.4102274143574598,0.6906711511012649,-7.381459974709132,2025,4,11
2025-11-28,1.340892547327114,0.07187741102554185,-1.80848872777572,0.468379611876897,1.771686809963624,2.2632288963831857,0.5354773163420171,-4.8865626904644,2025,4,11
2025-12-01,-1.0711242234453737,-1.6521840443809048,1.6497144261903396,1.5241197437133323,0.2829961661327639,-1.0926859130455788,-0.5323329342915658,5.443421216412437,2025,4,12
2025-12-02,0.669767953879085,0.2921490785690308,0.8559455044009465,1.0914832876105172,0.230884759218036,0.9721170997479415,0.24572352619997356,-3.7702994614837824,2025,4,12
2025-12-03,-2.5040828559835657,1.209594691377138,-1.0305282935148268,-0.7128157809805328,-0.8702300580441946,-1.1590187959922844,0.29797912994984466,-3.0741424001872626,2025,4,12
2025-12-04,0.6509910616417107,-0.6288515182409032,2.116036257746848,-1.2141479874668595,-1.4071797072686938,3.428722783246982,0.10803218396736808,-1.8656728368050914,2025,4,12
2025-12-05,0.4824908141233224,1.149175427881805,-0.5289522900729972,-0.6840055245008125,0.18331725713693542,1.7973345192401176,0.1936641757662079,-2.3447394918898095,2025,4,12
2025-12-08,1.6267929045018035,-2.2861821723760705,1.7214022376646159,-0.3192433705098484,-1.1501761877265169,-0.9830419565658888,-0.3477255626794036,8.111615914194314,2025,4,12
2025-12-09,0.2036531842831582,1.071015338749011,-0.3125876875773133,-0.2554952886523542,0.45396393938368856,-1.475692263682299,-0.08763589340257481,1.620651021828266,2025,4,12
2025-12-10,-2.7356622761491147,0.9871373681283893,-0.6433489130266901,0.5772358970110827,1.6935769749745013,-1.0396474409859533,0.6749556939201522,-6.851741444195239,2025,4,12
2025-12-11,1.025997492045986,-2.429649543883048,-1.5507749510496418,-0.26902469609421764,-0.6471654188885877,0.39684237599498584,0.20793508415142145,-5.83386207729007,2025,4,12
2025-12-12,-1.0217785106327264,-1.0050273864534616,-3.2664490019110897,0.08990946591841815,-1.7760970816273658,-1.2991955429604973,-1.0663649289957977,5.993261729198373,2025,4,12
2025-12-15,-0.7752890903315243,-0.3459518417963887,0.7256197507397344,-1.498489084758038,-1.613691637948923,0.5911112574675389,-0.15965630269072792,4.828464040237059,2025,4,12
2025-12-16,0.3306537199253631,-0.5353327337273601,0.8111694452662761,0.18241281266525375,0.008989068511032454,1.4887833453100545,-0.2383917951962334,-0.1212148955374053,2025,4,12
2025-12-17,-0.05668181720786359,-3.2129770198772465,-3.8149918132835503,-1.008702886180206,-0.5796159688549573,-1.1641234572675379,-1.1592143912241404,6.9174837904296,2025,4,12
2025-12-18,1.6508469753089203,1.9344857270350877,1.8720044443348138,0.12875747907972146,2.481127187765992,2.3017680549984223,0.7934262269941882,-4.256526471497209,2025,4,12
2025-12-19,0.40084249888132334,1.5539306686872514,3.9336279676618116,0.5437411303821745,0.26019210221047206,-0.8548376598183549,0.8818059450332215,-11.618262562637518,2025,4,12
2025-12-22,-0.20579063896725425,0.8529800481200883,1.4917895904012792,-0.9865948891234254,0.4750325679665441,0.41440812384580755,0.6436496360377497,-5.5667332810208965,2025,4,12
2025-12-23,0.3980047044735104,1.475229628565758,3.005070925675355,0.5129713035979301,1.6241329216049711,0.5200233268028751,0.4550388765703321,-0.5681812794001605,2025,4,12
2025-12-24,0.24031043723755888,-0.08271420003246745,-0.31711845381519943,0.5323781322749458,0.10338825441332572,0.39251976356210166,0.32214822012189737,-3.7857123783656528,2025,4,12
2025-12-26,-0.06351543352172727,-0.18464359524886415,1.017974941370213,-0.14972809650131588,0.060245884631527635,-0.6381532283355187,-0.0304363549122699,0.9651084770883467,2025,4,12
2025-12-29,-0.1250752022510017,0.015945820080076088,-1.2124095818556482,0.1316796236434203,-0.1935304231780818,-0.693513299399054,-0.3492051480368141,4.411760374749117,2025,4,12
2025-12-30,0.07801502882723595,0.09248270553915858,-0.36127780493742007,-0.24841597541549618,0.198212367199818,1.1021868735651263,-0.13756671519023322,0.9154937759653786,2025,4,12
