Date,Close,High,Low,Open,Volume
2018-01-02,53.18885803222656,53.32614091737454,52.18823228434739,52.18823228434739,31766000
2018-01-03,54.096317291259766,54.32330464034864,53.19976811908015,53.22454611875664,31318000
2018-01-04,54.306453704833984,54.71879774680064,54.23211592226178,54.37237082403954,26052000
2018-01-05,55.026573181152344,55.18962854209171,54.605804668633915,54.68758001568852,30250000
2018-01-08,55.22084045410156,55.466166454382616,55.01219178929201,55.06175156620179,24644000
2018-01-09,55.15046691894531,55.430485149176526,54.92298424681651,55.430485149176526,26808000
2018-01-10,55.01913070678711,55.149970485161695,54.713839150969285,54.86350914916023,20734000
2018-01-11,55.11379623413086,55.252565133136116,54.83774443550206,55.1266824577769,22424000
2018-01-12,56.03561782836914,56.06782960361412,54.91356739186002,55.017148724300554,38586000
2018-01-16,56.0380973815918,56.93910831091455,55.837873150761055,56.51437340212776,36462000
2018-01-17,56.45440673828125,56.465307847683086,55.68076449476652,56.31860984509447,27830000
2018-01-18,56.299285888671875,56.52825458200741,55.72884359734377,56.46679924103173,27498000
2018-01-19,56.6724739074707,56.686350797479946,56.12730875089229,56.40137921915933,30552000
2018-01-22,57.69639205932617,57.83119828621252,56.58920914320012,56.68833248096029,29550000
2018-01-23,58.29161834716797,58.40759058474684,57.84953918024248,58.016557200720996,39138000
2018-01-24,58.04976272583008,58.83083881813154,57.8569722590722,58.72824813925114,37128000
2018-01-25,58.587486267089844,58.72923093256369,58.07701338802162,58.5166158249372,29984000
2018-01-26,58.85610580444336,58.85610580444336,57.888190909871525,58.85461980516385,42170000
2018-01-29,58.802589416503906,59.37352703561722,58.68265073457222,58.87792164727707,31494000
2018-01-30,58.35108947753906,58.87444862969986,58.209344798341796,58.36843748053096,37338000
2018-01-31,58.591453552246094,58.79465355309135,58.089900442604886,58.670253105979164,36022000
2018-02-01,58.560237884521484,58.85066570966018,57.95411268047563,58.282700065188074,73514000
2018-02-02,55.4681510925293,56.06783312556541,55.07017929193355,55.87553800351339,117842000
2018-02-05,52.65262222290039,55.259507731117665,52.37260773820917,54.54682539901895,83550000
2018-02-06,53.74493408203125,53.89113676019656,51.04784896541088,51.24460587228022,76630000
2018-02-07,52.30668640136719,53.849010066822935,52.26753239751377,53.7716965065341,51942000
2018-02-08,49.94264602661133,52.728936197976516,49.79346758363525,52.527721313355016,66792000
2018-02-09,51.85370635986328,52.1238103991256,49.41185755224659,50.843166209275466,98360000
2018-02-12,52.26455307006836,52.81021347603479,51.81504021314853,52.36912506222003,56240000
2018-02-13,52.24374771118164,52.59463642076135,51.885920556337666,52.038566352151555,31586000
2018-02-14,53.1635856628418,53.30086856023521,52.02865270819885,52.2526642754772,41304000
2018-02-15,54.088382720947266,54.2241796064296,52.892486091507614,53.69635873328125,37396000
2018-02-16,54.293575286865234,54.92844495281062,54.09780902846213,54.18850415485872,39948000
2018-02-20,54.69451141357422,55.323928544569256,54.02098316796261,54.1577707285977,33754000
2018-02-21,55.19804382324219,56.310679154233284,54.888785823988364,54.967589158941095,41486000
2018-02-22,55.007240295410156,55.77840214888827,54.77182849516846,55.466667452553175,28010000
2018-02-23,55.90875244140625,55.95385422984399,54.9348895789925,55.441396124111364,25292000
2018-02-26,56.68239212036133,56.707170122167426,55.97070045243147,56.095592471301536,30912000
2018-02-27,55.38439178466797,56.709642241518374,55.34870889611206,56.68238379671604,42964000
2018-02-28,54.71086502075195,55.88693706230646,54.66527168794247,55.606918829221456,49292000
2018-03-01,53.09965133666992,55.075134258798855,52.89546066543097,54.989396258903604,55338000
2018-03-02,53.73055648803711,53.866848708791686,52.04401162575586,52.43405050625236,50162000
2018-03-05,54.25688934326172,54.57506712555628,53.142272657867274,53.43270044320101,28648000
2018-03-06,54.56119155883789,54.79561646049672,54.24400443505079,54.62066556248626,23382000
2018-03-07,55.26198196411133,55.31947463918113,54.01652538501281,54.16074673407645,30748000
2018-03-08,55.972679138183594,56.07477069501771,55.36903066846734,55.36903066846734,33862000
2018-03-09,57.5318489074707,57.53977801800774,56.216017362194016,56.47422580299177,42662000
2018-03-12,57.784114837646484,58.39023995967436,57.45057038524554,57.74049905681797,44306000
2018-03-13,56.49454879760742,58.38231244180919,56.22989723150085,58.07652175924303,43140000
2018-03-14,56.93960189819336,57.478323904745245,56.61547633845562,56.78646078580621,41870000
2018-03-15,57.024845123291016,57.61412136076028,56.28391755240599,56.97330401261731,33382000
2018-03-16,56.22245788574219,57.33211738130773,56.070802782841916,57.259760942465114,58656000
2018-03-19,54.52006149291992,55.47657622148134,53.967458786173076,55.396785995831834,63656000
2018-03-20,54.30843734741211,54.79165182688679,53.64531485171296,54.43729202115942,54598000
2018-03-21,54.2192268371582,54.947767317272806,53.88271037610836,54.14835639030033,44898000
2018-03-22,52.194679260253906,53.71965488321748,52.02071902766322,53.525873763821735,69312000
2018-03-23,50.876365661621094,52.87018724864738,50.793104327347784,52.106459236876645,49880000
2018-03-26,52.24126052856445,52.49798675141057,50.0848827665195,52.068294752408676,65984000
2018-03-27,49.904483795166016,52.75917158759347,49.442580015524115,52.727451363889806,60816000
2018-03-28,49.8172607421875,50.79905639684896,48.76757041702182,49.65519983899021,77698000
2018-03-29,51.401206970214844,51.941914050988245,49.760754623505896,50.11610504828914,69338000
2018-04-02,50.186485290527344,51.51966490505734,49.27556391877928,50.92939798969693,65068000
2018-04-03,50.486331939697266,50.79955644612262,49.42425062512787,50.36094458295795,51322000
2018-04-04,51.032981872558594,51.183150998303724,49.3875721636293,49.47281483694664,50724000
2018-04-05,51.178192138671875,51.87550773444825,50.74998989182345,51.85964951231871,35836000
2018-04-06,50.05366897583008,51.34471893160727,49.87029361572404,50.705387508780916,40134000
2018-04-09,50.55620574951172,51.77043730300339,50.51209463641893,50.55372530289858,33220000
2018-04-10,51.36949920654297,51.60292967696163,50.32426686883661,51.06024117228247,36620000
2018-04-11,50.80251693725586,51.33826691960306,50.51209294778509,51.146467147887805,34060000
2018-04-12,51.40864944458008,51.77341504038281,50.85159249741528,51.120210526952455,32896000
2018-04-13,51.34669494628906,52.18625053198667,51.05478493722999,51.88443007962059,25410000
2018-04-16,51.84527587890625,52.109432108293085,51.24162741414493,51.81801743345529,29776000
2018-04-17,53.49365234375,53.77317521603106,52.38994063796408,52.593635959609706,54584000
2018-04-18,53.296905517578125,53.62449842197895,53.055545949331936,53.4763144158446,31126000
2018-04-19,53.99372100830078,54.393178772058036,52.9811997105563,52.9811997105563,39884000
2018-04-20,53.392555236816406,54.25639346296965,53.13384767816928,53.7370007944744,42434000
2018-04-23,53.21859359741211,53.921860697233896,52.8652282723081,53.673063588212145,69590000
2018-04-24,50.68258285522461,52.75668992749769,50.19788242101329,52.49451504367931,128220000
2018-04-25,50.69993209838867,51.34818321298187,50.40355653776733,51.03495876488472,57860000
2018-04-26,51.707000732421875,52.13867406727597,50.574045396276794,51.20693361948677,50926000
2018-04-27,51.11921691894531,52.122818602319434,50.92791623072944,51.817527009281854,40746000
2018-04-30,50.48136901855469,51.46217013051558,50.467492129684615,51.26640768706322,34492000
2018-05-01,51.58012390136719,51.628693012615315,50.08636944689593,50.36836900445803,35326000
2018-05-02,50.851585388183594,51.740205361607515,50.70835472509704,51.24559070906389,34698000
2018-05-03,50.863975524902344,51.08154775498181,49.951568166064874,50.817886859212855,39282000
2018-05-04,52.0881233215332,52.13173910453042,50.45510454455853,50.53241810458835,36892000
2018-05-07,52.50740051269531,52.78196628191559,52.051939861423826,52.23134874425583,34400000
2018-05-08,52.46428680419922,52.79336947934582,52.11984124058492,52.76313525434269,26030000
2018-05-09,53.96894454956055,54.21922767879466,52.63874068783747,52.73736869640259,47160000
2018-05-10,54.78767776489258,54.9829486432107,54.21327291492137,54.26878046664591,36414000
2018-05-11,54.68410110473633,54.963128667508,54.37880954420044,54.53690776972839,30504000
2018-05-14,54.843685150146484,55.41610867539756,54.75447604353798,54.79263559526489,39338000
2018-05-15,53.76674270629883,54.47298191269587,53.46491844341866,54.36295745356396,35738000
2018-05-16,53.72808074951172,54.238062122596546,53.606164520940055,53.777644311342726,25628000
2018-05-17,53.587825775146484,54.07054491983229,53.347952202175854,53.59773999996606,25738000
2018-05-18,53.01192855834961,53.21463323157747,52.76611099952149,52.83152899932591,35482000
2018-05-21,53.72412109375,54.184538930793096,53.426263278799745,53.47582306223784,25180000
2018-05-22,53.292945861816406,54.11020023279745,53.14178605655908,54.011080660668085,22226000
2018-05-23,53.82075881958008,53.921863490513566,52.879107900126776,53.0297723497328,23740000
2018-05-24,53.79548263549805,53.878248639472716,53.14376416142113,53.86734752980763,20604000
2018-05-25,53.72758483886719,53.9996739682127,53.65423772549646,53.85000018041669,22224000
2018-05-29,52.934112548828125,53.591782477129755,52.68680524279323,53.3271271713993,36076000
2018-05-30,53.39999008178711,53.47532230619452,52.85878762173306,53.20224252007157,28686000
2018-05-31,54.51659393310547,55.01219933249733,53.426263566911004,53.62450270173245,79368000
2018-06-01,56.25120544433594,56.40781766770814,55.1118069960426,55.15443210997763,63202000
2018-06-04,57.14527893066406,57.38416182537443,56.35032602400644,56.424667581739484,44754000
2018-06-05,57.045166015625,57.5447378144486,56.868732899731924,57.22556935872468,32964000
2018-06-06,56.84345245361328,57.22804266881495,56.3166260211979,57.13189511501453,34934000
2018-06-07,56.22245788574219,56.78992429837717,55.81110457357203,56.72599230276937,36108000
2018-06-08,56.137718200683594,56.43854800095758,55.667881492631246,56.06337663830065,27284000
2018-06-11,56.543609619140625,56.88260650430894,56.07278607365033,56.14910896082906,24796000
2018-06-12,56.90491485595703,56.93266863653652,56.549564372976135,56.549564372976135,26092000
2018-06-13,56.708648681640625,57.27413758686546,56.66652268104479,57.10761113571733,34302000
2018-06-14,57.495670318603516,57.78708498011049,57.02434765664887,57.104141656931496,35422000
2018-06-15,57.454036712646484,57.68399602965639,57.17748962009884,57.486248486025765,44438000
2018-06-18,58.65886688232422,58.686125331547835,57.0441828280435,57.12793950840865,33038000
2018-06-19,58.41651153564453,58.62069843929563,57.57001746502966,57.99128127723076,47282000
2018-06-20,58.68313980102539,59.5464864732717,58.58203891404472,58.64498024715416,51686000
2018-06-21,57.958072662353516,58.993390704556724,57.662691538508525,58.75451158577601,44966000
2018-06-22,57.95063781738281,58.23362804592787,57.47287202628179,58.05967159828559,34220000
2018-06-25,56.46332931518555,57.291484709113526,55.50284435321936,57.24242026145047,57682000
2018-06-26,56.13325881958008,56.83949423946889,55.95384990840319,56.70419644694378,34688000
2018-06-27,55.35614776611328,56.806785690036946,55.344252208444104,56.30077074881717,34538000
2018-06-28,55.84381866455078,56.20164577712251,54.81742043867429,55.130641104863024,29726000
2018-06-29,55.963260650634766,56.56641379159462,55.85571664765586,56.117891548666634,31562000
2018-07-02,56.603580474853516,56.64719625524921,54.843688462348,55.27734313265763,23216000
2018-07-03,55.32343292236328,56.990153192018866,55.23174714303591,56.96587052644478,16448000
2018-07-05,56.56294250488281,56.704191846101395,55.6624269088357,55.73577780214064,28594000
2018-07-06,57.24638366699219,57.301891223514744,56.36222164626057,56.58673231901831,21820000
2018-07-09,57.85102462768555,57.88324018814147,57.352942569918206,57.49022547525545,21584000
2018-07-10,57.844078063964844,58.159283835538375,57.61709073552586,57.98532739582949,21334000
2018-07-11,58.05819320678711,58.50324438453327,57.26076352733581,57.273150637650815,33252000
2018-07-12,59.53508758544922,59.57126580776698,58.1394619918808,58.22668977309405,44148000
2018-07-13,59.69170379638672,59.990056934189376,59.23921508657484,59.611414454417236,32612000
2018-07-16,59.299678802490234,59.90431796084138,59.14554323296885,59.6614686063109,26784000
2018-07-17,60.12089920043945,60.4024034608938,58.58055677018775,58.61723411073506,40162000
2018-07-18,60.112464904785156,60.542648446049114,59.69863491732243,59.89538802068597,38948000
2018-07-19,59.42803955078125,60.289401137992186,59.360141103344006,59.80222023017883,38338000
2018-07-20,59.367584228515625,60.0064203535705,59.30364843587302,59.43498735345779,37938000
2018-07-23,60.0178108215332,60.22101084249666,59.07665517549802,59.25755386181982,65446000
2018-07-24,62.35458755493164,63.18968134945834,61.660243984113876,62.99143845565767,107600000
2018-07-25,63.236270904541016,63.35025801938801,61.90358661511062,62.08051884708287,51104000
2018-07-26,63.7100715637207,63.80423779360714,62.59495948581079,62.80212216662584,54686000
2018-07-27,62.093902587890625,64.00445919209274,61.67759210645797,63.88948140697358,48362000
2018-07-30,60.96144485473633,62.093904996104634,60.67052548639998,61.70534827962,43896000
2018-07-31,60.821685791015625,61.51503877217524,60.275034609294465,61.04421137477646,39382000
2018-08-01,61.10764694213867,61.74746986091492,60.70868447690941,61.41095717984236,36994000
2018-08-02,61.51106643676758,61.673626443923425,60.36770528483681,60.38951128505238,34704000
2018-08-03,61.3638801574707,61.77820555272825,60.93072075847349,61.71179309706,21264000
2018-08-06,61.3395881652832,61.57698507031156,60.98572747853054,61.53485906816259,22114000
2018-08-07,62.24010467529297,62.74760560322747,62.03988043832837,62.050286215151715,42506000
2018-08-08,62.5121955871582,63.027126526640515,62.05574042643752,62.28371844964311,34344000
2018-08-09,62.66731643676758,63.03902046572219,62.451233976820184,62.58157843163508,27326000
2018-08-10,62.075069427490234,62.505752137905276,61.80992251433301,62.405638126530064,26602000
2018-08-13,61.883262634277344,62.74214751114905,61.80347241524946,62.01013974542704,27500000
2018-08-14,62.35409164428711,62.47551253247424,61.43226541064566,62.07456875068865,28080000
2018-08-15,61.069480895996094,62.04879601342514,60.77310911621707,61.667181567651326,37052000
2018-08-16,60.665077209472656,61.638448509590894,60.44552361138479,61.55369737986487,32176000
2018-08-17,60.258174896240234,60.8082971269196,59.670883777475254,60.56495623560335,33092000
2018-08-20,60.56049346923828,60.75675502616927,59.903817915973555,60.49656147030582,22218000
2018-08-21,60.335487365722656,61.096243364971755,60.21753381099704,60.613524255803895,23082000
2018-08-22,60.55058288574219,60.78748066122233,60.127829329789336,60.17738910670337,22296000
2018-08-23,60.52134323120117,61.21568682937405,60.43163878141544,60.45790656141297,24666000
2018-08-24,61.29399490356445,61.32620668102879,60.53422952112296,60.76121686857708,24454000
2018-08-27,62.26141357421875,62.34071224621682,61.48876576119388,61.66024554727935,28580000
2018-08-28,61.7454833984375,62.27578093724527,61.60225273560665,62.243070048540154,27330000
2018-08-29,62.67673110961914,62.80162689915618,62.08943995794666,62.19847374399886,36926000
2018-08-30,62.17072296142578,62.916607715721355,61.81240047448793,62.61478345703049,30104000
2018-08-31,61.048667907714844,62.07704750902124,60.74882500359902,62.06019862087965,42308000
2018-09-04,60.03316879272461,60.85389413951963,59.797757012510694,60.588743467717634,41458000
2018-09-05,59.42803955078125,60.20960713363354,58.25047772595047,59.92958889988555,53988000
2018-09-06,58.67918395996094,59.422592049532845,57.6691391707006,59.40177671377289,46854000
2018-09-07,58.361995697021484,58.90517953017783,57.94965165488326,58.08494944415617,32658000
2018-09-10,58.23659896850586,58.811502973127645,58.01605474527065,58.6895829715161,27670000
2018-09-11,58.97653579711914,59.023618905949505,57.78510097997163,58.040337408839854,29254000
2018-09-12,58.06512451171875,59.01123342912516,57.795512055893596,58.580550747320544,35716000
2018-09-13,58.587486267089844,58.87097559803753,57.94716427880943,58.466560715658176,40068000
2018-09-14,58.381317138671875,58.87791693472183,58.160277576654984,58.87791693472183,24176000
2018-09-17,57.4818000793457,58.57163507815702,57.41390162752247,58.37091550269428,34096000
2018-09-18,57.84259796142578,58.54735113102218,57.56109371632407,57.62205372169056,32314000
2018-09-19,58.19745635986328,58.29657592754224,57.42183269774188,57.93429076930525,25962000
2018-09-20,59.05485153198242,59.1752855499603,58.2955852082251,58.51464346063572,29244000
2018-09-21,58.09089279174805,59.30314304404361,58.08792079313823,59.22087237514745,91222000
2018-09-24,58.459625244140625,58.738649029218344,57.068956754362944,57.46098076733555,31150000
2018-09-25,59.169830322265625,59.31702366726043,58.18853001212674,58.69206828157182,33152000
2018-09-26,59.17825698852539,59.831465293153904,58.74906404691643,59.15992209958486,37650000
2018-09-27,59.83740997314453,60.308233562102814,59.37600149474461,59.47264439063263,36274000
2018-09-28,59.82352828979492,59.89142673427269,59.36509184688279,59.67534051135041,35612000
2018-10-01,59.89539337158203,60.67200764101724,59.630741801659894,60.116932054313466,33164000
2018-10-02,59.85128402709961,60.68786760635078,59.455792684854295,59.80321024799633,40180000
2018-10-03,60.04407501220703,60.17541012769135,59.57919543863832,60.067367011728635,26246000
2018-10-04,58.336219787597656,59.76504784574882,57.68103020510518,59.72193117816361,46576000
2018-10-05,57.87828063964844,58.58055335984854,57.20871881167546,58.28319089338021,31852000
2018-10-08,57.28800964355469,58.27624447067923,56.271026593154595,57.49021518559159,46190000
2018-10-09,56.7552375793457,57.56703939265589,56.705677800090115,57.059538480767145,33690000
2018-10-10,54.1280403137207,56.35132613770202,54.09582475319097,56.32059657661925,58980000
2018-10-11,54.05766296386719,55.312538487036065,53.32168863142083,53.477805544718294,67696000
2018-10-12,55.53456497192383,55.79673988188645,54.270274423304,55.48995852207989,49370000
2018-10-15,54.63752365112305,55.597014228574075,54.428375841974265,55.40868553676069,30074000
2018-10-16,56.15605545043945,56.31911080517514,55.09893132049518,55.184669329646496,38378000
2018-10-17,55.88396453857422,56.84593167168672,55.21043629864681,56.49900944196669,35652000
2018-10-18,54.41301345825195,56.11987860211233,53.83959915144038,56.00341102889499,46152000
2018-10-19,54.7733154296875,55.55488685474241,54.369399607612905,54.700463645484554,41286000
2018-10-22,55.08009338378906,55.59155696560373,54.516589575483515,55.136591608320536,27116000
2018-10-23,55.25553894042969,55.408683848644095,53.476317413826656,54.08491925686056,37686000
2018-10-24,52.39142608642578,55.34027986823497,52.289330760147436,55.259990539758455,49286000
2018-10-25,54.69451141357422,55.399756102645775,53.304833588221236,53.54024537331576,72956000
2018-10-26,53.71122741699219,55.35911361997111,51.653473883582606,51.955793436127905,106438000
2018-10-29,51.281768798828125,54.95420601595527,49.91736817667203,54.34510514487388,81290000
2018-10-30,52.0142707824707,52.08315988988406,50.252892879333544,50.55223663950661,59768000
2018-10-31,54.04972457885742,54.91307122833616,52.94056038168737,52.94056038168737,70916000
2018-11-01,53.821746826171875,54.51162859099495,53.417331943590966,54.09036482134209,40132000
2018-11-02,53.10361862182617,54.41746888733465,52.91380016975293,53.97142331655281,43438000
2018-11-05,52.32254409790039,53.195801263045176,51.24559536671138,53.15516126022647,45358000
2018-11-06,53.00846481323242,53.51646108225636,52.21747829667191,52.28735808027902,28660000
2018-11-07,54.92496871948242,55.008725392439125,53.55462016307726,53.69834617525537,43388000
2018-11-08,54.250450134277344,54.92397841663363,53.7414632001446,54.8783850813804,33694000
2018-11-09,53.377689361572266,53.939208047606066,52.74529644823808,53.72461159561041,34860000
2018-11-12,52.00684356689453,53.23297454810507,51.560306426195,53.18490076676925,34002000
2018-11-13,51.937950134277344,52.86473345935463,51.56277880648928,52.276947022249765,25750000
2018-11-14,52.26554870605469,52.82112338828887,51.597968244023455,52.53416671302797,34666000
2018-11-15,53.081817626953125,53.46937989732976,51.60689321508086,52.110926837234224,41584000
2018-11-16,52.94403839111328,53.15070574670461,52.28141120588089,52.79337393000323,35366000
2018-11-19,50.919490814208984,52.93066073830492,50.69399322022204,52.70218358290372,45684000
2018-11-20,51.06965255737305,51.41162146001286,49.670064284425,49.92182962513011,54458000
2018-11-21,51.71295166015625,52.27199369417608,51.516194757625584,51.80612344190846,29698000
2018-11-23,51.05230712890625,51.691638471206154,50.97399912574194,51.22081112953466,14178000
2018-11-26,52.33295440673828,52.3854861863496,51.53155834412097,51.74120147294629,31558000
2018-11-27,52.15156173706055,52.86920114576592,51.81554437238424,52.104977734935865,33048000
2018-11-28,54.10969924926758,54.162730143215434,51.68916128519733,52.40828667531265,46042000
2018-11-29,54.24796676635742,54.52401853411203,53.62449367564983,53.70032122849477,31004000
2018-11-30,54.994850158691406,54.994850158691406,53.68298490261027,54.30001497294839,59668000
2018-12-03,55.3274040222168,56.25121168131936,55.09793621629191,56.11046144473248,57532000
2018-12-04,52.656585693359375,55.222335716900645,52.57282901926797,55.16038504432092,45630000
2018-12-06,53.43021774291992,53.496630186858056,51.66586401138743,51.79075600770243,47436000
2018-12-07,51.86906051635742,53.7746635898791,51.51172874543162,53.14028938089352,42682000
2018-12-10,52.19615936279297,52.51433711831464,51.19602898692248,51.68865850726927,33652000
2018-12-11,52.61594009399414,53.04959475593755,52.04351654521581,52.87811497972909,33852000
2018-12-12,53.21462631225586,54.106713548197455,53.12739854268986,53.38065362743525,28960000
2018-12-13,53.20521545410156,53.94267948952978,52.78147499288261,53.31078190544962,24986000
2018-12-14,52.12331008911133,53.11501614131917,52.00733786023985,52.5351587781306,36358000
2018-12-17,50.831764221191406,52.65212095785888,50.38472798120905,51.89037426011331,49932000
2018-12-18,51.71195983886719,52.51880453693623,51.071138699168294,51.245594263896415,43640000
2018-12-19,51.31795120239258,53.312763523901886,50.523497386753405,51.90425167522263,58264000
2018-12-20,50.72916793823242,51.91168296571003,49.95007710553341,50.849102817129655,53674000
2018-12-21,49.12687683105469,51.42747585544502,48.6282995178154,51.14845208991037,104656000
2018-12-24,48.8007698059082,50.161203970954325,48.45334848483167,48.78342180498203,36360000
2018-12-26,51.932010650634766,51.96174576294101,49.19626688339329,49.460922238893126,46318000
2018-12-27,52.18228530883789,52.20409130797924,49.90745489277842,50.859019993855526,45996000
2018-12-28,51.87401580810547,52.74380175895994,51.64207137541025,52.509380660955216,34398000
2018-12-31,51.788780212402344,52.68235739680241,51.19801794154297,52.42662181757519,33110000
2019-01-02,52.270511627197266,52.57332655771862,50.81343053702723,50.908587439587016,31868000
2019-01-03,50.822837829589844,52.844413130736584,50.669201388757,52.07176536650582,41960000
2019-01-04,53.429718017578125,53.525370229841464,51.387327570109306,51.66982242840896,46022000
2019-01-07,53.323177337646484,53.65919471164255,52.66501191794435,53.573456702107286,47446000
2019-01-08,53.79151916503906,54.18701051028504,52.947997134787144,53.82274027539516,35414000
2019-01-09,53.607154846191406,54.10226487887618,53.246351931681716,53.92136997908412,26998000
2019-01-10,53.46739196777344,53.51596107886595,52.7661099648934,53.27460152267623,26598000
2019-01-11,52.755706787109375,53.196795286176545,52.35723962602877,53.024820153608665,30864000
2019-01-14,52.113399505615234,52.457349745213584,51.96670149930838,52.2040946206828,28490000
2019-01-15,53.8480224609375,53.93525025101272,52.25861559013519,52.43554783604918,37518000
2019-01-16,53.9966926574707,54.633547299465775,53.92235488547541,54.020979102512705,38280000
2019-01-17,54.47297286987305,54.55127708823581,53.68693978196592,53.92136466631834,24896000
2019-01-18,54.878387451171875,55.408685076431745,54.48091095351191,54.942319458615124,44892000
2019-01-22,53.457481384277344,54.46554479169045,53.07388180032208,54.31834766794679,39632000
2019-01-23,53.74394226074219,54.167187396746016,52.90934376478967,53.86536315507689,25194000
2019-01-24,53.7236213684082,53.92186426712231,53.03076377971732,53.64977514185636,29114000
2019-01-25,54.591426849365234,54.68311263158913,54.11019370892404,54.23062393672968,23260000
2019-01-28,53.51844024658203,54.18800205710422,53.258246677265326,54.024455162568955,29334000
2019-01-29,53.032745361328125,53.759799844010175,52.83252112922512,53.57691983324791,19704000
2019-01-30,54.41697692871094,54.4928044913876,53.35885838319014,53.39454127483169,29452000
2019-01-31,55.79970932006836,55.8879277682799,54.776782174572446,55.12320907469218,40232000
2019-02-01,55.43940734863281,56.2214740701124,55.22282955760962,55.62129291519569,33116000
2019-02-04,56.56938552856445,56.6149826428997,55.38439370064637,55.45873526005803,78408000
2019-02-05,57.08729934692383,57.13190580060981,55.686224891655264,55.98507338479125,82296000
2019-02-06,55.65102767944336,57.19285589279355,55.42651701277045,56.95843478322537,48256000
2019-02-07,54.80949783325195,55.11082297867961,54.19891086849053,55.102398533961725,38298000
2019-02-08,54.634544372558594,54.76935060643316,54.23112389952637,54.2628403443188,21766000
2019-02-11,54.62165451049805,55.18218629544978,54.516587177076204,54.702439178816235,18498000
2019-02-12,55.88347244262695,56.14515201996512,55.06225170507033,55.06225170507033,35036000
2019-02-13,55.935508728027344,56.64026189800341,55.8051642728651,56.154071635364986,28042000
2019-02-14,55.9637565612793,56.30721147033604,55.363579193970516,55.755603216750615,21106000
2019-02-15,55.48945999145508,56.46431712713548,55.34523865451279,56.46431712713548,27826000
2019-02-19,55.83043670654297,55.98555914866208,55.3412744861392,55.3412744861392,21980000
2019-02-20,55.53703689575195,56.04949489564427,55.09892423297482,55.94789489522291,24090000
2019-02-21,54.72523880004883,55.465674848432876,54.41647611332852,55.44733617946482,33272000
2019-02-22,55.337310791015625,55.37150768160095,54.54137097842151,54.99732699877996,29436000
2019-02-25,55.3754768371582,55.775429986057915,55.21589260034126,55.60345485849227,26208000
2019-02-26,55.607418060302734,55.826971639267626,54.84864709251726,55.22877557612181,35026000
2019-02-27,55.65102767944336,55.7917778993341,54.940825906361525,55.210929903988735,22092000
2019-02-28,55.832427978515625,56.20116004441718,55.429007465634214,55.45824724768078,27422000
2019-03-01,56.921268463134766,56.99461936094752,56.05296837179371,56.05296837179371,34086000
2019-03-04,57.16411590576172,57.76379794864619,56.41227962663273,57.22061413135729,35490000
2019-03-05,57.9456787109375,58.30747226410255,57.144286498752884,57.29197516228845,40094000
2019-03-06,57.735050201416016,58.2207413179186,57.64137930979189,58.07305265058131,23602000
2019-03-07,57.036746978759766,57.66765395338882,56.583762917385755,57.515008155745505,30086000
2019-03-08,56.99312973022461,57.16560018173033,56.01331546458372,56.19669080684739,23694000
2019-03-11,58.44475555419922,58.476967329547385,57.07242200177658,57.0937326680358,30032000
2019-03-12,59.33634948730469,59.755631944132176,58.5954219125641,58.5954219125641,42220000
2019-03-13,59.426055908203125,59.82551371065459,59.36906235006115,59.76653882003293,25888000
2019-03-14,59.10242462158203,59.70557776072939,59.037997286610825,59.42407352566446,27302000
2019-03-15,58.99190902709961,59.5578895360771,58.82885367389795,59.37352729524492,51886000
2019-03-18,58.90517807006836,59.2223652052095,58.55478470956412,58.961676295913904,24442000
2019-03-19,59.59455871582031,59.64164182645862,58.95027028391361,59.062276058353675,29788000
2019-03-20,60.78253173828125,60.95896865152829,59.45232778710967,59.54203224319541,41508000
2019-03-21,61.263267517089844,61.27863040668714,60.294358088650746,60.46385655086534,28150000
2019-03-22,59.85177993774414,61.13936242847157,59.77000460105238,60.902464643554005,34422000
2019-03-25,59.34278869628906,59.94048934144617,58.97703248803913,59.45083180443985,27576000
2019-03-26,58.96910858154297,59.851780848264944,58.56866011714988,59.729860841033144,30752000
2019-03-27,58.382808685302734,59.072195171422834,57.69986152973623,59.072195171422834,29428000
2019-03-28,58.098331451416016,58.345143478843994,57.66021873912632,58.258414804745335,22402000
2019-03-29,58.327301025390625,58.678189713004706,57.80641854885906,58.49035258830934,30890000
2019-04-01,59.422088623046875,59.482549508327345,58.79663418796879,58.85511374092362,27706000
2019-04-02,59.7472038269043,59.76058538221272,59.038488072136474,59.475114723078725,18288000
2019-04-03,60.00839614868164,60.49359197451504,59.72441523156577,60.102063267327715,22180000
2019-04-04,60.43659973144531,60.49111662737929,59.92067433384454,60.03218479146619,21022000
2019-04-05,60.04010772705078,60.48318129422552,59.96973261519408,60.429159736999175,20012000
2019-04-08,59.88300704956055,60.164012178438526,59.70557948026321,60.02326194743682,21750000
2019-04-09,59.605960845947266,59.82700041744997,59.39235505250016,59.56631529004036,19668000
2019-04-10,59.79230499267578,59.915710995430445,59.50535210028214,59.72490566065685,15510000
2019-04-11,59.94792938232422,60.104046282843015,59.697650033306594,59.91373249101701,16998000
2019-04-12,60.599159240722656,60.61501746375043,60.13130763088175,60.246780752733265,24312000
2019-04-15,60.7874870300293,60.92476993297739,60.194248081831006,60.666557683013956,23796000
2019-04-16,61.05412292480469,61.255833163732206,60.71364000416009,60.95946136008473,22622000
2019-04-17,61.462005615234375,61.707826972891674,61.103187803811146,61.306384043569125,30366000
2019-04-18,61.52791976928711,61.749454667918044,61.425824430606916,61.70286688717368,24750000
2019-04-22,62.13701248168945,62.16575692483485,61.126472505726866,61.290023169211636,19084000
2019-04-23,62.97111892700195,63.1614327114639,62.04830201170659,62.279751130770016,31868000
2019-04-24,62.448753356933594,63.14012496632759,62.43686158073098,62.97112184100096,23396000
2019-04-25,62.81005096435547,63.080650314186634,62.34715649072058,62.95674897281491,31344000
2019-04-26,63.30961608886719,63.383462313413084,62.694075856401675,63.109391863143735,27228000
2019-04-29,64.2403564453125,64.2785235587219,63.02662030811694,63.46275161007662,72368000
2019-04-30,59.42109680175781,59.521207018616316,58.630110384819936,59.008257482855335,133178000
2019-05-01,58.150367736816406,59.43547356873407,58.06908773280634,59.34874111934893,74340000
2019-05-02,57.81285858154297,58.4507039199752,57.407453023118116,58.11468280615424,45098000
2019-05-03,58.95473861694336,59.046424401851816,58.161770768787754,58.35307144991088,41588000
2019-05-06,59.14851379394531,59.24614734780272,58.04331224905807,58.08494291510392,31774000
2019-05-07,58.42493438720703,59.213440429540135,57.738024570214755,58.7693799619371,36604000
2019-05-08,58.02448272705078,58.693053838408616,57.86836583691786,58.34711850220026,25520000
2019-05-09,57.88521194458008,58.187531486196946,57.22456997555092,57.619074403785326,29556000
2019-05-10,57.868858337402344,58.297060538395336,56.814706388416624,57.92833233577243,31650000
2019-05-13,56.33000564575195,57.09224765690935,55.78038253011659,56.75870698729838,45626000
2019-05-14,55.74866485595703,56.74037091442283,55.68274773950584,56.61399290816184,40392000
2019-05-15,58.025474548339844,58.39717855611781,55.57718294046831,55.63417649626703,59302000
2019-05-16,58.70445251464844,59.18320897931862,57.90900804102215,58.07701671287002,35308000
2019-05-17,57.925357818603516,58.7931624623442,57.80839493274456,58.274760476951634,25362000
2019-05-20,56.72996139526367,57.14329605896951,56.406826508372355,57.14329605896951,30602000
2019-05-21,57.21466827392578,57.39110518272423,56.66305999382111,57.21664960649212,20562000
2019-05-22,57.284542083740234,57.677556750658695,57.04417319422699,57.056564083812255,18826000
2019-05-23,56.7636604309082,56.99709087925702,56.160015757276604,56.79984243398992,25214000
2019-05-24,56.43012237548828,57.21069931124929,56.33595614636287,57.09373641510665,18554000
2019-05-28,56.477203369140625,57.316263612047834,56.43309225495322,56.57236026093217,20948000
2019-05-29,55.50482940673828,56.2512094600293,55.108838931642744,56.137218561285856,36230000
2019-05-30,55.57768249511719,55.84481452164873,55.304602689770476,55.515236489311384,18088000
2019-05-31,54.8387336730957,55.18069879925866,54.682616775197495,54.79611233825002,31582000
2019-06-03,51.480506896972656,52.881085736108126,50.90015425131689,52.877618404602984,96890000
2019-06-04,52.261085510253906,52.45685173420947,51.346197732951325,51.76548017733963,60512000
2019-06-05,51.772911071777344,52.376064150065815,51.196029551574,52.28635971080107,46988000
2019-06-06,51.927547454833984,52.038562570995836,51.32043164773946,51.85072922935905,29020000
2019-06-07,52.94898986816406,53.19976833285925,52.09555736130382,52.25068359643469,43828000
2019-06-10,53.662166595458984,54.26085796278407,53.29145324063986,53.37669591083266,28510000
2019-06-11,53.57691955566406,54.71532738750787,53.50406777654028,54.367410703409845,33508000
2019-06-12,53.480777740478516,53.65027241899154,53.00995036632593,53.522903743541775,23670000
2019-06-13,54.071041107177734,54.34758824154439,53.65275307370434,53.75881108146844,20814000
2019-06-14,53.83760070800781,54.2568831115466,53.59872162275917,54.00808980315116,24582000
2019-06-17,54.21377944946289,54.580031056140875,53.921869409538594,53.97638630641335,19770000
2019-06-18,54.77628707885742,55.447334881797815,54.555742847957134,55.08653575767853,34526000
2019-06-19,54.740108489990234,54.98394851690062,54.31983533605366,54.87541006056048,26714000
2019-06-20,55.17079544067383,55.64261352675828,54.86351871773,55.59205929325359,24018000
2019-06-21,55.7739372253418,55.83340744385582,54.99831368876088,55.005252132998756,50774000
2019-06-24,55.3442497253418,55.684732634870436,55.1762410507709,55.50780040186352,24236000
2019-06-25,53.90105056762695,55.29469111706797,53.75335811004404,55.263965338513984,31644000
2019-06-26,53.541236877441406,54.2747344708787,53.21265330808006,54.070543792942544,34698000
2019-06-27,53.35836410522461,53.9446646161465,53.31970543283321,53.8599172741758,24078000
2019-06-28,53.66415023803711,53.66415023803711,53.21810463733783,53.38809843309283,33672000
2019-07-01,54.51659393310547,54.94231954592079,54.285144789869875,54.56813504943169,29196000
2019-07-02,55.14105224609375,55.15542446848692,54.50023489215925,54.75596667777286,20630000
2019-07-03,55.65599060058594,55.90379329168681,55.252566337255466,55.433461243031786,20154000
2019-07-05,56.13572692871094,56.2338558140835,55.38389450531626,55.476570945686234,29794000
2019-07-08,55.34870910644531,55.865129779203734,55.09942043753115,55.79871733277184,29888000
2019-07-09,55.720420837402344,55.89735308727769,54.870950929670514,55.028058509486314,29472000
2019-07-10,56.54411315917969,56.61498360685667,56.03611690591419,56.11838757766129,30710000
2019-07-11,56.70121383666992,57.15518850576028,56.475716282568364,56.8042998372647,26004000
2019-07-12,56.7636604309082,56.87071287852547,56.42764309515108,56.64422087470115,21878000
2019-07-15,57.0198974609375,57.028321905658885,56.49901495129465,56.76366653789222,21164000
2019-07-16,57.166099548339844,57.419850021817865,56.83255506449351,56.83255506449351,25352000
2019-07-17,56.83304977416992,57.412907127041954,56.827101995722224,57.0402124477823,19538000
2019-07-18,56.85783386230469,56.903926314334115,56.145155318337636,56.59813560223208,25450000
2019-07-19,56.08022689819336,57.07292367051012,56.065359341587055,56.96091788165153,23184000
2019-07-22,56.459861755371094,56.500006428122475,55.76601721831929,56.27450506299607,28914000
2019-07-23,56.897979736328125,56.938124410120295,56.14466117035465,56.67000169950498,20648000
2019-07-24,56.48563003540039,56.76961094147567,55.92955999931511,56.1332553469821,27192000
2019-07-25,56.297794342041016,56.67693212783193,55.691669217875564,56.4469690096886,54762000
2019-07-26,61.713768005371094,62.862082430555525,60.860335573109964,60.860335573109964,121216000
2019-07-29,61.54625701904297,61.900616828766026,60.96937163592329,61.57896791155889,41382000
2019-07-30,60.86033248901367,61.301916237566815,60.72750760637314,60.81076893396778,28616000
2019-07-31,60.37464141845703,61.20279674885371,59.878045420071864,60.7052100842924,39960000
2019-08-01,60.05646896362305,61.27169128892185,59.81956738563338,60.346397654914995,35426000
2019-08-02,59.29025650024414,59.94346091286778,58.977032067919666,59.62132048533071,34910000
2019-08-05,57.23003005981445,58.32680726802884,56.635305120848756,58.13302235950556,47840000
2019-08-06,58.03935241699219,58.55081599085133,57.56604839828649,57.763795962239634,36014000
2019-08-07,58.27873611450195,58.474993916367964,57.03625150488478,57.38119243878254,30686000
2019-08-08,59.77942657470703,59.783884572900526,58.18407198963662,58.80010759750834,30116000
2019-08-09,58.92251968383789,59.693681486456704,58.72378145475183,59.47214659102437,20418000
2019-08-12,58.20884704589844,58.75946462189785,57.92238948180988,58.48143150180657,22064000
2019-08-13,59.310577392578125,59.741755408780435,58.134013799288674,58.201413132278304,28434000
2019-08-14,57.70085525512695,58.61970574265345,57.54325235821209,58.286660394406965,35430000
2019-08-15,57.95212936401367,58.30400873895716,57.63890866165507,57.908022026797056,28506000
2019-08-16,58.44227981567383,58.67174761330674,58.13451157225545,58.520587823797115,24916000
2019-08-19,59.494441986083984,59.938010846949695,58.99685535395983,59.06772579261984,24450000
2019-08-20,58.6563835144043,59.373527603627146,58.632596179749484,59.24219247695408,20206000
2019-08-21,59.05534362792969,59.50039855370916,58.87395339234102,59.26548209084223,14152000
2019-08-22,59.052364349365234,59.41217277741279,58.42740526442696,59.165360787539356,17352000
2019-08-23,57.17205047607422,59.25805349235241,56.99462289000863,58.737666292628106,36254000
2019-08-26,58.044307708740234,58.07800926706083,57.23498631942803,57.46296433534002,21166000
2019-08-27,58.026466369628906,58.72923439799841,57.716217690538485,58.630114839752,23460000
2019-08-28,58.17167663574219,58.40708841541455,57.50261018466387,57.731578852937695,16810000
2019-08-29,59.187171936035156,59.432494151210086,58.743107720986465,58.79960594138018,19636000
2019-08-30,59.00331115722656,59.48999678564757,58.76492356522396,59.48999678564757,18064000
2019-09-03,57.96352767944336,58.931442649936706,57.6740943212462,58.573120174698886,25908000
2019-09-04,58.593929290771484,58.72328306671025,58.06165041346439,58.45416973899573,21312000
2019-09-05,60.076786041259766,60.166490488974276,59.11035333615946,59.15842711580211,26394000
2019-09-06,59.78586196899414,60.1144455084397,59.63420308310666,59.92562151772817,18972000
2019-09-09,59.73382568359375,60.491110590952744,59.13414366933151,59.823530130124,31854000
2019-09-10,59.7551383972168,59.968248854309444,59.27489592378872,59.27886236990376,27922000
2019-09-11,60.4638557434082,60.58627108775235,59.58564144603767,59.665435454120896,23522000
2019-09-12,61.205772399902344,61.57499595167409,60.59072373372645,60.63582551282621,31644000
2019-09-13,61.4565544128418,61.50710864311263,60.81474633971465,61.064035034368764,23676000
2019-09-16,61.04024124145508,61.40649279974879,60.721069014089025,60.981262572769054,28218000
2019-09-17,60.95351028442383,61.20726073791632,60.629880051304234,61.04024273315963,20806000
2019-09-18,61.09079360961914,61.26871650630097,60.288906022946065,60.97135405037176,17440000
2019-09-19,61.39311599731445,61.670158464973035,61.07394752640504,61.07444285953724,16554000
2019-09-20,60.95153045654297,61.59383382640864,60.64128177196339,61.13985913301072,37692000
2019-09-23,61.19189453125,61.43920185978645,60.65118742964138,60.78946098208002,20798000
2019-09-24,60.38108444213867,61.80743576943375,59.9999653336931,61.45506110472891,35804000
2019-09-25,61.74945831298828,61.85254432397838,59.92860234092421,60.266109487642346,26798000
2019-09-26,61.56856155395508,61.686518906396664,61.04966415075393,61.56112777542898,23166000
2019-09-27,60.75873947143555,61.702371740362565,60.22596144286288,61.595319289066644,34122000
2019-09-30,60.52035140991211,60.83109542237174,60.137746284839075,60.493588297306076,24470000
2019-10-01,59.77000427246094,61.101202537473505,59.747702939259085,60.587258520609794,24504000
2019-10-02,58.37834548950195,59.41118686082133,58.11617059122782,59.29918107982884,33030000
2019-10-03,58.948795318603516,59.02660421934777,57.64584977046184,58.646971045879816,28368000
2019-10-04,60.01582336425781,60.09016491997894,59.02510803751147,59.189649370035795,24282000
2019-10-07,59.88151550292969,60.409831749067685,59.68872505009201,59.81956483355725,17040000
2019-10-08,58.98347854614258,59.81311988849005,58.95126298908241,59.41168077323603,20086000
2019-10-09,59.59158706665039,59.89192530446098,59.37946727812041,59.5385599553945,15948000
2019-10-10,59.94198226928711,60.24677851453171,59.36658667048485,59.40326022781254,12842000
2019-10-11,60.251243591308594,60.897513455663706,60.14865291063316,60.66358764663134,22330000
2019-10-14,60.35333251953125,60.755266973504796,60.06142251302873,60.16103740300825,13296000
2019-10-15,61.56607437133789,61.8084245846959,60.50944574195248,60.53819018483243,27584000
2019-10-16,61.60374450683594,62.158324727681624,61.38220583718285,61.54476583864599,22986000
2019-10-17,62.08943176269531,62.6321201745358,61.94421977189013,62.02004732276002,20958000
2019-10-18,61.67362594604492,62.352602851732314,61.46200149482025,62.18310818244635,31624000
2019-10-21,61.66718673706055,62.12462877724251,61.45457160617475,61.886244979862205,18094000
2019-10-22,61.5145378112793,61.88772782557242,61.44763002985822,61.67709403795767,22862000
2019-10-23,62.32881546020508,62.34913546091626,61.46547254945289,61.46547254945289,21282000
2019-10-24,62.40216827392578,62.5900016171364,62.06713780900959,62.40216827392578,20224000
2019-10-25,62.659385681152344,62.84276102517835,61.908543864862274,62.049789425950415,27104000
2019-10-28,63.882537841796875,64.3910294301529,63.056367570459585,63.18968402214204,65428000
2019-10-29,62.47898864746094,63.47713785052904,62.228705511114924,63.23924560489196,52654000
2019-10-30,62.48096466064453,62.843748886416854,61.982882658369164,62.205903547467116,29204000
2019-10-31,62.38680648803711,62.76941543039994,61.924902647758614,62.44628049735071,31904000
2019-11-01,63.05338668823242,63.090559356291664,62.43189869994144,62.733722917466885,28812000
2019-11-04,63.91376495361328,64.0569956350215,63.24469844402674,63.24469844402674,30632000
2019-11-05,64.00445556640625,64.29190757525862,63.9023640108169,63.99256000959573,25148000
2019-11-06,63.983150482177734,64.08127938150476,63.54999487986171,63.93755714570713,24626000
2019-11-07,64.77264404296875,65.55123960400215,64.11894048238668,64.14520447981734,45140000
2019-11-08,64.87474060058594,65.27667885889721,64.50402723538035,64.50402723538035,30392000
2019-11-11,64.34345245361328,64.67154446385774,64.22401289593664,64.62693423524343,17234000
2019-11-12,64.29042053222656,64.8920876877892,64.14322718981167,64.35782364879786,28852000
2019-11-13,64.23936462402344,64.55357970895379,64.03963575258912,64.09068152450922,20538000
2019-11-14,64.88215637207031,65.20777542613008,64.12834274141683,64.18087828808768,28948000
2019-11-15,66.0909652709961,66.0909652709961,65.01797533171812,65.1745913589685,39286000
2019-11-18,65.41197204589844,66.10978672468397,65.22959115607703,66.03147872144557,27984000
2019-11-19,65.05266571044922,65.74849152659021,65.0120257076676,65.74849152659021,21864000
2019-11-20,64.5208740234375,65.08338331770538,63.89393362008337,64.99169754698218,28892000
2019-11-21,64.43563842773438,64.97980911504798,63.970259735627984,64.39152731265196,25546000
2019-11-22,64.11498260498047,64.7706675468929,63.90137680975466,64.57738175349998,27776000
2019-11-25,64.70822143554688,64.9446276928493,64.21113381502923,64.24334937614718,23590000
2019-11-26,65.07298278808594,65.12303789905084,64.62892233849249,64.91983789427263,21910000
2019-11-27,65.02986907958984,65.30295267218251,64.89804240112413,65.19292821457594,18808000
2019-11-29,64.63140106201172,64.9218250921024,64.58877972481791,64.7558015227708,12802000
2019-12-02,63.876590728759766,64.69830674310012,63.456313830417564,64.55556762557949,26538000
2019-12-03,64.16801452636719,64.29142432717063,63.291289945415805,63.37108017816764,25270000
2019-12-04,65.36737060546875,65.63153061632272,64.5798514663001,64.73101503038244,35506000
2019-12-05,65.76485443115234,65.8154086629345,65.13841301033878,65.7668357637966,24408000
2019-12-06,66.3808822631836,66.5335280445516,65.97647114352957,66.05179958683928,32968000
2019-12-09,66.55929565429688,67.28090140339582,66.21633611365712,66.3546134438284,30842000
2019-12-10,66.5543441772461,66.80759928466084,66.11374729265123,66.40814151393428,17606000
2019-12-11,66.62175750732422,66.90127665439235,66.4656405961161,66.82247708963801,20480000
2019-12-12,66.8318862915039,67.1337067474379,66.32191249314344,66.57020672354811,29114000
2019-12-13,66.75160217285156,66.9736324221348,66.49339369766332,66.80264795563977,33170000
2019-12-16,67.43701171875,67.57726280519276,66.93694467776467,67.15451308911797,28128000
2019-12-17,67.14907836914062,67.61692998157208,66.94488767655888,67.52177308054043,32948000
2019-12-18,67.00138854980469,67.37408327591658,66.9295312097987,67.25365303600968,23330000
2019-12-19,67.22588348388672,67.27990881714081,66.84476440213892,67.00137283248031,28922000
2019-12-20,66.9671859741211,67.60056957774427,66.9429033073999,67.55596690931648,50090000
2019-12-23,66.93795013427734,67.49401639740252,66.8076056794049,67.33938927575151,19936000
2019-12-24,66.63066101074219,67.00633521845035,66.61778235108628,66.91712233062835,13468000
2019-12-26,67.52474212646484,67.56092791296443,66.68419583939209,66.73574073401721,23662000
2019-12-27,67.1366958618164,67.75174086630363,67.05541584573098,67.6005772785169,23212000
2019-12-30,66.3967514038086,67.25365512552328,66.3040749431547,67.24424001385341,19994000
2019-12-31,66.3808822631836,66.4438235977551,66.02107380979206,66.20246403579617,19514000
2020-01-02,67.83250427246094,67.83250427246094,66.73275901654908,66.82791589956109,27278000
2020-01-03,67.47765350341797,68.08378239307208,66.77389484039315,66.80760017733454,23408000
2020-01-06,69.27621459960938,69.3014879316115,66.95628606830468,66.98750339759994,46768000
2020-01-07,69.14241027832031,69.55822547463004,68.96647246724191,69.4075609996627,34330000
2020-01-08,69.63453674316406,69.97204388362319,69.01949180178964,69.12802647532469,35314000
2020-01-09,70.36555480957031,70.80614415984961,69.89076100637546,70.47160903192002,33200000
2020-01-10,70.82001495361328,71.11639050055818,70.35613364348731,70.84529584599768,26258000
2020-01-13,71.36865997314453,71.44051730380278,70.64210083819175,71.1317546271615,30730000
2020-01-14,70.90081024169922,71.49751649539529,70.76104311691866,71.36717204334909,26076000
2020-01-15,71.32752227783203,71.40583028391339,70.95383692655207,71.02124004178174,21550000
2020-01-16,71.8707046508789,71.89746776178359,71.36716643681049,71.63727043008046,26080000
2020-01-17,73.32579803466797,73.37684381090587,72.18739403885324,72.48426114877846,52424000
2020-01-21,73.46111297607422,73.83926013588128,72.8643991173482,73.30003517222072,48930000
2020-01-22,73.54139709472656,74.36955634065013,73.4814353131619,73.83182870287273,28458000
2020-01-23,73.58202362060547,74.0186578379967,73.36544584943454,73.72377206652983,26650000
2020-01-24,72.66417694091797,74.0533557502206,72.51598536486014,73.98496196506716,29786000
2020-01-27,70.95731353759766,71.19768245755475,70.35118456784836,70.94789842652807,34132000
2020-01-28,71.88755798339844,72.10066465532061,70.88940505128319,71.45340418513541,29724000
2020-01-29,72.19482421875,72.56355620090642,71.63429624956653,72.28204821190393,21566000
2020-01-30,72.07341003417969,72.12296603211958,71.11936821637062,71.27300466595811,27110000
2020-01-31,71.00934600830078,72.83763191582841,70.72585665176216,72.74792746502517,43822000
2020-02-03,73.47844696044922,73.66182608356632,72.19036913116597,72.44015314026151,71636000
2020-02-04,71.63529205322266,72.7221511823301,70.47656803193662,72.08530406404785,95880000
2020-02-05,71.6670150756836,72.58537028746804,70.85571232176258,72.53729650429216,36376000
2020-02-06,73.14984893798828,73.42689511918091,71.88655313849576,71.96089090186749,37822000
2020-02-07,73.30548095703125,73.60978185657574,72.6265040449633,72.72463293664772,28360000
2020-02-10,74.77000427246094,74.78090916442083,73.11171202305549,73.21232137301007,38302000
2020-02-11,74.8393783569336,75.82167304144915,74.61090502112194,74.99846724762173,34852000
2020-02-12,75.26411437988281,75.34687659684808,74.7704903895511,75.12682771259597,31042000
2020-02-13,75.0044174194336,75.62689608164477,74.53903875028274,74.83640497378897,22914000
2020-02-14,75.2690658569336,75.33448763337121,74.61585388336378,75.06091253402924,23198000
2020-02-18,75.30426025390625,75.85537316720415,74.8864637897621,75.05150424505347,25642000
2020-02-19,75.57337188720703,75.86429500722407,75.38058521971043,75.68884877939992,22746000
2020-02-20,75.1828384399414,75.68240645418584,74.55192774826135,75.2829486635649,25962000
2020-02-21,73.52107238769531,74.8834956332235,73.27475947782071,74.56779071017739,42520000
2020-02-24,70.36903381347656,71.18777803469858,69.72128164503243,70.5271320778335,49560000
2020-02-25,68.7067642211914,71.21105502268838,68.41435887341959,70.92113012166743,51580000
2020-02-26,68.91244506835938,70.0622532674359,68.22256317384887,69.13596510821695,49776000
2020-02-27,65.16963958740234,67.86821503169102,65.13445202212935,67.35972332978776,62290000
2020-02-28,66.37394714355469,66.53253692106605,62.85316484722115,63.15548440926263,80198000
2020-03-02,68.7067642211914,68.76375399776019,65.67762449941802,66.97561657220051,55430000
2020-03-03,66.2981185913086,69.7906479427087,65.87784169688798,69.26976927543198,56602000
2020-03-04,68.47283172607422,68.5313112774351,66.26242870695833,67.35077754870201,47598000
2020-03-05,65.16020965576172,67.08663199651346,64.50997717418309,66.68617596648993,54380000
2020-03-06,64.21756744384766,64.56498121361302,62.307997902917315,62.93940012057122,64640000
2020-03-09,60.25519943237305,62.08596557665804,59.375499246974364,59.718458788506304,69252000
2020-03-10,63.19810485839844,63.231806414527796,60.19176194894064,62.16823929817354,54872000
2020-03-11,60.012855529785156,62.2941293736132,59.03354029669556,61.86493643205561,54732000
2020-03-12,55.089012145996094,58.91508605796514,54.93636636348303,55.63764838838644,94326000
2020-03-13,60.17987060546875,60.1863137168854,55.12568453350552,58.233132133653775,79400000
2020-03-16,53.17845153808594,56.77010027295702,52.88505177139767,54.00164972360954,96520000
2020-03-17,55.41164779663086,55.805157781992705,51.99395547610947,54.05269962443052,83194000
2020-03-18,54.079959869384766,54.76389386649369,51.39427142867843,52.531193206500674,93044000
2020-03-19,55.0949592590332,57.12396841730102,52.313622306797946,53.932764120819286,74064000
2020-03-20,52.94105911254883,56.4236781479315,52.638244210911644,56.048007686267525,82878000
2020-03-23,52.24325180053711,52.87663542635176,50.000141328868075,52.35426692353823,83672000
2020-03-24,56.003902435302734,56.168443781993375,53.8440533745928,54.713843223428654,72468000
2020-03-25,54.59687423706055,56.804793052032366,53.67455271127898,55.73478286590232,90324000
2020-03-26,57.63493347167969,58.0591730147804,54.121588919875315,55.24611599341707,76562000
2020-03-27,55.025081634521484,57.04665709426184,54.71483294886179,55.878018798817905,62794000
2020-03-30,56.81174087524414,57.044180684671595,54.44175700603659,56.13424989783676,58736000
2020-03-31,57.58686447143555,58.154330943122716,56.33645085139658,56.93167488332719,65228000
2020-04-01,54.62066650390625,55.974661472404435,54.19395025688407,55.706043456891315,51970000
2020-04-02,55.36060333251953,55.645079550192946,54.17610690265564,54.516586008080246,56410000
2020-04-03,54.15479278564453,55.4478276673134,53.28153946046502,55.24562211424247,51374000
2020-04-06,58.6395378112793,59.01421387534249,55.755609751237856,56.15209559971437,63320000
2020-04-07,58.608306884765625,60.50251369057454,58.34514131104988,60.315667229775336,61620000
2020-04-08,59.81956481933594,60.21109350341691,58.67719432513304,59.62627903343339,40334000
2020-04-09,59.79825210571289,60.56247544600904,59.09697009884195,60.37365144573341,54028000
2020-04-13,59.98856735229492,60.192262693866695,58.59690819494701,59.54698356017191,38702000
2020-04-14,62.70547866821289,63.22685269710416,60.887099444718835,61.453579036793315,63358000
2020-04-15,62.31245803833008,63.19513022880909,61.15769674468202,61.77769872269355,42236000
2020-04-16,62.31889724731445,63.10839766356857,61.36584995080172,62.80013034091247,57896000
2020-04-17,63.38792419433594,63.93308931599049,62.74363573527321,63.52173597337611,51050000
2020-04-20,62.503265380859375,63.27987960151955,62.26983493676543,62.93642471323275,35292000
2020-04-21,60.07530212402344,61.95067114702243,59.72044698572963,61.58937667810342,49648000
2020-04-22,62.36747360229492,63.43153606448749,61.31629358182884,61.51007469601736,46296000
2020-04-23,62.99986267089844,63.84140335500564,62.472540885834604,62.73074933312013,34202000
2020-04-24,63.268978118896484,63.32399034066813,61.65330368753236,62.19846879323134,37402000
2020-04-27,62.98450469970703,64.13629414565634,62.697052671356346,64.03221368825741,44186000
2020-04-28,61.08782196044922,63.67339274554905,60.97829284393305,63.59608296834432,80700000
2020-04-29,66.51914978027344,67.40975100521514,65.75344053982592,66.65890931799292,108358000
2020-04-30,66.74317169189453,66.90672236515653,65.49424409029045,65.98291477764961,55842000
2020-05-01,65.28709411621094,66.97760962069367,64.90746469951877,65.6226199719838,48872000
2020-05-04,65.5636215209961,65.64143796561514,64.2309411741122,64.83161757800826,30806000
2020-05-05,66.85814666748047,67.94798532924645,66.16480134457395,66.28721289666468,39666000
2020-05-06,66.68022155761719,67.83300144803609,66.66535400404054,67.30319927689018,31732000
2020-05-07,67.86224365234375,68.1952965450196,67.03260232501718,67.46724765565328,30652000
2020-05-08,68.60863494873047,69.21822742140198,67.99755269554913,68.48374294304661,33326000
2020-05-11,69.56266021728516,70.15441305900524,68.1705096660743,68.23444165998997,32718000
2020-05-12,68.15464782714844,70.09493912167385,68.12144160874564,69.79212805419837,33918000
2020-05-13,66.8239517211914,68.65769754561923,65.81688281069327,68.20322375431489,40368000
2020-05-14,67.24671173095703,67.27198506358019,65.5834587375986,66.08996899266552,36660000
2020-05-15,68.0495834350586,68.1249118737089,66.36154882389845,66.82048436815816,41544000
2020-05-18,68.6502685546875,69.02593525404038,67.11487952102308,67.48063955767863,47094000
2020-05-19,68.11600494384766,69.01255036140522,68.0842884983356,68.66513655434181,31586000
2020-05-20,69.8387222290039,69.9809622319671,68.76127821697874,68.84751154962743,38262000
2020-05-21,69.71929168701172,70.20052108564059,69.10671959654051,69.92942638175046,30894000
2020-05-22,70.04093170166016,70.22727525632826,69.18402813173392,69.57803347006285,28544000
2020-05-26,70.44384765625,71.6204186984946,70.34621788850302,71.46430181814073,44590000
2020-05-27,70.38983917236328,70.64111296949386,69.11712797478641,70.37596228255275,31684000
2020-05-28,70.28874206542969,71.58821644638739,69.33916194732967,69.38475528420979,35170000
2020-05-29,71.04601287841797,71.20510175495606,70.17672227813974,70.3972627024626,37044000
2020-06-01,71.11293029785156,71.44548411572828,70.48896178135337,70.6584640274907,25162000
2020-06-02,71.48164367675781,71.51584056070965,70.45573715820264,71.11935484007476,23442000
2020-06-03,71.32999420166016,71.81370394521399,70.95184711636607,71.50097863487548,27732000
2020-06-04,70.09346008300781,71.4325912261773,69.6826058547975,71.20758143939362,26982000
2020-06-05,71.36815643310547,71.67939953713636,69.7623924809076,70.15986891378326,42642000
2020-06-08,71.7656478881836,71.8132225602277,70.59800012349973,70.687213031798,33878000
2020-06-09,71.96585845947266,72.74495316037958,71.48412999551343,71.62686911667684,33624000
2020-06-10,72.59131622314453,72.99126556620439,72.07886198518231,72.43321799548916,31762000
2020-06-11,69.4789047241211,71.94206354627978,69.305938967106,71.4182053825884,47144000
2020-06-12,70.02507781982422,71.09508812261465,68.68099326977082,70.6663867539515,36676000
2020-06-15,70.41264343261719,70.62376878994888,68.75038100177098,68.86387657318849,30468000
2020-06-16,71.68782806396484,72.21812185182957,70.82150937457023,71.81321161861592,30648000
2020-06-17,71.9886474609375,72.46740385011898,71.12580000891201,72.00847590682797,30610000
2020-06-18,71.07575988769531,72.00997330472221,70.68521806962335,71.85534618092774,34862000
2020-06-19,70.60592651367188,71.59019503933153,70.32639981826522,71.36717413263463,52784000
2020-06-22,71.89547729492188,71.90985329738507,70.3358133685618,70.62425602292842,29442000
2020-06-23,72.55562591552734,73.11169968828236,71.61496948877875,71.96189170393863,37752000
2020-06-24,71.00537109375,73.14092954173177,70.87155554973336,72.52093138540484,31592000
2020-06-25,71.42169189453125,71.48215278669201,70.35316378712089,70.93203051023997,23958000
2020-06-26,67.52821350097656,71.21948135641514,67.15452813817328,71.00191289630564,97640000
2020-06-29,69.2444839477539,69.285623059931,66.9884876343953,67.41917027733605,45074000
2020-06-30,70.2793197631836,70.57420557968574,68.73699600814484,69.23012852105167,40286000
2020-07-01,71.46629333496094,71.78745069882932,70.08752033557674,70.33483147032733,42182000
2020-07-02,72.85052490234375,73.77185972487115,71.91581230303315,71.95397942537618,57218000
2020-07-06,74.32344818115234,74.83640148976822,73.19991179517179,73.75350510202594,44712000
2020-07-07,73.84123229980469,75.39743275025508,73.83032740946122,74.1490043020227,42364000
2020-07-08,74.51923370361328,74.89440889434763,73.95919714065299,74.38046478643815,31766000
2020-07-09,75.2656021118164,75.7849985849552,74.12224472312172,74.83293808896195,41836000
2020-07-10,76.274169921875,76.38964683125434,74.37649937774104,74.99748836861167,35918000
2020-07-13,74.9469223022461,78.12523624251365,74.66591343746863,76.81584791395909,42954000
2020-07-14,75.37464141845703,75.47078898613607,73.64349364825239,73.98348124835574,38108000
2020-07-15,75.1773910522461,76.14133958926885,74.2332634031044,75.49209774784732,31026000
2020-07-16,75.08025360107422,75.12931805048628,73.7594610074224,74.41514596762937,26484000
2020-07-17,75.17589569091797,75.50200636800437,74.24663566725596,75.1788676895288,34264000
2020-07-20,77.50475311279297,77.76098024738981,74.47462260455251,75.08421510478026,30166000
2020-07-21,77.11222839355469,78.65505117777408,76.94867771392333,78.55494094995885,27486000
2020-07-22,77.55480194091797,77.6603646078769,76.48330192524752,77.10181793412379,24482000
2020-07-23,75.17095184326172,77.82739713519356,74.76653311104509,77.60833887916083,33910000
2020-07-24,74.74768829345703,75.10551538900812,73.72575189517956,74.30065587172042,29902000
2020-07-27,75.79936981201172,76.20229873811029,74.95188885196664,74.99798130151846,27124000
2020-07-28,74.5217056274414,75.62987550532888,74.3665793891612,75.57982039046628,30910000
2020-07-29,75.5059585571289,75.99264027738987,74.4899662264163,74.5885942175227,22676000
2020-07-30,76.242431640625,76.36732362571118,74.10141321799958,74.24018209031756,36042000
2020-07-31,73.74359893798828,74.5895976539911,72.06101661639134,74.19460163241017,91468000
2020-08-03,73.48638153076172,74.22829979718547,72.93923127224508,73.89476289216728,45482000
2020-08-04,73.01753997802734,73.99933560623647,72.55811283263415,73.68214847232768,37212000
2020-08-05,73.30448150634766,73.84518857436902,72.91443887072055,73.19198418685275,29134000
2020-08-06,74.58611297607422,74.65153474742569,72.94814118233471,73.15877493536351,33306000
2020-08-07,74.26001739501953,75.33647070213861,73.66033162813625,74.78882893893368,27718000
2020-08-10,74.18319702148438,74.69515210121888,73.2251850652829,73.8848401459376,20546000
2020-08-11,73.37635803222656,74.8582208141743,73.25989046753106,74.04343941326381,31098000
2020-08-12,74.69962310791016,74.9191804606546,73.59739725191154,73.7024683730162,22512000
2020-08-13,75.1659927368164,76.1730693636547,74.74770466605213,74.74770466605213,22388000
2020-08-14,74.57027435302734,75.32161534911621,74.29124675715514,75.01532552370992,21942000
2020-08-17,75.14566802978516,75.51936096663643,74.58861108119994,75.13229025369915,19990000
2020-08-18,77.10529327392578,77.18409283335072,75.4147856047771,75.6353260607761,28378000
2020-08-19,76.55170440673828,77.75354900546623,76.3232310449842,76.94223867615787,30472000
2020-08-20,78.11980438232422,78.31408086011864,76.04866890719974,76.32174495286563,26382000
2020-08-21,78.08610534667969,78.89443614081047,77.42893057340312,77.8992550883614,34838000
2020-08-24,78.56088256835938,79.73200128949749,78.0598247678244,78.92366302638288,25638000
2020-08-25,79.5867919921875,79.7369573344737,78.20057765629728,78.31060210938294,25150000
2020-08-26,81.48395538330078,81.9131558254161,79.3454247617791,79.60908564477356,52188000
2020-08-27,80.71033477783203,81.67527403501145,80.2290978104041,81.60688024637894,31350000
2020-08-28,81.25102996826172,81.34618686734322,80.56610901540381,80.75741347984508,22418000
2020-08-31,80.76039123535156,81.50230958261653,80.55223786700407,81.4562171292077,26422000
2020-09-01,82.02665710449219,82.23183846792581,80.7603889260026,80.89073338937213,22652000
2020-09-02,85.1147689819336,85.54644234376782,82.27990568952355,82.66746793542667,49522000
2020-09-03,80.7593994140625,84.25291996362634,79.6789756844659,84.22912884691586,63726000
2020-09-04,78.3656234741211,81.0309847491098,76.2226231580958,79.74290678318458,55850000
2020-09-08,75.51042938232422,77.09388450025051,75.158546265931,75.57981382695054,54032000
2020-09-09,76.68155670166016,77.2510007636968,75.58824678956422,76.76431893027807,39242000
2020-09-10,75.6318588256836,77.99143688650432,75.3320196805938,76.82775941751073,33024000
2020-09-11,75.12187957763672,76.25879385001623,73.99487196751262,75.735933828383,30706000
2020-09-14,74.77841186523438,77.16574324687778,74.59404965914706,75.90938200375422,42660000
2020-09-15,76.08136749267578,76.86789598953742,75.43609590207801,75.7230488068471,23042000
2020-09-16,74.93999481201172,77.03541281613771,74.91521303018398,76.44614030970467,22128000
2020-09-17,73.69849395751953,74.27438863369424,72.48029972090434,73.63753395614539,40008000
2020-09-18,71.91679382324219,74.10291435499147,70.9518546797174,73.76094545210748,63056000
2020-09-21,70.87850952148438,71.3701446598767,69.51757609828891,70.95185663516155,56908000
2020-09-22,72.3494644165039,72.55514489120695,70.84679000199299,71.87864080173308,33950000
2020-09-23,69.85011291503906,72.0154140991599,69.5175667204066,71.96634965856373,37726000
2020-09-24,70.51770782470703,71.26755903816468,69.49130946306941,69.5175810262179,34552000
2020-09-25,71.3205795288086,71.66155016887853,69.76536984836896,70.62623601637378,30326000
2020-09-28,72.29197692871094,73.00217881108502,71.67842173057377,72.95262280781392,30784000
2020-09-29,72.65673828125,72.95310628877834,72.0610151428717,72.55216627798126,31816000
2020-09-30,72.63592529296875,73.65687119404856,72.14825279198409,72.40497148553358,40924000
2020-10-01,73.74112701416016,74.09648130270617,73.19100469621421,73.5309923128231,32884000
2020-10-02,72.14031219482422,73.3015166577609,71.73143930114331,72.34004108666224,31222000
2020-10-05,73.48985290527344,73.58252935432779,72.36284527360293,72.48971861393626,21602000
2020-10-06,71.91332244873047,73.57359566004143,71.61546469303617,73.12656325055715,26096000
2020-10-07,72.31576538085938,72.80294632471846,71.03165012534033,72.3241898254817,36108000
2020-10-08,73.51959228515625,73.747566532025,72.62849172768487,72.62849172768487,26076000
2020-10-09,74.85871124267578,74.92809569109109,73.69651605996611,73.98694007707145,32966000
2020-10-12,77.54191589355469,78.72294124362386,75.79292119611887,76.22410298533136,55344000
2020-10-13,77.66482543945312,78.5613783321132,77.2465374414875,78.15745877492236,39072000
2020-10-14,77.48492431640625,78.49645507443054,76.61563357234498,78.0380261496372,33174000
2020-10-15,77.08992767333984,77.87942818375831,76.37923428577766,76.5462485174522,31210000
2020-10-16,77.69606018066406,78.19215712949148,77.19847345120955,77.40513702977627,34194000
2020-10-19,75.82514190673828,78.50042480212294,75.4767374385808,78.10393898976746,29734000
2020-10-20,76.87234497070312,78.00034307715951,75.35678468297974,75.48613844813754,41670000
2020-10-21,78.6025161743164,80.04721007346663,77.66830276739462,77.80260988770006,60322000
2020-10-22,79.6269302368164,79.96195691622499,78.18075417230419,78.55344885519195,30512000
2020-10-23,80.93136596679688,80.98786419123687,79.88712057504252,80.04274592114754,30548000
2020-10-26,78.51826477050781,80.76285741115254,77.70001980831707,80.04026846122382,35826000
2020-10-27,79.24134826660156,79.39597538099545,78.15647045681439,78.74822336439603,25902000
2020-10-28,74.87606811523438,77.00766449579079,74.76109031919373,76.81933957769026,45174000
2020-10-29,77.15980529785156,78.73879863480163,75.16102661851583,75.18431861733673,55406000
2020-10-30,80.09526824951172,83.32711619302741,79.37466071000843,82.63921576146262,99878000
2020-11-02,80.5021743774414,82.18326693567796,80.00259878301561,80.46351570683841,44228000
2020-11-03,81.55977630615234,82.22091357337322,79.89702269613626,80.821329273043,31432000
2020-11-04,86.52527618408203,87.72364973504222,84.4016051295483,84.52946915085025,71342000
2020-11-05,87.35044860839844,88.80356697686386,86.28638227990174,87.74445397974725,39758000
2020-11-06,87.21316528320312,87.64781063793222,86.0707909999368,86.79735014914868,28622000
2020-11-09,87.29692077636719,90.04604232881928,87.10512476391894,89.00973736210345,53440000
2020-11-10,86.1223373413086,87.19581874690427,85.05182793444769,85.72833198232598,43022000
2020-11-11,86.59367370605469,87.37028054124659,86.38700254514013,86.65165415871421,31838000
2020-11-12,86.37509155273438,87.473354716202,86.1347226524478,86.33445155052767,26474000
2020-11-13,87.83414459228516,88.07550413337701,86.03609314698612,86.63180866553387,29744000
2020-11-16,87.92188262939453,88.92846007684724,87.2924616688754,87.4317296869086,25468000
2020-11-17,87.3088150024414,88.07601416521123,87.20127099757448,87.61608790911133,21314000
2020-11-18,86.26705932617188,87.47435642541923,86.16446864147956,87.06003102125274,20108000
2020-11-19,87.15567779541016,87.39951783472266,85.74072646940947,85.89981538229301,20106000
2020-11-20,86.05591583251953,87.64086066015253,85.9875220571306,87.32565489367907,27694000
2020-11-23,85.6187973022461,86.53219912341163,84.7574394883768,86.24623688977317,22530000
2020-11-24,87.4198226928711,87.54768668835644,85.2802938462471,85.61581961817127,27984000
2020-11-25,87.43121337890625,87.74096668564188,86.64964589230644,87.61360181278931,19600000
2020-11-27,88.56566619873047,89.06078000238365,87.45154481486274,87.45154481486274,14790000
2020-11-30,86.94900512695312,88.23460252032878,86.62388510850603,88.00216651160646,32418000
2020-12-01,88.97899627685547,90.28541271304861,87.37670339819209,87.55661139988837,37350000
2020-12-02,90.44648742675781,90.8315767801654,88.47398023306226,88.97900069788912,29424000
2020-12-03,90.29137420654297,91.38120542558583,90.05149684455593,90.22694308661454,24728000
2020-12-04,90.38653564453125,90.67100812810543,89.88249822786585,90.21108939366273,20544000
2020-12-07,90.05298614501953,90.66059731465431,89.35963318737376,89.97963146661887,22288000
2020-12-08,89.77047729492188,90.0004404045314,88.7767937591403,89.6312168567799,19936000
2020-12-09,88.11168670654297,90.61499424253762,87.32565738141666,89.7224040243927,31728000
2020-12-10,87.60567474365234,87.96944584482684,85.91466810867063,87.35539163522937,28688000
2020-12-11,87.96003723144531,88.08443768580932,86.86673495252047,87.22654341563204,18628000
2020-12-14,86.84293365478516,88.70343487026673,86.68780744073449,87.7578251565572,33050000
2020-12-15,87.28006744384766,87.42478033349926,86.31810030713507,87.21959899351037,21352000
2020-12-16,87.08726501464844,87.67802719914428,86.68434371266123,87.67802719914428,24676000
2020-12-17,86.26061248779297,87.55910377145933,85.7967310991824,87.42132553147147,34880000
2020-12-18,85.55238342285156,86.64965590183743,84.99631718680045,86.54112123455688,85256000
2020-12-21,85.96572875976562,86.08665811314235,83.95555333993705,84.70540456646583,33974000
2020-12-22,85.25503540039062,85.86908971681392,84.53938106745055,85.70652969038704,20370000
2020-12-23,85.65201568603516,86.43903583311996,85.30360361911458,85.43890898248806,22974000
2020-12-24,85.9458999633789,86.35477287610888,85.45970970994662,85.69016438918781,9312000
2020-12-28,87.91839599609375,88.56466573176412,86.3255258833646,86.4786632023986,27650000
2020-12-29,87.11553192138672,88.63753562271515,86.98419679793523,88.57608406440532,19726000
2020-12-30,86.04947662353516,87.61112952417417,85.64060373303981,87.4743419671934,21026000
2020-12-31,86.86178588867188,87.10264635469892,86.04155201970197,86.10003914197051,21070000
2021-01-04,85.54792785644531,87.34994209759138,84.60677228691033,87.22653987680384,37324000
2021-01-05,86.23780822753906,86.57382555725187,85.09048067381308,85.49638156177933,20360000
2021-01-06,85.3868408203125,86.43207672548039,84.0596129484562,84.2657849291429,46588000
2021-01-07,87.93724060058594,88.10970726571644,85.57914501224703,85.57914501224703,41936000
2021-01-08,89.10142517089844,89.1772527342026,87.2870085349712,88.07700817599742,35484000
2021-01-11,87.04267120361328,88.43482947963955,86.83699831013621,88.07006012945878,34796000
2021-01-12,86.10795593261719,87.61806393795727,85.06470881881626,86.500970600687,29528000
2021-01-13,86.59465026855469,87.04763429733303,85.6069030910112,85.6069030910112,23432000
2021-01-14,85.78531646728516,87.60072359261585,85.54494757680975,86.6749271380058,29212000
2021-01-15,85.62177276611328,86.61298351886033,84.8332704806772,85.69115721631205,31444000
2021-01-19,88.43929290771484,89.39927873716123,85.87998609845495,86.38401590342727,41660000
2021-01-20,93.17727661132812,94.15113930596509,90.17589074243995,90.51587074805265,64152000
2021-01-21,93.37948608398438,95.75492235156246,93.1445696134799,93.85031725362155,58634000
2021-01-22,93.79627990722656,94.38258034216909,93.00033636251251,93.74176301889445,32744000
2021-01-25,93.88152313232422,95.24642668111035,92.14096048462264,94.79641468314033,50586000
2021-01-26,94.55902099609375,94.94559256063314,92.98200896097454,93.47067208076419,31462000
2021-01-27,90.14765167236328,93.1971117881308,89.07417014164034,92.92155529316787,82512000
2021-01-28,91.8455810546875,93.56978632762217,90.74533664502225,90.74533664502225,55278000
2021-01-29,90.56492614746094,91.56506030256809,89.28627113117517,90.89499945801929,44530000
2021-02-01,93.82157135009766,94.93519367796942,91.41887289099441,91.41887289099441,40252000
2021-02-02,95.11261749267578,96.61182068763402,94.48071611878922,94.81575036485842,66332000
2021-02-03,102.0392074584961,104.4052287273552,99.79262576313377,102.37275195822058,97882000
2021-02-04,101.77899932861328,102.55560597377604,100.86063667469075,102.12542242838796,48596000
2021-02-05,103.52352905273438,103.87590372687838,101.59909567696245,102.07289124062606,29866000
2021-02-08,103.30992889404297,104.82053612407776,102.26073770644324,104.07712806646019,28828000
2021-02-09,102.85743713378906,104.00327492261671,102.59030513019513,102.82819357536142,21892000
2021-02-10,103.40706634521484,104.02161972399544,101.71011556158754,103.24153433379384,25102000
2021-02-11,103.51956939697266,103.7797591856027,102.5338111240634,103.63108362772132,20480000
2021-02-12,103.830810546875,104.05234166129615,102.76723583999629,103.07451629921232,18990000
2021-02-16,104.607421875,106.31428677278258,103.668247646045,103.668247646045,31004000
2021-02-17,104.99994659423828,105.18926972453114,103.49975268099251,103.77877270157512,20294000
2021-02-18,104.36506652832031,105.16696166739435,103.74655051019732,104.32492564110814,22546000
2021-02-19,103.52253723144531,104.99795680679689,103.2559043418766,104.46320124720552,37938000
2021-02-22,101.81022644042969,103.10227454350802,101.49998153147995,101.77751932937039,29466000
2021-02-23,102.10064697265625,102.71420966814658,98.6368619382917,99.81442376891242,34658000
2021-02-24,103.27474212646484,103.49826214728957,100.48547967083988,100.60987256668675,22608000
2021-02-25,99.91156005859375,103.23459480191558,99.44271782605095,101.89299077097074,41548000
2021-02-26,100.20693969726562,101.92222910849493,99.17112631812763,100.60540682700322,40042000
2021-03-01,102.5734634399414,102.89907502090055,100.82694907500807,101.49998201929594,26060000
2021-03-02,102.31672668457031,103.8164288749296,101.92966358597235,102.33456623773431,25564000
2021-03-03,99.68655395507812,102.88716945584571,98.82369885225702,101.69573836758674,33892000
2021-03-04,100.80266571044922,102.81779430199187,99.3901873806204,99.85803897102821,49216000
2021-03-05,103.9319076538086,104.3843925386932,100.49785788710042,102.15169566185985,53100000
2021-03-08,99.4927749633789,104.75808274317625,99.37828873496463,103.28713246318019,36868000
2021-03-09,101.12132263183594,102.28897013180834,100.88541553312906,101.58670128057204,33920000
2021-03-10,100.91466522216797,102.16408434665642,100.07907232110979,102.16408434665642,27100000
2021-03-11,104.1038818359375,104.63566538410922,101.91875964200801,102.00648275291233,27702000
2021-03-12,101.59909057617188,102.967457650854,100.72781860176927,102.9079874324158,33818000
2021-03-15,101.81914520263672,101.84639986684593,100.49836027807162,101.35030296707097,26168000
2021-03-16,103.2787094116211,104.75511215690847,102.05951689510228,102.39157157977236,31900000
2021-03-17,103.1959457397461,104.02756850004303,101.30769041084375,102.51448832742192,26382000
2021-03-18,100.1786880493164,102.52835156310981,100.0716356052012,101.5088880221178,31700000
2021-03-19,100.45722961425781,100.95679766895853,99.26628992369724,100.59451630007429,46072000
2021-03-22,100.64208984375,101.51683304401001,99.81492131192749,100.49043471724453,33536000
2021-03-23,101.16940307617188,102.29839198447732,100.50876484586558,101.10100929699755,28510000
2021-03-24,100.73328399658203,102.47136638997688,100.55832930680076,101.68632764385609,25218000
2021-03-25,100.72979736328125,101.3830017702902,98.92727656545988,100.56079425955063,35616000
2021-03-26,100.34671020507812,101.07326181314708,99.31187989492297,100.69660445230305,27978000
2021-03-29,101.39044189453125,101.55994412310439,99.39117165395234,100.21933077562952,26492000
2021-03-30,101.42415618896484,102.22703448790296,100.91269258418674,101.74679577665506,27312000
2021-03-31,102.21959686279297,103.39616804886353,101.45041637085228,101.81716706219301,42570000
2021-04-01,105.55303192138672,105.84890836816066,103.6523896883466,103.69302968898464,39880000
2021-04-05,109.97283935546875,110.46993447035067,106.31775001395617,106.41389756983538,48510000
2021-04-06,109.49211883544922,110.42088743200995,109.12190455669963,109.57438951543118,35240000
2021-04-07,110.96752166748047,111.23861633474729,109.68241587965444,109.68241587965444,24134000
2021-04-08,111.53251647949219,112.59113031315094,111.1647751250388,112.20505028993573,28664000
2021-04-09,112.53562927246094,112.69917995793787,110.87980997763093,111.2852193593174,26146000
2021-04-12,111.24456787109375,111.85267053734381,110.4119469730089,111.7153914284989,25024000
2021-04-13,111.73076629638672,112.17879703239622,111.16676710165994,111.56028094044785,25682000
2021-04-14,111.1102523803711,112.3750381583166,110.81834616308481,112.3750381583166,21002000
2021-04-15,113.25821685791016,113.79099869324847,111.56919891951989,112.1034629731022,29174000
2021-04-16,113.13430786132812,113.70375943501823,112.54800739975896,113.45595676086148,26282000
2021-04-19,113.48171997070312,114.19192171154751,112.51132846810592,112.51132846810592,30290000
2021-04-20,112.94894409179688,113.9396555787349,111.8640663877745,113.86481869435755,22288000
2021-04-21,112.91624450683594,112.99801605945058,111.2544738339239,112.60401072672376,23204000
2021-04-22,111.63609313964844,113.43811493653551,111.03145402181963,112.77003537095592,24146000
2021-04-23,113.98575592041016,114.29253725619483,112.06875636037209,112.35372791548767,29066000
2021-04-26,114.48136901855469,115.20495618404446,113.85640986234887,114.21324633268112,32038000
2021-04-27,113.54219818115234,114.90362311481388,113.3033115017685,114.86298311307249,44386000
2021-04-28,116.91529083251953,120.50049681684617,116.6268481486784,118.57358292629367,81106000
2021-04-29,118.58646392822266,119.15145371385512,117.64927102297919,118.41151681600597,41234000
2021-04-30,116.64071655273438,118.04575341768243,116.29676633533462,117.36033342946197,44856000
2021-05-03,116.12429809570312,118.03089194443908,115.748631417019,117.20620391311888,28242000
2021-05-04,114.32772827148438,115.22774474351102,111.84226774409919,114.66077361466583,44818000
2021-05-05,114.72124481201172,115.7238519784705,114.39959590373067,115.40815462993878,26636000
2021-05-06,115.84031677246094,115.84031677246094,113.64428958784119,114.30294649647725,25190000
2021-05-07,116.56290435791016,117.52041727105686,116.2769421311953,117.15565548855925,28898000
2021-05-10,113.58035278320312,115.52560521194692,113.22301722709163,115.38385676397111,30914000
2021-05-11,112.5053939819336,113.01190425651544,110.7142769135845,111.16776007410847,34186000
2021-05-12,109.04557800292969,111.41110772177602,108.71699439695318,110.33118310303581,46376000
2021-05-13,110.47242736816406,110.98785364664872,109.3662312366163,110.32770690377507,33204000
2021-05-14,112.91773223876953,113.23194736658283,111.51120550382073,111.93445441533588,31996000
2021-05-17,113.44010162353516,113.48272295866457,111.78428241583579,112.18374021644,21598000
2021-05-18,112.12923431396484,114.36987200059582,112.11535742297339,114.10571195742276,22204000
2021-05-19,112.57673645019531,112.74970220911496,110.2939846988851,110.44216868131035,23684000
2021-05-20,114.33367919921875,114.5839547571587,113.1724747212844,113.54318806546854,32352000
2021-05-21,113.69831085205078,114.92543627002019,113.45893261370185,114.85208159408714,40632000
2021-05-24,117.01441955566406,117.23793202567612,114.58198588764917,114.72719790717723,31832000
2021-05-25,117.1051025390625,118.15231234760691,116.7150598583625,117.55758744041395,22440000
2021-05-26,117.96944427490234,118.39962785894154,117.28302600020656,117.28599799895012,21572000
2021-05-27,117.09568786621094,118.40259591136595,116.77751007748608,118.40259591136595,35224000
2021-05-28,116.8067398071289,117.75929178976516,116.60850070207313,117.67752023857234,21482000
2021-06-01,118.01255798339844,118.23706866867205,116.67937832399878,117.67852195944192,23354000
2021-06-02,117.48770904541016,118.6300757232831,116.58421391694786,118.40754638485407,21158000
2021-06-03,116.3473129272461,116.81516447592351,115.45224982960987,116.25562715192257,18696000
2021-06-04,118.62660217285156,118.89720528416072,117.08229729733962,117.42228485227457,24458000
2021-06-07,119.05928039550781,119.16881330030914,118.00364606009472,118.42193410416897,24120000
2021-06-08,118.86796569824219,119.9127026145582,118.68657547258344,119.54050705313709,24240000
2021-06-09,119.33879089355469,119.5836139934262,118.791640682833,119.51175666671405,17942000
2021-06-10,120.68635559082031,120.72947604269565,119.13263541543495,119.2882532089619,25904000
2021-06-11,120.4420166015625,121.01295040637044,119.88495212398634,120.92770773649222,21958000
2021-06-14,121.36929321289062,121.3697847648287,119.83737537905269,120.54410606860253,22098000
2021-06-15,120.3523178100586,121.69639482901378,119.99201021626274,121.37375524077353,21562000
2021-06-16,119.71099090576172,120.8147064780467,118.41994111291582,120.5034633601868,26472000
2021-06-17,120.6734619140625,121.44561439859767,119.44089162710867,119.6366578615454,25842000
2021-06-18,119.05530548095703,120.5341886020674,118.96014859064296,120.30026282219889,46116000
2021-06-21,120.74185943603516,120.92771145158575,118.84468060932583,119.44139444148058,27414000
2021-06-22,121.25531005859375,121.32420295984515,119.99994678817278,120.67991442988735,22390000
2021-06-23,121.05358123779297,122.01356699210014,120.76365635931501,121.02037501573139,19148000
2021-06-24,121.4233169555664,121.97393077663716,121.22507783037003,121.62155608076279,21362000
2021-06-25,121.4317398071289,121.55514959738011,120.49653574308054,120.92770999401274,34594000
2021-06-28,121.4590072631836,121.70581929197255,120.33844268954444,121.60024905200277,28526000
2021-06-29,121.19782257080078,121.93974845822787,120.6214362690933,121.59232707368952,23108000
2021-06-30,121.01642608642578,121.18245721557813,120.28788557536772,120.92225985457858,24474000
2021-07-01,121.36830139160156,121.5095431679097,120.46332403287062,120.65512003494412,18110000
2021-07-02,124.15657043457031,124.3017824350133,121.97789131366527,122.06759575847595,25982000
2021-07-06,125.08088684082031,125.31679397061296,123.48750981436791,124.54414234830024,26404000
2021-07-07,125.36238861083984,126.16526690597024,125.04421080406834,126.04434512220173,24060000
2021-07-08,123.9449462890625,124.49159740298323,122.93193339631354,122.93589606105768,23790000
2021-07-09,124.41529083251953,124.6293881853372,123.45678717042422,123.9261285574442,18632000
2021-07-12,125.85946655273438,125.95264210582927,124.50695772066592,125.06897547530485,17668000
2021-07-13,126.2222671508789,126.93196989649446,125.56112974067463,125.92192889241436,19240000
2021-07-14,127.10989379882812,128.18982590812473,126.79022621114098,126.83334666215922,23742000
2021-07-15,125.88871765136719,127.56881955771274,125.41789406106274,127.51827289172718,24218000
2021-07-16,125.85401916503906,126.68812227295803,125.0446978361771,126.54092894138478,20424000
2021-07-19,123.48304748535156,125.09574617911319,122.41947279512615,124.98125995365034,27968000
2021-07-20,125.10021209716797,125.92638235763302,123.25755022531956,124.42419961251387,26312000
2021-07-21,126.42794799804688,126.4745320010087,124.91585092398546,125.02488471533343,20746000
2021-07-22,127.29275512695312,127.35372269021474,126.37837023776311,126.72033913018305,14302000
2021-07-23,131.8459014892578,132.2265290912767,128.65966157114187,129.28411407867398,41506000
2021-07-26,132.85693359375,133.05715404694908,131.13866459340358,132.1566459971667,30572000
2021-07-27,130.7406768798828,133.21772036685556,128.9604724988499,133.0705270393317,54710000
2021-07-28,134.8978271484375,137.08146728842348,134.08850576613955,135.11391338631623,95130000
2021-07-29,134.5841064453125,135.45984024693942,134.35167044138507,134.95333000907334,31716000
2021-07-30,133.54234313964844,134.11526579950234,133.07499070592388,133.84813380324206,25576000
2021-08-02,133.66921997070312,134.1469781657833,132.6180400189408,133.92940973358665,21634000
2021-08-03,134.43789672851562,134.5389900445895,132.1477035787218,133.9472372032684,20762000
2021-08-04,133.93785095214844,134.45724743917305,133.30495889893086,134.1598811909161,19676000
2021-08-05,135.05398559570312,135.15163053032296,133.66083618852093,134.48800494229403,17870000
2021-08-06,134.54544067382812,135.27299799701225,134.02159758617466,134.84628556646607,20488000
2021-08-09,135.70960998535156,135.97823930808275,134.1499385485314,134.7476505132301,17760000
2021-08-10,135.6045684814453,136.56158228756237,135.16595290851137,136.13485470912244,19414000
2021-08-11,135.08123779296875,136.47239056111437,135.0737964513372,135.9758020046338,15352000
2021-08-12,135.98814392089844,136.09321502482874,134.2351943102001,134.78034802692147,16506000
2021-08-13,136.5169677734375,136.6448469030297,135.82858330220628,136.04367130953105,15948000
2021-08-16,137.09385681152344,137.14639993489493,134.10981879520125,136.31625185991177,22384000
2021-08-17,135.46034240722656,137.0502482689052,134.8859374907993,136.53927624045247,21716000
2021-08-18,134.25851440429688,135.89946615420885,134.13213260953893,135.30027185515118,19258000
2021-08-19,134.4874725341797,135.15406239448427,133.0700483663603,133.2539190566179,21782000
2021-08-20,136.22161865234375,136.34502089676778,134.06127020467258,134.80467835737872,31194000
2021-08-23,138.8106231689453,139.63629421824447,136.39801088067517,136.7568286340333,28454000
2021-08-24,140.01992797851562,140.83123074253442,139.10503630618481,139.3756318907388,19268000
2021-08-25,140.83021545410156,140.9397483469501,140.13340657445173,140.38021101321203,15848000
2021-08-26,140.19735717773438,141.16575996618351,140.11457982312106,140.50413099166133,20610000
2021-08-27,142.73829650878906,143.2423262781944,140.25332765406952,140.40746320935864,28780000
2021-08-30,143.3196563720703,144.68753203308154,142.89590833586342,143.13082479723923,24434000
2021-08-31,143.42572021484375,143.89555316910022,143.01289216673564,143.87127806313893,22448000
2021-09-01,143.9391632080078,144.96853350536102,143.61008051608152,143.72555741436526,21936000
2021-09-02,142.02761840820312,144.2404946102544,141.9265099500036,143.9396648071746,32342000
2021-09-03,142.4761199951172,142.8879648593255,141.14888450599227,141.82291558838094,19850000
2021-09-07,143.01235961914062,143.2943591486346,142.35667479196854,142.5702805498148,20124000
2021-09-08,142.4280548095703,143.13082285164162,141.74313388446112,142.8334717334425,18344000
2021-09-09,142.2793731689453,143.04211051634226,141.9190731671668,142.57624028484273,15314000
2021-09-10,139.6378173828125,143.44654360921768,139.50102981067184,142.94497909491773,36840000
2021-09-13,141.08151245117188,141.6935778474216,140.00852254788668,140.7018679540071,22094000
2021-09-14,141.2916259765625,142.10294377890315,140.50411441226078,141.73866598781828,19674000
2021-09-15,143.16006469726562,143.18087624925593,140.10515271027106,141.51663270038054,27408000
2021-09-16,142.34776306152344,143.03170083482422,141.14988885441545,142.68527016924585,26190000
2021-09-17,139.56246948242188,142.18917178562248,139.23536813670114,141.7733642211635,53384000
2021-09-20,137.50025939941406,137.77829631791283,135.12384006043985,136.94716512358414,46518000
2021-09-21,137.81101989746094,138.78092005656075,137.0626508817225,138.5212142285647,25332000
2021-09-22,139.05050659179688,139.64870264345097,137.33373489370697,138.07962340432297,25056000
2021-09-23,139.97482299804688,140.45109904539308,139.16748291766282,139.74833097489636,20952000
2021-09-24,140.96502685546875,141.07952064576384,139.00837789075337,139.30326368063228,22984000
2021-09-27,139.83209228515625,140.69097726660868,138.83641973309338,139.5669415885207,21882000
2021-09-28,134.63612365722656,137.87390754362576,134.17025351354255,137.43629028704004,45772000
2021-09-29,133.17262268066406,135.94553512593572,132.68842135183831,135.7760328990303,30848000
2021-09-30,132.50106811523438,134.35116361737062,132.3821276786133,133.08143210735338,37996000
2021-10-01,135.34286499023438,135.7071427418452,132.89457365686306,133.2657785087536,35360000
2021-10-04,132.4847412109375,134.76551219994235,129.89817950948486,134.76551219994235,51202000
2021-10-05,134.82745361328125,136.01840082000018,132.86287924921712,132.86287924921712,32404000
2021-10-06,136.3559112548828,136.53928282638935,133.3674114045409,133.56565053252967,24364000
2021-10-07,138.00131225585938,138.81113270818318,137.4323522466048,137.67123135730094,25110000
2021-10-08,138.55686950683594,139.0975614312724,137.99385356549078,138.35019085435826,26526000
2021-10-11,137.69302368164062,139.47522436298866,137.63849923660558,138.06770719810476,17954000
2021-10-12,135.2497100830078,138.28083098740217,134.5667554031385,138.25406031342655,36332000
2021-10-13,136.37277221679688,136.78709762710315,135.3191115718021,136.19484551288934,19654000
2021-10-14,139.91036987304688,140.09522363408612,137.6048099997412,138.24810774301423,31894000
2021-10-15,140.12545776367188,140.4723875270416,139.517854250556,140.36979686591434,30274000
2021-10-18,141.5230712890625,141.5409184042978,139.8295917986677,139.83653402400074,20396000
2021-10-19,141.97805786132812,142.39982458163402,141.3466631289933,142.12723254261542,20164000
2021-10-20,140.52294921875,142.28433864697428,140.1338971977449,142.0781590742051,23288000
2021-10-21,140.63890075683594,140.90653183850606,139.26508137049274,140.52292476733345,26292000
2021-10-22,136.35740661621094,139.34738897299374,134.86018454789837,137.92698514135645,50588000
2021-10-25,136.23895263671875,136.787086020702,134.23372308873442,136.34104419991752,34412000
2021-10-26,138.08409118652344,138.85177438830706,137.08891772648917,138.03948851571823,49236000
2021-10-27,144.93235778808594,147.34347311686153,138.17973449966777,138.17973449966777,85782000
2021-10-28,144.5670928955078,145.86459342888665,143.3558332615814,145.84130142868378,36206000
2021-10-29,146.74478149414062,146.93905794038585,143.37813478343114,143.80286589775253,43320000
2021-11-01,142.23574829101562,146.74477665621114,141.96663496333343,146.74477665621114,46924000
2021-11-02,144.1542205810547,145.32037819676907,143.06686250852115,143.30872114479845,33482000
2021-11-03,145.30950927734375,145.3798843880956,143.3201457071093,144.61813015361963,27494000
2021-11-04,146.96432495117188,148.41744313308732,145.0220445618424,145.83136586908142,38412000
2021-11-05,147.543701171875,149.00622700469464,146.89445936853247,147.85840028668068,38354000
2021-11-08,147.72113037109375,149.29120778593392,147.1258987759427,148.50814284863625,23052000
2021-11-09,147.609619140625,148.5175685400609,145.9508203469495,147.92135382889896,19530000
2021-11-10,144.6112060546875,146.76858990508995,143.2671365563009,146.20359249121142,29970000
2021-11-11,144.48529052734375,146.23875436957107,144.32074920952851,145.2019429091839,16518000
2021-11-12,147.37124633789062,147.54174683148514,144.13296205850196,145.326873879966,22360000
2021-11-15,147.14720153808594,148.2350588729297,146.27791087379003,147.59176109433906,23508000
2021-11-16,146.5762939453125,147.45499226873417,146.0177396467435,146.84738864467752,18904000
2021-11-17,146.7457733154297,147.25376579403348,145.9458745981903,146.72644398004232,19594000
2021-11-18,148.52151489257812,149.25699753565374,146.58469452521086,146.9385513960959,35608000
2021-11-19,147.6175537109375,149.63963221382073,147.59029904384553,148.65732984777023,33682000
2021-11-22,145.01608276367188,148.51257422691236,144.8629454579364,148.0199485296176,30594000
2021-11-23,144.5006866455078,145.37097563328547,142.84834603035105,144.86842802033317,27218000
2021-11-24,144.83570861816406,144.96407174008007,143.1040693827115,144.19489123717437,18040000
2021-11-26,140.9333038330078,143.28693003446975,140.59579672453097,143.07976736967893,30470000
2021-11-29,144.2513885498047,145.0116454494308,142.6287680714975,142.73433830106399,32596000
2021-11-30,140.65032958984375,144.71676490782465,140.3569260142656,143.73397863340372,42068000
2021-12-01,139.81175231933594,144.66769552061407,139.67348254273247,142.73433859612626,34020000
2021-12-02,141.7094268798828,142.60002820764856,138.98210021683846,140.00850599610223,29194000
2021-12-03,140.75338745117188,143.13080462386353,139.06783334148506,142.41813001017016,41230000
2021-12-06,141.89675903320312,142.5881230149532,138.9181661975633,141.78326347810582,30618000
2021-12-07,145.97508239746094,146.2342890374271,143.95102307936855,144.3167830381911,32240000
2021-12-08,146.884033203125,147.0887305485921,145.11919542765767,146.29922253666786,24270000
2021-12-09,146.34088134765625,147.78953800523445,145.8219839399429,146.29379822913546,23270000
2021-12-10,146.70066833496094,147.66808793780228,145.41457182465953,147.39303059375538,24458000
2021-12-13,144.5447998046875,146.66945372410888,144.23851000057718,146.48260348264037,27070000
2021-12-14,142.64215087890625,143.21011265403155,139.9738104375734,142.7026193273764,38446000
2021-12-15,145.15390014648438,145.43143797020528,140.43276245717442,142.1485511948514,36370000
2021-12-16,143.17543029785156,146.37901781040114,142.3447831853687,145.87696937173112,33650000
2021-12-17,140.47935485839844,142.57031110994896,140.05808724892535,141.2475371685675,50416000
2021-12-20,140.3623504638672,140.5283891248186,138.096447568036,138.7694803949331,27192000
2021-12-21,142.2114715576172,142.6044862116724,139.26757475967167,140.8049373737219,28756000
2021-12-22,145.12811279296875,145.2123723601168,141.81004635956177,141.81004635956177,26322000
2021-12-23,145.6251983642578,146.94053073802044,145.16477304721343,145.21235527070144,26384000
2021-12-27,146.6064910888672,147.0401457449663,145.87596932932522,145.9617111068582,15976000
2021-12-28,145.3977508544922,146.99558235311736,144.77081782043902,146.9331325570303,18200000
2021-12-29,145.3660125732422,146.12132376201117,144.3673755989165,145.35560679623677,17788000
2021-12-30,144.91552734375,146.00536625175553,144.71134419349292,145.40468967305478,15688000
2021-12-31,143.578857421875,145.40912459334086,143.578857421875,144.76632590571236,18136000
2022-01-03,143.71714782714844,144.56909064299023,142.44988137611608,143.78008160886833,28646000
2022-01-04,143.13034057617188,145.19750561007717,142.45334497286012,144.11807263912576,28400000
2022-01-05,136.5640411376953,143.22943968889484,136.4778153700128,143.1506401362504,54618000
2022-01-06,136.53680419921875,138.71003866950787,135.3582591822802,135.79439434447366,37348000
2022-01-07,135.81271362304688,137.23163499485634,134.57320114440378,136.93128920152486,29760000
2022-01-10,137.45069885253906,137.59938954533916,131.9940937569273,133.89077354018556,44408000
2022-01-11,138.50779724121094,138.98358922014876,135.49106011440765,136.79400536234317,28730000
2022-01-12,140.18740844726562,141.35456438559447,139.45788494003665,139.90937157216942,26108000
2022-01-13,137.36892700195312,141.59445882785775,137.1924825382084,140.29596006685344,31436000
2022-01-14,138.2545623779297,139.50497974939202,135.79438276109653,135.87416542111617,29662000
2022-01-18,134.8026885986328,135.92622520287958,134.24811208025204,134.97813484766374,34872000
2022-01-19,133.92893981933594,136.74695452608606,133.82882958181867,135.32357116715727,28648000
2022-01-20,132.13580322265625,136.41635808899423,131.795815685325,135.05244527519218,29908000
2022-01-21,129.20578002929688,133.68009671034852,128.94310984550887,131.42807837929055,55652000
2022-01-24,129.6543426513672,130.04983783070446,123.40574871292903,124.87075517822278,76622000
2022-01-25,125.8193359375,128.26168373746512,125.38866078931534,127.60847923176541,46960000
2022-01-26,128.09713745117188,131.8310265621683,126.02451243511305,129.96656245343323,49130000
2022-01-27,127.87112426757812,131.48655634744904,127.7992518215496,130.14991337232922,31950000
2022-01-28,132.17892456054688,132.18438456774498,127.35569637367115,128.51937364185733,34362000
2022-01-31,134.1143035888672,134.28232364001818,131.04750282086047,132.98284153048613,39986000
2022-02-01,136.43421936035156,136.58191182952572,133.18751085954932,136.38515490873857,68644000
2022-02-02,146.69918823242188,150.21451067811546,144.24347030048295,149.92062310914736,123200000
2022-02-03,141.8323516845703,148.35948154682154,141.41158317819725,144.42487252128518,71518000
2022-02-04,142.0335693359375,143.6016655574309,139.27998583713477,142.1837422499907,57998000
2022-02-07,137.97752380371094,142.9821426046324,137.67915934204296,142.9821426046324,54974000
2022-02-08,138.1737823486328,138.76949792204235,135.80975027534387,137.80455878303823,54284000
2022-02-09,140.34751892089844,141.2718333033263,138.95486891672266,139.72454860201665,40144000
2022-02-10,137.40164184570312,140.24096723376755,136.74447462445005,138.4756300439531,39330000
2022-02-11,133.1022491455078,137.9334029746626,132.22749846188867,137.38180608982287,39958000
2022-02-14,134.33480834960938,135.10200740871497,132.08525517352243,132.08525517352243,34302000
2022-02-15,135.40782165527344,136.8946378100411,134.62773623845976,136.36135685706915,26680000
2022-02-16,136.5273895263672,136.87232287322377,133.7381120163284,135.44547612196956,25022000
2022-02-17,131.37408447265625,135.90837156390384,131.31411513265346,135.04552392763165,38950000
2022-02-18,129.25685119628906,132.89162828166567,129.05216896587058,132.293916239701,45620000
2022-02-22,128.67251586914062,131.01870043792354,127.09647962293029,128.69679096846758,44990000
2022-02-23,126.46659088134766,130.89036178652327,126.40662154377361,130.49140310139634,32786000
2022-02-24,131.5247344970703,131.8310242930199,123.85524617381691,123.85524617381691,54456000
2022-02-25,133.2777099609375,134.0825696110589,130.5935034058996,132.37818496175834,36406000
2022-02-28,133.86993408203125,134.55831845610308,131.42708762173694,131.88057069700596,38864000
2022-03-01,132.88320922851562,135.05792612252858,132.04763128958805,133.69302984148305,26496000
2022-03-02,133.3887176513672,134.07363858013736,131.90190155372292,133.4447243246417,23520000
2022-03-03,132.7226104736328,135.2402787650286,131.8562842947509,134.8145494526599,24604000
2022-03-04,130.74713134765625,132.6750434625872,129.19192148220066,131.75916874799498,30430000
2022-03-07,125.2677230834961,130.57714191731998,125.18495329978524,130.3323188037654,45112000
2022-03-08,125.98733520507812,130.0963991793199,124.5699036581928,125.14034587725057,40428000
2022-03-09,132.24732971191406,132.56006261647792,128.75876292905036,130.0964043089668,37026000
2022-03-10,131.2655487060547,132.10064255507427,129.76188368845354,130.11227705245972,27102000
2022-03-11,128.72906494140625,132.61957108382518,128.4921670888752,132.3152625354676,31526000
2022-03-14,124.84396362304688,129.26278069161833,124.17391033444304,129.1051815929941,38812000
2022-03-15,128.06243896484375,128.71317811067638,124.61550282436785,125.85996865327388,30920000
2022-03-16,132.10906982421875,132.16109871004574,127.60302044405091,129.58395977320907,35576000
2022-03-17,132.66265869140625,132.90203693206857,131.02318923079633,131.97872086094247,28264000
2022-03-18,134.92906188964844,135.0465201210338,131.09604557963877,132.25179767226226,44566000
2022-03-21,134.90528869628906,135.84545378656605,132.91394338144454,134.96674026176896,26832000
2022-03-22,138.63865661621094,139.81027445788428,134.90526665885673,134.90526665885673,35496000
2022-03-23,137.06016540527344,138.36162868482575,136.62354624695533,137.48341434965386,25154000
2022-03-24,140.3276824951172,140.37426649245424,136.53976827528788,137.97652160094876,26396000
2022-03-25,140.42779541015625,140.78661319393285,138.50930604145182,140.6686558555551,24126000
2022-03-28,140.21218872070312,140.7543779854555,138.58262624126357,139.66205900281543,35050000
2022-03-29,141.25299072265625,142.52967985366587,140.79009997554334,141.3937560937845,34318000
2022-03-30,140.6909637451172,141.46608819585558,140.3554379628545,141.20787975036384,19884000
2022-03-31,137.84519958496094,140.85897258818176,137.80257825062185,140.80444813456486,37524000
2022-04-01,138.91868591308594,139.23636461681514,137.09188211987873,138.27390583221185,25942000
2022-04-04,141.7148895263672,142.4488900673313,139.07728210128434,139.12486433293225,25942000
2022-04-05,139.35531616210938,141.73371683584432,139.14865258935774,141.6132941655978,21418000
2022-04-06,135.34783935546875,138.13561937873442,134.3258953417317,137.53048114777272,32468000
2022-04-07,134.69415283203125,135.95893878121728,133.0477410449295,134.81457550647184,26234000
2022-04-08,132.11599731445312,134.4775488545769,131.7968213100517,134.39180707525873,25142000
2022-04-11,127.69125366210938,130.93151917710668,127.53761718894488,130.66488623898726,36884000
2022-04-12,126.59198760986328,130.44334266181815,125.67462307577014,130.44334266181815,32710000
2022-04-13,128.75233459472656,129.18846977250948,126.618257834774,126.87498409735159,27928000
2022-04-14,125.61612701416016,129.33267534093665,125.48825545794959,129.33267534093665,31598000
2022-04-18,126.55432891845703,127.0856134504415,125.07296510832745,125.8837763598687,20808000
2022-04-19,128.86631774902344,129.18745998099084,125.88326290264443,126.56918205499946,26490000
2022-04-20,126.91461944580078,130.24410511069215,126.3793722886123,129.7415575029072,31696000
2022-04-21,123.71747589111328,128.9550302257485,123.43200519213937,128.11399236207833,36446000
2022-04-22,118.58399200439453,124.2998111661898,117.87974172587664,123.9013440203295,56884000
2022-04-25,121.99226379394531,122.19397402288331,117.46937340165847,118.05418408752932,46128000
2022-04-26,117.60714721679688,121.4332209985113,117.46936899450668,121.21961522065254,73054000
2022-04-27,113.28993225097656,116.2115203098223,111.74562732959535,113.46338958402451,91820000
2022-04-28,117.48076629638672,118.59785963790864,113.11200403723606,115.39179161420873,48884000
2022-04-29,113.1065673828125,116.88357727541786,112.81416200788513,115.7084957674143,42676000
2022-05-02,115.55831146240234,115.71938168066022,111.61031774703048,112.40824262327081,35534000
2022-05-03,116.30272674560547,117.4009899974836,115.01464880494734,115.4071644067974,24968000
2022-05-04,121.18641662597656,121.7746984397327,114.10421172565688,116.0028802952593,49916000
2022-05-05,115.48149108886719,119.97514515514386,113.99467514066237,119.14748518479028,45840000
2022-05-06,114.72916412353516,116.53812813658617,113.01338323041298,114.17210723502704,39710000
2022-05-09,111.52210998535156,114.06555854767906,111.0160988528587,112.25461312851758,40802000
2022-05-10,113.3895492553711,115.22824850518352,111.90818559117898,114.49227422836657,39900000
2022-05-11,112.60401916503906,115.34174426145016,112.24123869560488,112.24123869560488,37534000
2022-05-12,111.8521728515625,113.29041589039419,108.85921166132934,110.39856314419804,53836000
2022-05-13,115.03050231933594,116.83896736441086,112.60650078179894,113.52633818857002,35038000
2022-05-16,113.43911743164062,115.14895451492976,112.88850359418764,113.94512859894805,25990000
2022-05-17,115.44927978515625,115.87252867662438,113.8603722292567,115.81355000837539,23054000
2022-05-18,110.91597747802734,114.38571397191099,110.57499924968252,113.98922818748704,35126000
2022-05-19,109.41380310058594,112.01672181932308,109.03317553495751,110.45209689987173,34144000
2022-05-20,107.9507827758789,111.19749876704485,104.86663436993842,110.96703650906717,48962000
2022-05-23,110.50809478759766,111.1617983492407,107.78523742789535,108.6243014393132,37184000
2022-05-24,105.03858947753906,105.52279834062878,100.98899593179834,104.8423317128558,76780000
2022-05-25,104.87505340576172,105.56394457254443,102.94367769195411,104.0627524475445,40258000
2022-05-26,106.84508514404297,107.69454740943145,104.3001467738534,104.74817746889774,37948000
2022-05-27,111.32930755615234,111.33079733654694,108.17923875397253,108.5207160824911,37914000
2022-05-31,112.7621078491211,114.71776605291463,111.09340252923525,111.75553052247338,50012000
2022-06-01,112.8909683227539,116.07226223773644,112.25461274183665,113.84550925646737,36606000
2022-06-02,116.58867645263672,116.863242236052,111.95378036843927,112.99801816382626,37992000
2022-06-03,113.53425598144531,115.29910878919742,112.52074403003793,115.0423825766906,26136000
2022-06-06,115.79373931884766,118.2980302082557,115.14300770312117,115.6787539707655,33542000
2022-06-07,116.11983489990234,116.65657936123159,114.0407744070312,114.46550552636866,31590000
2022-06-08,116.16394805908203,117.52835256429877,115.57516714354193,115.73524670504767,26108000
2022-06-09,113.826171875,117.25923088930595,113.76719320854649,115.3050549411603,25798000
2022-06-10,110.18445587158203,112.28334461438776,109.39594614726754,111.45667533902316,41452000
2022-06-13,105.4573974609375,107.83530667844167,105.18630275754612,105.8479317354448,47252000
2022-06-14,105.77754974365234,106.97592316690826,104.87009945591228,105.5986399557648,33706000
2022-06-15,108.79975891113281,110.44417420422363,106.72317112084933,107.59097210374202,39698000
2022-06-16,105.1015396118164,107.69355345483342,104.21391025532901,106.27860230897124,51684000
2022-06-17,106.20178985595703,107.7441135350495,104.12272168588028,105.10154532268795,51376000
2022-06-21,110.56361389160156,111.50080688982577,107.64548911545747,107.97209137326078,47416000
2022-06-22,110.50760650634766,112.35026079420923,109.41231534981758,109.58478958192295,30774000
2022-06-23,111.25546264648438,111.75156708607098,109.52927601369151,111.2450568706106,28362000
2022-06-24,116.93807983398438,117.0411696178319,111.95972504269348,112.00185482451673,41164000
2022-06-27,114.81541442871094,117.53727377160598,114.16715569950595,117.23347197127057,36420000
2022-06-28,111.02302551269531,116.27842626455549,110.86492729453904,114.78466807841109,35792000
2022-06-29,110.7197265625,112.1659026711125,109.89801049848562,110.57154255312791,24716000
2022-06-30,108.0052719116211,109.91335523281388,105.81172551977672,109.03315978618677,43170000
2022-07-01,107.78177642822266,108.28976888662308,105.79241280402681,106.98434306481707,35476000
2022-07-05,112.26750946044922,112.38050591881981,104.80220355673937,106.15917441051404,39342000
2022-07-06,113.56500244140625,114.57356124585833,110.49621313762678,112.30616805222236,37432000
2022-07-07,117.73896789550781,118.14189676584834,113.82418809686583,114.06851963853795,40936000
2022-07-08,118.30447387695312,118.63305746114801,115.87402164356276,116.21946167906191,38238000
2022-07-11,114.65978240966797,116.96088070050413,114.31682284364507,116.96088070050413,31196000
2022-07-12,113.01834106445312,115.94588075015933,112.69074816289236,115.19354915850505,29960000
2022-07-13,110.37478637695312,113.19230171782554,110.22412191978457,110.71922817942544,43722000
2022-07-14,109.3974380493164,110.116563348243,107.42046926064337,109.24182028143328,37004000
2022-07-15,110.79505157470703,112.14607830712104,109.92526931854086,111.01609870201857,46770000
2022-07-18,108.07169342041016,112.68082434708725,107.41749833919559,111.64996438782659,43164600
2022-07-19,112.80968475341797,113.01783808815178,108.59703937527189,109.87570205635436,36530900
2022-07-20,112.8989028930664,114.38571897797333,111.49138548098223,112.1753157376498,35600400
2022-07-21,113.33503723144531,113.54319815061008,110.13343063915318,113.27556700444859,32676200
2022-07-22,106.9516372680664,111.35260768410927,105.56394075969678,110.02438896081073,48901200
2022-07-25,106.56507110595703,108.90432910851514,105.36570699180157,107.45716230393901,34690900
2022-07-26,104.0969467163086,106.25778639316266,103.1552995551691,105.66306147231995,47991000
2022-07-27,112.0662841796875,112.9088193610781,107.06067446511638,108.29968789382276,59858500
2022-07-28,113.21609497070312,113.33503542279847,110.4803511374403,111.38235656496596,32816600
2022-07-29,115.29763793945312,115.68420953971332,112.06628867044458,112.08611712100763,37223400
2022-08-01,113.85045623779297,115.69410865783321,113.33502246319186,114.28659134517281,26034300
2022-08-02,114.11808013916016,115.32735834983899,112.72047704617064,112.99801481996504,20236000
2022-08-03,117.04215240478516,117.57740704971904,114.4650062924766,114.6929805012981,28499000
2022-08-04,117.15119934082031,117.73601004530308,115.86262235872188,116.44744062554241,21602900
2022-08-05,116.4375228881836,117.07189713527843,114.98044193983411,115.20842372972953,19159500
2022-08-08,116.26903533935547,119.09398473989795,115.85272103637662,117.3494515323035,19138300
2022-08-09,115.60491180419922,116.28884966977363,114.6929996916588,116.11043142494283,19086500
2022-08-10,118.6479263305664,119.85720468184134,117.36927109011395,117.7360142356941,30930400
2022-08-11,117.79548645019531,120.42219655162552,117.51794863944885,120.21404319356567,24293700
2022-08-12,120.61051940917969,120.61051940917969,118.41003042457679,119.20300201694565,19096300
2022-08-15,121.00701141357422,121.2250789907804,119.54993038618566,120.06535665403284,19494800
2022-08-16,120.63034057617188,121.35392772306473,119.57965964182924,120.45192234559127,19041200
2022-08-17,118.4992446899414,120.2239492265823,118.33073312003822,119.06423449827227,22847000
2022-08-18,119.1137924194336,119.75808091078403,117.6765398760915,118.38029859169842,17987700
2022-08-19,116.1798095703125,118.10276081994165,115.73376776362055,118.0135479212006,21809500
2022-08-22,113.23590850830078,114.61369077944998,112.84933693940785,114.18746987498629,21456600
2022-08-23,112.8592529296875,113.99914676758455,112.43303201855512,112.48259557937843,15870400
2022-08-24,112.69074249267578,113.77115848347056,111.87795005297879,112.50241004709838,17734600
2022-08-25,115.62472534179688,115.69410978570761,113.1070493505059,113.23590401424377,16956800
2022-08-26,109.37018585205078,114.10817938697578,109.2215102957735,113.71169359144874,37245700
2022-08-29,108.4582748413086,109.97482602837435,107.8437290366526,109.02326464751619,21191200
2022-08-30,107.98249816894531,109.52878447093995,106.85251855405113,109.2016831186449,27513300
2022-08-31,107.2688217163086,109.87570309968547,107.1796088220971,109.67746398729584,28627000
2022-09-01,108.77545928955078,109.47921797382328,106.4163805635808,107.32829258582089,28360900
2022-09-02,106.90206909179688,109.76666731895013,106.31725842726799,109.61798420619859,24160700
2022-09-06,105.8712158203125,107.08049412281643,104.8502699767572,106.3569145236708,25068300
2022-09-07,108.48799896240234,109.01334694156556,105.96041642746357,106.11900619370509,23167000
2022-09-08,107.42741394042969,108.63669221562516,106.21814322757177,107.09040592922442,24238300
2022-09-09,109.6774673461914,110.0144753600422,108.06178903761959,108.11135259840358,23197700
2022-09-12,109.8856201171875,110.6389423756241,108.96379385270278,110.01447478728238,22966800
2022-09-13,103.40310668945312,107.34812886109147,103.17512488610275,106.85252347865307,38172900
2022-09-14,104.07713317871094,104.35467099054672,102.74891434711448,103.65091223558079,26395100
2022-09-15,102.00550079345703,104.34475118044541,101.45041763715635,103.11565198138281,34188300
2022-09-16,101.8964614868164,102.22355526563086,100.05280900693545,101.17287435902635,42797200
2022-09-19,102.16409301757812,102.4218099333564,100.65745598557626,100.85569511319773,23036800
2022-09-20,100.25105285644531,101.4702453845617,99.6364994799985,101.18279336472388,26517100
2022-09-21,98.40740203857422,101.97575922569139,98.39748781362077,100.7763951258115,31487300
2022-09-22,99.25983428955078,100.35016449651606,97.92170141907806,97.95143652872501,34298600
2022-09-23,97.87213897705078,98.78405853652902,96.61330475951237,98.75431586420589,31625400
2022-09-26,97.30714416503906,99.0021134075617,96.940401077741,97.23775972454996,27072700
2022-09-27,96.64305114746094,99.12107809995993,96.01859107787291,98.55608825728369,30072800
2022-09-28,99.17063903808594,99.81491997880579,96.25647699916067,96.79173171420844,32466300
2022-09-29,96.56375122070312,97.77302956785141,95.11658440664736,97.77302956785141,31047200
2022-09-30,94.80931854248047,98.03075377873286,94.72010563429126,96.19701523364152,32941500
2022-10-03,97.77302551269531,98.41731399775504,95.67165604887613,95.90955206825485,27982000
2022-10-04,100.74665069580078,100.94488980250854,99.49772314899776,99.55720093087983,28850800
2022-10-05,100.53850555419922,101.03411092367425,97.93162403320214,98.95256988434666,22176900
2022-10-06,100.52857971191406,102.02530987221579,99.70587307869936,99.79508596731075,22324000
2022-10-07,97.81267547607422,99.64641382042795,97.43601811981739,98.97239021921095,27502800
2022-10-10,96.9998779296875,98.22897705771258,96.15735036259238,98.12985750199623,18225100
2022-10-11,96.32585906982422,98.37766497898305,95.4635030120505,96.57366175239092,26507100
2022-10-12,96.7025146484375,97.88205781573463,95.88972216704339,96.44480530818547,21876400
2022-10-13,98.1893310546875,98.90300397980121,93.55046460378601,94.31370108960836,34574500
2022-10-14,95.71129608154297,99.80500082627663,95.52297120409693,99.11114884737647,25410700
2022-10-17,99.09133911132812,100.04290051639435,97.96135947016587,97.99109458245891,28419200
2022-10-18,99.88429260253906,102.56056586089902,99.09132863002786,102.22355031177057,24060700
2022-10-19,98.75431060791016,100.13209275439554,98.05055198046585,99.13097548058234,23811100
2022-10-20,99.09133911132812,101.42068284311566,98.51643506587006,99.12107422362116,25323200
2022-10-21,100.24113464355469,100.41955287075776,96.86111011341654,96.98996478104308,32458700
2022-10-24,101.61892700195312,101.84690881139284,99.10125824677728,100.90526158454394,27176400
2022-10-25,103.56169891357422,103.89870692702209,101.81716593632244,101.99558416765885,40611400
2022-10-26,94.09564208984375,97.44593189074804,93.85775361392479,95.58245829842929,88114100
2022-10-27,91.40946197509766,94.59124776308492,90.99315525046492,93.68924229737569,60710900
2022-10-28,95.44368743896484,95.70140436063788,91.32024694154877,91.45901584652545,43697300
2022-10-31,93.6793212890625,95.18595815992897,93.1539808509468,94.58131905431053,31675000
2022-11-01,89.67483520507812,95.18596439796062,89.57571564537245,94.61106036439496,47161400
2022-11-02,86.20558166503906,90.37857712085439,86.11636878424021,90.14068870928456,57038300
2022-11-03,82.69670867919922,85.75954610026633,82.60749578413358,85.56130698597873,61288000
2022-11-04,85.81902313232422,85.87849335362182,82.97424573696946,84.64939421866777,51124900
2022-11-07,87.71223449707031,88.11863452220038,86.08664952122535,86.51287043332725,34078900
2022-11-08,88.1186294555664,89.5261467821038,86.82013834461175,88.1186294555664,30429000
2022-11-09,86.55252075195312,88.6538902246859,86.51287141522182,87.67258615584599,31769100
2022-11-10,93.11434173583984,93.56038355540274,90.80481883714413,91.43919312210994,51620100
2022-11-11,95.56262969970703,96.07805594966968,93.09450954770053,93.85774604143894,33090500
2022-11-14,94.8588638305664,95.93928745861939,93.67932820432442,94.25422468031444,30179500
2022-11-15,97.57479095458984,99.25984624445441,95.85999298915897,97.39637271288223,41640800
2022-11-16,97.98118591308594,98.7642433513322,96.78182175445707,97.03953867950554,29105200
2022-11-17,97.49549102783203,98.4074031127186,95.93929043602027,96.11770867544051,26052600
2022-11-18,96.57366180419922,98.03074278844717,95.5229808495008,97.9018805535472,28342300
2022-11-21,94.75973510742188,97.53512790783459,94.5218466726924,96.43488349899745,21647400
2022-11-22,96.19699096679688,96.3654949524555,93.22335919115972,95.10665326586057,23438500
2022-11-23,97.5946044921875,97.89197072674976,96.23664311244816,96.23664311244816,18868100
2022-11-25,96.6033935546875,97.77302247882432,96.543923332857,97.37653668783366,9701400
2022-11-28,95.20578002929688,96.7223310193925,94.76964495050564,96.18707639424052,26237500
2022-11-29,94.35334777832031,95.27517402033777,93.28283842068635,94.8886024571373,20061700
2022-11-30,100.10237121582031,100.15193477810236,93.59011691093076,93.98660272217356,43647500
2022-12-01,100.10237121582031,101.35129887441687,99.36887738054075,100.1321063282544,28687100
2022-12-02,99.55721282958984,99.88430663851699,98.03074732602357,98.17943045499304,21480700
2022-12-05,98.60563659667969,100.48893073993014,98.12985216783164,98.52633793148219,24405100
2022-12-06,96.12761688232422,98.9030023011365,95.57253374869178,98.42722540069438,24910700
2022-12-07,94.10555267333984,96.02849641963317,93.88748509454602,95.56263371133674,31045400
2022-12-08,92.88636016845703,94.73992702719157,92.62864325130393,94.54168033617455,32213300
2022-12-09,92.01409912109375,93.43153084821046,91.93480044321662,92.94583211796659,28225400
2022-12-12,92.48985290527344,92.73765553983891,90.80479801516265,91.89512809478353,29420000
2022-12-13,94.78948211669922,98.6552055874712,94.19475717404306,96.90076587228482,40593700
2022-12-14,94.23441314697266,96.01859566290456,92.77733201935133,94.3632678322139,28733600
2022-12-15,90.06141662597656,92.81698152362237,89.218888932877,92.31146188282725,40107000
2022-12-16,89.46668243408203,90.52727761063562,88.73318105041864,89.96228779812273,58011800
2022-12-19,87.66268157958984,89.76404353999254,87.43469977854382,89.4666848509379,29493000
2022-12-20,88.2375717163086,88.39616905558795,86.67146458378042,87.33557392675367,23453800
2022-12-21,88.79266357421875,89.42703786905226,87.54373587274237,88.29705818373395,24745600
2022-12-22,86.98866271972656,87.76180594081181,85.56131673474557,87.38514855581442,27658300
2022-12-23,88.44572448730469,88.7629115743793,86.30470597779849,86.3443553089749,23003000
2022-12-27,86.62189483642578,88.15827431100223,86.24523752605165,88.01950543021509,20097300
2022-12-28,85.26396179199219,87.26621212712578,85.1846706641137,86.21553094992734,19523200
2022-12-29,87.67257690429688,88.06906266743349,85.84875298114018,85.85866720486126,23333500
2022-12-30,87.45452117919922,87.52390562395297,85.80910782884277,86.21550783549851,23986300
2023-01-03,88.3366928100586,90.24972960120895,87.74196039065848,88.80255544716131,28131200
2023-01-04,87.30583953857422,89.85325071371112,86.50295373591993,89.55588448127065,34854800
2023-01-05,85.44236755371094,86.80032906609173,85.14500885244108,86.70120949900179,27194400
2023-01-06,86.57233428955078,86.9192640659125,84.11413611960162,86.02717297103696,41381500
2023-01-09,87.2463607788086,89.25852481278592,87.08777100232832,87.58337634262733,29003900
2023-01-10,87.6428451538086,87.89064781997227,85.07561316227476,85.2242962744404,30467800
2023-01-11,90.71559143066406,90.79489009418965,88.22765825182702,88.39616224006632,26862000
2023-01-12,90.32902526855469,91.06252660626463,88.96115727194007,90.67595505151839,30258100
2023-01-13,91.31031799316406,91.37970242871828,89.33780356664126,90.05147636796244,26329200
2023-01-17,90.48762512207031,91.43918648040213,89.25852597951722,91.2508540286788,32602400
2023-01-18,90.3191146850586,91.98434883409725,89.84333025861744,91.33014619303279,29116700
2023-01-19,92.2321548461914,92.78723039529136,89.83341930400117,89.92263219572776,37000400
2023-01-20,97.15848541259766,97.43603080645585,94.1848528251657,94.26415150912518,63191100
2023-01-23,98.91292572021484,99.16072841791184,96.64305210182975,97.08909393274908,40005100
2023-01-24,96.8412857055664,98.73450183779414,96.3456803384707,97.23777151171052,33078500
2023-01-25,94.38307189941406,95.31481225727472,92.93590537141259,94.72999408723351,42330000
2023-01-26,96.66287231445312,96.7124358785813,94.54168184198296,95.65184064234623,30114000
2023-01-27,98.49661254882812,99.43825971343786,96.45471331121503,96.45471331121503,33879800
2023-01-30,96.08797454833984,97.42610757655028,95.55271982458807,96.62322927209162,27226200
2023-01-31,97.97126007080078,98.0109094055175,95.96901782279963,96.01858138177985,29870700
2023-02-01,99.54730224609375,100.30062458138316,96.7223529416814,97.8424184378622,35531100
2023-02-02,106.79304504394531,106.9020788324088,104.68176884997912,104.87010131411388,69883800
2023-02-03,103.85906219482422,106.86242958684039,101.67840154834732,102.0253238017862,65309300
2023-02-06,101.99557495117188,103.4427415579821,100.98453587751219,101.49996963805863,31999600
2023-02-07,106.69392395019531,107.22917865979215,102.2136547117616,102.31277427376001,49010200
2023-02-08,98.49661254882812,102.23347365780366,97.17830046850436,101.15305759656383,94743500
2023-02-09,94.17494201660156,99.15081699981067,92.80706624668896,99.12108188521925,119455000
2023-02-10,93.73878479003906,95.899624169425,93.42159770509878,94.61104738304071,54980700
2023-02-13,93.7784423828125,94.36325304999363,93.01520592965052,93.90729704786835,50076100
2023-02-14,93.84783172607422,94.01633573432831,91.44910358703162,93.6000290448755,54726100
2023-02-15,96.08797454833984,96.26639278959044,93.32249559012467,93.65950362229911,50169000
2023-02-16,94.67053985595703,96.8214653459122,93.90730335156145,94.53177095740106,42462600
2023-02-17,93.52073669433594,94.72010084493942,92.39075699666527,94.01634209023845,34284100
2023-02-21,90.98323059082031,92.28171418116946,90.91384614467198,92.18259462414863,33629300
2023-02-22,90.84446716308594,91.30042320267887,89.81360707091751,90.89402316340856,30884000
2023-02-23,90.09113311767578,91.13190729905016,88.97106783366301,91.11207885163788,41206400
2023-02-24,88.34661865234375,89.09994100142467,87.80145723264899,88.6538991523709,36585100
2023-02-27,89.0801010131836,89.36755300004886,88.55475303297936,89.0801010131836,27502300
2023-02-28,89.26844787597656,90.42817033272811,88.53495395502385,88.54486818110583,30142000
2023-03-01,89.56580352783203,90.22991291205538,88.88186569379845,89.18914616715412,31111200
2023-03-02,91.1913833618164,91.46892114468274,88.80256197209034,88.87195398014434,32204400
2023-03-03,92.8268814086914,92.90618007780824,91.63742405895086,91.66716673162266,35160100
2023-03-06,94.29389190673828,95.12651301027323,93.17382629184227,93.193647182773,32639300
2023-03-07,93.03504180908203,94.8291308506661,92.70794044588578,94.14520057401873,27835500
2023-03-08,93.4216079711914,95.11657735157019,93.17380529752776,93.2927533033278,34103300
2023-03-09,91.50857543945312,94.69036101520102,91.09226874258992,93.22337335130082,28813500
2023-03-10,89.83341979980469,91.97443846501345,89.60544558188205,91.35988513059155,35941000
2023-03-13,90.30919647216797,91.75636301025979,88.63404817344147,89.29815744651725,37335600
2023-03-14,93.1440658569336,93.5306374048924,91.62751477458181,91.74645521251553,36050200
2023-03-15,95.26527404785156,96.07806663083456,91.82577123714137,92.40067533695186,50622100
2023-03-16,99.43826293945312,100.30061902134946,94.66062738841612,95.35447189407667,65492000
2023-03-17,100.72684478759766,101.9361156180665,99.22020012817495,99.37879748699346,61028500
2023-03-20,100.33035278320312,100.85569326789229,98.99221979039645,99.24002247655834,32960400
2023-03-21,103.9978256225586,104.17624385241345,100.33034902951017,100.36008414076306,42110300
2023-03-22,102.46145629882812,105.65314851003183,102.4218069619865,103.35353990958235,43427400
2023-03-23,104.6718521118164,105.36570416377398,103.541872478814,104.13659740739351,40797800
2023-03-24,104.51325988769531,104.56281588589015,102.9273166987092,104.06721052991638,30393300
2023-03-27,101.55945587158203,103.8392436963596,101.03411536680986,103.70047479179102,31120900
2023-03-28,100.14201354980469,101.54953089706174,98.86335086819658,101.53962423516843,32057900
2023-03-29,100.49885559082031,101.58918588440255,99.7653617660232,101.38103253800085,28779600
2023-03-30,100.00323486328125,100.27086595492908,98.90299051392147,100.02306330980005,33086200
2023-03-31,102.81829833984375,102.97688813346652,100.15193890087117,100.40965582313862,36863400
2023-04-03,103.44275665283203,103.61126066891856,101.03411417712786,101.49007022424684,25035400
2023-04-04,103.79959106445312,104.6520329153803,103.12556745121624,103.41301947651381,24420100
2023-04-05,103.55179595947266,105.16746687962373,102.74891761224288,104.85027971854075,28290500
2023-04-06,107.4670639038086,108.21047194004801,103.41301570943838,104.33484197686876,48711500
2023-04-10,105.50447082519531,106.6443570965018,104.19607298512094,106.03972551827178,27067400
2023-04-11,104.42404174804688,105.79191730174914,103.75993241934815,105.6134990800635,26311800
2023-04-12,103.72029113769531,105.81174640224904,103.42292489102086,105.64324239155782,24370300
2023-04-13,106.48577880859375,106.54524903790885,104.90974967069793,104.90974967069793,24843600
2023-04-14,107.91310119628906,107.98248563608612,105.90093731750099,105.95050087264322,26578000
2023-04-17,105.03858947753906,105.22692191325392,103.60132955665138,103.7401059993033,37571200
2023-04-18,103.5815200805664,105.60359085373453,103.15529916912894,105.55402729287576,26596400
2023-04-19,103.26433563232422,104.05730725261225,102.16409110128505,102.66961069827711,20905700
2023-04-20,104.36457061767578,105.31613193758433,102.95705330462381,102.99670263824548,27820800
2023-04-21,104.4835205078125,105.06833117404804,103.85905294490108,104.54299072815176,25800100
2023-04-24,105.03858947753906,105.69278454726219,103.77974776881892,104.56280505764667,23542800
2023-04-25,102.93724060058594,105.75228321957934,102.92732637507989,104.89984132217796,46664100
2023-04-26,102.7984619140625,105.41525758570141,101.72795253139088,103.99782596670221,53347600
2023-04-27,106.64435577392578,107.41750647367289,102.62995696914422,103.53195477534291,50089200
2023-04-28,106.39654541015625,106.40645963391208,104.16632149232343,106.09918675851405,36139800
2023-05-01,106.25777435302734,107.0408316423043,105.88111704371835,105.90093792848754,26681700
2023-05-02,104.39431762695312,106.2577911455612,102.79846768787561,106.19832091951841,30997200
2023-05-03,104.4835205078125,106.545232957059,104.03747116825616,104.60246094849104,21795400
2023-05-04,103.76985931396484,104.67185719426804,103.05618634008118,104.56282340312815,23419500
2023-05-05,104.64209747314453,104.94937032373254,103.19493097745703,103.8986895605583,26639300
2023-05-08,106.8227767944336,107.0111092526405,104.2357237525446,104.25554463966958,26511400
2023-05-09,106.40646362304688,109.18185651644418,106.24787384869296,107.43732362452766,36360100
2023-05-10,110.76779174804688,111.94733485864512,106.98136731248631,107.02101664654327,63153400
2023-05-11,115.54542541503906,116.88355828293253,113.40441433887695,114.38571076702053,78900000
2023-05-12,116.47718048095703,116.99260675738344,115.08948388118702,115.65447372138091,41102300
2023-05-15,115.4859619140625,117.43864822230549,114.9903565591719,115.08947611768251,36266800
2023-05-16,118.4595947265625,119.68869389632489,115.40666390786913,115.46613413085095,45035600
2023-05-17,119.77790069580078,120.60060741468727,117.8450428018749,118.55871573573606,33323600
2023-05-18,121.75041961669922,122.2261965471798,119.76799809424153,119.8869385456927,35234200
2023-05-19,121.6810302734375,124.8628157815704,121.07639112841179,122.46408765080419,41353400
2023-05-22,123.9509048461914,125.31877293153339,121.66120291685972,121.85944960031794,35253000
2023-05-23,121.4827880859375,123.53459405259528,121.13586583308965,123.06873134867843,34046300
2023-05-24,119.8373794555664,120.83850441605266,118.80651938298395,120.05544702738894,34182600
2023-05-25,122.39470672607422,124.21853087598284,120.88806215130478,123.42555925112126,42317000
2023-05-26,123.51476287841797,124.15905132995717,121.37374418942687,122.08741708575724,35635900
2023-05-30,122.58302307128906,124.55553777083063,120.92770304942592,124.53570932230704,35076700
2023-05-31,121.79005432128906,122.96958984303781,121.42330366125861,121.6711063217918,37325800
2023-06-01,122.6325912475586,123.32643572526102,121.54226097016722,121.74050008884288,30772700
2023-06-02,123.57423400878906,125.04122914675051,122.67223621986325,122.90021044199662,26980100
2023-06-05,124.90245819091797,126.30997552224953,122.75152529744679,122.92003685811163,32305500
2023-06-06,126.19102478027344,127.16240697735131,124.25816704768387,124.9024554793261,26638300
2023-06-07,121.4233169555664,127.90582861001033,121.04665959275812,125.85403022098032,52539000
2023-06-08,121.06648254394531,122.14690621299393,120.17439134067995,121.15569544544086,29389200
2023-06-09,121.15569305419922,122.67224428864927,120.83850591733605,121.17551394173034,23778300
2023-06-12,122.55329132080078,122.95969134096524,120.59069835405128,121.7107637315462,28306400
2023-06-13,122.74163055419922,124.05994268348793,122.09734204600761,123.881524443717,22278300
2023-06-14,122.58302307128906,122.95968796986351,120.38253415008784,122.01803328576474,30592300
2023-06-15,123.99055480957031,124.35730552643699,121.32420291141162,122.05769678280674,35246300
2023-06-16,122.44425201416016,125.001577340157,122.1964493483621,124.82315911828891,45535600
2023-06-20,122.01803588867188,123.47511683040602,121.06647452234982,121.84953188431368,26097500
2023-06-21,119.49046325683594,121.58191861992594,119.0444138658092,121.32420169815525,30306300
2023-06-22,122.06759643554688,122.1568017665919,117.78556661162784,118.94528128923695,26952200
2023-06-23,121.26470947265625,121.71075881058304,119.99596102780514,120.31314813901791,34913600
2023-06-26,117.29986572265625,120.92770036348257,117.23048127903954,119.69860126412782,33969900
2023-06-27,117.28996276855469,118.03337078609204,115.07955960231514,116.05094940599243,39535900
2023-06-28,119.12371063232422,119.33186398652833,115.82297695350607,116.06086542083392,27091400
2023-06-29,118.05319213867188,119.00475349739705,117.26022812090297,118.19196103083988,24090900
2023-06-30,118.6479263305664,120.0158020352129,118.63801966773421,119.11379660317279,29532200
2023-07-03,118.84617614746094,119.1336281862522,117.77566667106697,118.19197339110744,14467900
2023-07-05,120.67989349365234,121.53233523543224,118.18204604815243,118.19195270951163,27584800
2023-07-06,119.0543212890625,119.24265374755836,117.35935184961298,118.74704838295892,24745200
2023-07-07,118.42985534667969,119.98605581142945,118.35055667733691,119.04440112824291,21709500
2023-07-10,115.42647552490234,117.27012791265184,115.1192026477231,117.26022125117554,35315200
2023-07-11,116.11042785644531,116.67541768732227,114.33615968802944,115.2679002226587,23078800
2023-07-12,117.88469696044922,119.27239354834892,117.36927068843174,117.75584228302935,30404400
2023-07-13,123.44537353515625,123.73282552712381,119.39131810083644,119.86710253362271,44297900
2023-07-14,124.31764221191406,125.6656893475704,122.40460528869126,123.70309642753425,33283100
2023-07-17,123.55440521240234,125.98286820483494,123.1083558963001,124.83306781882314,25716200
2023-07-18,122.6722412109375,123.58415326124799,121.87926960750545,123.50485458843724,26193600
2023-07-19,120.95744323730469,124.07975852514653,120.72946900607533,123.50485449122769,37224000
2023-07-20,118.15231323242188,122.9993329839657,117.18093097461103,120.35280221161847,37906800
2023-07-21,118.96510314941406,119.92657872434836,117.68644801994229,119.55983561059963,72937900
2023-07-24,120.46183013916016,121.91891101739073,119.91666881428958,120.59069236468409,29686100
2023-07-25,121.13585662841797,122.067597090128,119.95631349602652,120.29332906056865,52509600
2023-07-26,128.13380432128906,129.8287660545172,127.19215723342076,128.92677586226864,61682100
2023-07-27,128.2626495361328,132.0689098519843,127.65801044654415,130.51270190226427,44952100
2023-07-28,131.41473388671875,132.56454208145672,129.4224055598101,129.63055136465587,36591200
2023-07-31,131.55348205566406,132.35636028283042,130.62174160079337,131.5633887175357,28055500
2023-08-01,130.39376831054688,131.4642776626303,129.53140473197496,129.63053185009693,23166800
2023-08-02,127.25164031982422,128.9466022244464,126.43884024884467,128.3122279524498,26273300
2023-08-03,127.3210220336914,128.2527625895299,126.30007613731763,126.84524509282699,20089500
2023-08-04,126.98400115966797,130.35411143081842,126.78576204807231,128.14371584341106,26147200
2023-08-07,130.3739471435547,130.45324581754625,127.8860136363558,128.02478253467217,22746300
2023-08-08,130.24508666992188,130.35412045755103,128.4014340675314,129.47194349388803,23535200
2023-08-09,128.5203857421875,130.87945697389134,127.86618303626592,130.50280718461022,24912900
2023-08-10,128.55010986328125,130.88936757032903,128.31221386564667,130.16578804061726,20857800
2023-08-11,128.4212646484375,128.78800779260496,127.04348228626603,127.52918100734196,19591100
2023-08-14,130.17568969726562,130.21533146634363,127.8265254190536,128.25273871650413,24695600
2023-08-15,128.63934326171875,130.26492845526437,128.14373783533682,129.94774884721215,19770700
2023-08-16,127.56881713867188,129.1349318973664,126.74611798522649,127.56881713867188,25216100
2023-08-17,128.77809143066406,130.82990482519432,128.15362385412445,128.6591509873898,33446300
2023-08-18,126.33971405029297,128.1139820986366,125.26920468665479,127.38048074077112,30504800
2023-08-21,127.2417221069336,127.59855859024782,125.44763302751461,126.06218642929755,25248700
2023-08-22,127.94548797607422,129.13493787485558,127.19217323593709,127.38049057746434,22054900
2023-08-23,131.20652770996094,132.23739508928722,128.72850148517708,129.03577431710278,27819700
2023-08-24,128.63934326171875,133.07005698354735,128.43119745245764,132.77269070278274,28500700
2023-08-25,128.7384490966797,129.61070421801392,126.13156014533209,128.40142596774677,26762900
2023-08-28,129.85850524902344,131.3750563736932,128.99615680059247,130.15587147682967,20543300
2023-08-29,133.38723754882812,135.36965904379704,131.07771469222826,131.07771469222826,43075600
2023-08-30,134.6857147216797,135.08219295170898,132.89162577508347,133.59537690208668,28315800
2023-08-31,134.97317504882812,136.78709265772878,134.59651009871462,134.81457768828804,30053800
2023-09-01,134.4676513671875,136.25183370752197,133.66477309520587,136.25183370752197,21543700
2023-09-05,134.5767059326172,135.22098695723608,133.3971625609101,134.24960452599169,19403100
2023-09-06,133.27818298339844,135.32998104598227,132.495118145148,134.82446908845833,18684500
2023-09-07,134.07113647460938,134.38833111737597,131.7814424740778,132.41581663493795,18844300
2023-09-08,135.1813201904297,135.45885797662925,133.66476902845534,133.7242392505445,23558300
2023-09-11,135.71656799316406,136.27164356834132,134.59649505596173,135.33990308514734,20763400
2023-09-12,134.15045166015625,135.66700281159663,134.00177610596597,135.06236368343136,18405500
2023-09-13,135.5084228515625,135.69674018178068,132.9709107286248,133.90265121619703,20749500
2023-09-14,136.88621520996094,137.48093260507594,135.0425625482196,136.39060981836033,24751000
2023-09-15,136.1923370361328,137.30250324708538,135.28042505459356,136.76724102714817,38919600
2023-09-18,136.9952392578125,137.9368864099472,135.40929606761446,135.40929606761446,21861300
2023-09-19,136.8267059326172,137.19346414304988,135.41918868155213,136.21216019438876,20353700
2023-09-20,132.56451416015625,136.8663646339005,132.44555860062232,136.8663646339005,29927500
2023-09-21,129.2935028076172,131.06776298574152,128.92675975466167,130.28471332883512,31503900
2023-09-22,129.1051788330078,130.86953246620288,128.46089800194463,129.61069078701092,26397300
2023-09-25,129.9576416015625,130.0171118264149,127.82654454608127,128.6888930557924,20094600
2023-09-26,127.43999481201172,129.21425569793556,126.10185402467891,128.62944488704184,25718700
2023-09-27,129.39263916015625,129.7494756200031,127.43996798020761,127.43996798020761,22746500
2023-09-28,131.1470947265625,132.12839883500152,128.64923934805705,128.69880291155567,22513100
2023-09-29,129.70985412597656,132.87181919862218,129.2142486945193,132.10858259926832,30859800
2023-10-02,132.99075317382812,133.23855587746678,130.01712073016435,130.0567776325655,22288000
2023-10-03,131.2660369873047,133.0799545386721,130.68122625412332,132.76277495232893,22989400
2023-10-04,134.05136108398438,134.37846248014134,131.36517301991339,131.62288239657767,26752300
2023-10-05,133.88284301757812,134.29914971685594,132.2770713207343,133.88284301757812,19832600
2023-10-06,136.37078857421875,136.94569267381706,132.832158631349,132.832158631349,27597600
2023-10-09,137.203369140625,137.71880288642004,134.41806978059012,135.73638169070284,19278100
2023-10-10,136.8465576171875,138.4919711389079,136.12297798401696,137.28269277954,27786600
2023-10-11,139.31466674804688,139.86974231945385,137.36198046134194,137.36198046134194,25884300
2023-10-12,137.74855041503906,139.9787744613181,137.04478417224522,139.8102704594491,24765500
2023-10-13,136.1527099609375,138.7695057500951,135.4192085570894,138.15495992166953,23420500
2023-10-16,137.87742614746094,138.4027666531714,136.77718157188923,136.95559225322052,28501900
2023-10-17,138.49197387695312,138.67038456071032,135.97428998075208,137.41155773728624,23515800
2023-10-18,136.7474365234375,139.48317264449588,136.17253249534386,138.22433080496884,23375000
2023-10-19,136.53927612304688,138.4324922204464,136.17253299803895,137.28268416001447,26066000
2023-10-20,134.40818786621094,136.6582254478533,133.8927540255162,136.12297828131832,26335700
2023-10-23,135.3002471923828,136.45005512078916,132.77265713198602,133.85307305839916,26317900
2023-10-24,137.58995056152344,138.135119454478,136.21216833642438,136.61856834068817,44814300
2023-10-25,124.50597381591797,127.18223962045136,123.97071914254384,127.03356406868409,84366200
2023-10-26,121.20523834228516,123.23722322101568,120.20411345783874,122.18653477861498,57061100
2023-10-27,121.09619903564453,122.2261785319074,119.15342713746738,121.79995766490741,44566500
2023-10-30,123.3660888671875,124.29782939084916,121.6711193945083,122.12707543139821,28940100
2023-10-31,122.98942565917969,124.268088371617,121.61164338905817,123.96080791175726,26292300
2023-11-01,125.33859252929688,125.37824186558063,122.63259149838505,122.97951373794584,30082400
2023-11-02,126.36944580078125,127.84634757695119,125.81437024728645,127.29127202345639,27124600
2023-11-03,127.9653091430664,128.39152248996186,126.73620241363211,126.8947997576898,26393100
2023-11-06,129.1051788330078,129.19438415583073,127.53906429208809,127.91572915468251,19052700
2023-11-07,129.81884765625,130.7505879983134,128.73843178073938,129.5611383567172,29757300
2023-11-08,130.6811981201172,131.0479563163596,129.63051733424692,129.8188497627846,26425800
2023-11-09,129.09530639648438,131.38500103733298,128.92680236714457,130.8001902664459,23747800
2023-11-10,131.42462158203125,131.63278248151076,128.27257885187583,128.95651664701234,26913300
2023-11-13,130.92901611328125,131.42462145714984,130.09640276550397,130.62174322003068,18324800
2023-11-14,132.445556640625,134.50727652084166,132.14820555787506,133.01055394719708,32395200
2023-11-15,133.43679809570312,133.84319816897428,132.39603881613726,133.68460080506208,23861500
2023-11-16,135.7264862060547,136.0139458049548,133.13944056401175,134.0017891113594,28013200
2023-11-17,134.12071228027344,134.86412027691202,132.47529895112487,134.80465005712884,37240600
2023-11-20,135.052490234375,135.45889034867287,132.44560062885284,132.51499265432358,27815500
2023-11-21,135.76614379882812,135.9742895959558,134.76502634077858,135.09211259340776,22635300
2023-11-22,137.2727813720703,138.19460010408307,136.26174217835015,136.26174217835015,17813900
2023-11-24,135.48861694335938,136.91596302351493,134.79477235569422,136.8168358861295,12514300
2023-11-27,135.2110595703125,137.2033876965765,134.80465954030564,134.83439465228903,23436500
2023-11-28,135.99411010742188,136.0436736692128,134.2297562053289,134.8839589217478,18730000
2023-11-29,133.80352783203125,137.07451079768657,133.65483716334538,136.360853061755,23967200
2023-11-30,131.3651580810547,134.35861874891418,130.1261446568203,133.8630133792204,38988300
2023-12-01,130.7010498046875,130.94885249162763,129.52150659490437,130.7010498046875,31442300
2023-12-04,128.13380432128906,128.88711896664887,126.7758430151211,128.73844341976016,36669900
2023-12-05,129.83871459960938,130.97860102647664,127.12279142754068,127.8166359971415,27384800
2023-12-06,128.87722778320312,130.68122350903377,128.73845888121613,130.28474525326413,23576200
2023-12-07,135.7264862060547,137.34216463354636,133.5160903794074,133.8530984180632,56767100
2023-12-08,133.80352783203125,135.20112331976583,132.85195897633275,133.02046296777098,32260100
2023-12-11,132.1184844970703,132.1680480633636,130.20545486049974,131.21649413911075,31138000
2023-12-12,131.35525512695312,131.83103206038206,130.10631988027265,130.65148882726206,29032800
2023-12-13,131.40480041503906,132.3266190406473,130.4135897855211,132.20767860500078,30104800
2023-12-14,130.7803497314453,132.54470366937534,128.55012552763398,132.20769564183271,38722400
2023-12-15,131.43453979492188,132.33653000234125,130.0270073455555,130.46314245666346,50847100
2023-12-18,134.60643005371094,135.94455556276986,131.26603936328306,131.46429362359686,32258000
2023-12-19,135.4489288330078,136.26172882321336,134.88394662917216,135.63726127584442,25476800
2023-12-20,137.12408447265625,140.45455302635412,136.85646847368653,137.74855205293554,49107200
2023-12-21,139.18580627441406,139.4534374013907,137.9566995474428,138.26398757269197,27488300
2023-12-22,140.2464141845703,140.74201955858857,139.4732710110759,139.53274123600997,26532200
2023-12-26,140.27615356445312,141.42594657240042,139.94905219268907,140.34553045409487,16780300
2023-12-27,139.13623046875,140.8312072908629,138.66045360407793,140.3455086401583,19628600
2023-12-28,138.99746704101562,139.8994723742898,138.5216901576727,139.54263593061398,16045700
2023-12-29,138.4622039794922,139.1263132322163,137.5601987501779,138.4027337665128,18733000
2024-01-02,136.95556640625,138.2243147607485,135.2804180769598,137.33223127309824,23711200
2024-01-03,137.69900512695312,138.40277146312937,135.87518085036012,136.04368487458785,24212100
2024-01-04,135.19122314453125,137.93688094484938,135.15158137245075,137.20337960162615,27137700
2024-01-05,134.53704833984375,135.9544877613099,133.9621442151988,135.54808767109367,22513900
2024-01-08,137.6197052001953,137.78820922289705,135.06237949599685,135.09211461031617,21404000
2024-01-09,139.7111358642578,140.24639807653827,136.93574306358877,137.28267283542516,24759600
2024-01-10,141.02943420410156,141.74310700177662,139.67148060628745,139.7606859248287,21320200
2024-01-11,140.83120727539062,143.94360802981913,139.40386155685738,142.22881788517725,24008700
2024-01-12,141.39622497558594,141.94139398064064,140.57353326075875,141.41605342795455,18785500
2024-01-16,141.23764038085938,143.08129317884888,140.20677262032902,140.7519416163136,22670500
2024-01-17,140.22657775878906,140.59332087480647,137.67915902138483,140.1076373156861,20968600
2024-01-18,142.21890258789062,142.94249726620274,140.7420083705122,140.80147859071877,25746400
2024-01-19,145.09341430664062,145.16279118468964,143.11099308151773,143.4678295070268,34271900
2024-01-22,144.7068634033203,147.0857631627537,144.55817271543333,145.80710794511032,32200400
2024-01-23,145.7476043701172,145.8863732533205,144.2211466548808,144.60771819556675,21636100
2024-01-24,147.39303588867188,148.5329373289827,146.79831851190932,147.23443853833155,25233500
2024-01-25,150.53518676757812,151.704823433996,148.2256636749095,148.75101933947735,29149100
2024-01-26,150.8523712158203,151.19928591444616,149.68273462913356,149.7719550941985,26115500
2024-01-29,152.1607666015625,152.42839775623318,150.0990462936262,150.72351394629885,27784300
2024-01-30,150.1287841796875,152.26978786685433,149.86115304703833,151.4570029311418,36331800
2024-01-31,138.86865234375,142.734368781717,138.64066294828885,142.3577038019794,71910000
2024-02-01,139.91932678222656,141.80262134151818,139.55256848408283,140.87088072545782,40466500
2024-02-02,141.12857055664062,141.36645142167342,135.30024736856095,138.03598318915266,62499600
2024-02-05,142.4171600341797,144.1914358303926,141.5250763668689,141.56473326856243,38505400
2024-02-06,142.8334503173828,144.08237020058561,141.93144506162201,143.37860403545926,29128200
2024-02-07,144.26080322265625,144.34010189614554,142.66495333978824,143.48766006197988,25208900
2024-02-08,144.62754821777344,145.0438548719161,143.8246700187359,144.54824955155473,22563800
2024-02-09,147.69039916992188,148.12653431225093,144.89517764390865,145.3907830102507,26829500
2024-02-12,146.23329162597656,148.02738030636831,146.0746943076273,147.11546841286923,21564100
2024-02-13,143.86431884765625,145.3808699923918,142.42706637302987,143.6462512860247,27837700
2024-02-14,144.65728759765625,145.23219160120888,142.82354180831294,144.79605648646725,22704200
2024-02-15,141.5151824951172,142.25859065996383,139.22548776733797,141.88192568321128,37590700
2024-02-16,139.284912109375,141.9314424892963,138.90824725672493,141.7332034022547,31468900
2024-02-20,139.87965393066406,140.83122289008293,138.26399071915645,138.43249472896153,25144700
2024-02-21,141.29708862304688,141.43585751636738,139.44351432516038,140.20675080076072,23223300
2024-02-22,142.82354736328125,143.7255527379726,141.5448922041246,143.65616072853092,27191900
2024-02-23,142.69471740722656,143.40837528845117,142.16936175385501,142.40725779738116,19493800
2024-02-26,136.3608856201172,141.188077680813,136.18245980002686,140.8907113971141,53641800
2024-02-27,137.6593475341797,138.02609065509074,135.8850719026194,136.8069057229925,33099200
2024-02-28,135.1813201904297,136.796983347661,134.21984460085443,136.68794956560583,37328600
2024-02-29,137.2430419921875,137.63952022756177,135.20113521845195,136.0734054858856,42133000
2024-03-01,135.93466186523438,137.64945248283644,135.71659425783088,137.21331726802944,31151100
2024-03-04,132.17796325683594,134.46765773338637,130.7506173169925,134.46765773338637,55999400
2024-03-05,131.50393676757812,132.06893419092674,129.52151514124904,130.7208868800359,40194800
2024-03-06,130.24508666992188,132.4059339725702,129.6999328564518,131.94997037211849,35318600
2024-03-07,133.1988983154297,133.75397388585452,130.45324044956945,131.62286181229678,37738200
2024-03-08,134.21986389160156,136.8763016912152,132.822252972934,133.03041390483907,39370400
2024-03-11,136.45999145507812,137.8774307891928,134.93353345070832,134.93353345070832,32437800
2024-03-12,137.2826690673828,138.1549392414249,135.8255882651414,135.8255882651414,27563400
2024-03-13,138.56134033203125,139.84991729704038,137.7683838532644,137.7782905156126,23347200
2024-03-14,141.84225463867188,142.32793819304158,139.22545904327845,139.94903860620198,42753400
2024-03-15,139.93910217285156,141.92152332928583,138.7992160577711,141.24750739594128,49475400
2024-03-18,146.38198852539062,150.81270155253688,145.87647651462308,147.3038223387608,69273700
2024-03-19,145.73770141601562,147.4822267241883,144.7960543185626,146.85777429622541,24070400
2024-03-20,147.4326934814453,147.55163393242162,145.45027196690233,146.6991920761811,21311500
2024-03-21,146.3026885986328,149.0483310331233,145.6088290884326,148.15624755525624,24755600
2024-03-22,149.44485473632812,150.24773305463123,147.6705789560528,147.8093478613808,29211800
2024-03-25,148.7509765625,149.05824941731626,146.5207527940521,148.62211434931658,19229300
2024-03-26,149.345703125,150.92172438957977,148.66176537347607,148.8996613684721,22149100
2024-03-27,149.54396057128906,150.3071970814459,147.59127418957752,149.85123348293416,22879200
2024-03-28,149.60345458984375,150.09906004220474,148.85013974713917,149.52417102718275,24485400
2024-04-01,154.12335205078125,154.3711547175217,149.28623915611158,149.36553782442945,31730800
2024-04-02,153.20152282714844,153.34029171966787,150.81270141872292,152.15084190883346,24586000
2024-04-03,153.55833435058594,153.7169316661934,151.38758085781012,152.24994430850546,24705000
2024-04-04,149.20693969726562,153.40967834779974,149.12764102936788,152.15083657251893,34724700
2024-04-05,151.15963745117188,152.07154951460475,148.28513236262637,148.71134571985755,23459200
2024-04-08,153.4889678955078,153.90527453372857,151.26865070032358,151.43715468784103,20702000
2024-04-09,155.22360229492188,157.16636680492698,153.825991572372,154.71807515609422,31079500
2024-04-10,154.7676239013672,155.23349409762253,153.32044975721098,154.8370159038482,22838600
2024-04-11,158.0089111328125,158.27652714867145,155.08484241109738,155.53088422887154,27166400
2024-04-12,156.3436737060547,158.8117940185791,155.75886296974886,156.57166307757163,25353700
2024-04-15,153.49891662597656,157.840425096068,153.23128545495894,157.46376012387117,27136500
2024-04-16,153.04293823242188,154.28195170620987,152.0814625667883,152.83479243864417,20779500
2024-04-17,154.10353088378906,155.69938073798713,153.22135395349792,154.25220644098835,21763100
2024-04-18,154.63877868652344,155.5606125191913,153.26099639334586,153.97466932035476,19883000
2024-04-19,152.7356414794922,154.98569383172432,150.96138111672357,154.82709650190313,32615600
2024-04-22,154.90640258789062,156.2544497066036,152.7059136863934,152.9537163543577,26446200
2024-04-23,156.86898803710938,157.572754235579,154.90639523489975,155.58042632459905,21151600
2024-04-24,157.73133850097656,158.16747355971557,155.78855918241348,156.10575381592278,22779100
2024-04-25,154.62884521484375,155.1145438273879,149.54393027269114,149.99989377882164,57109700
2024-04-26,170.43869018554688,173.17444161155032,168.15890237210272,172.83741845240817,64665300
2024-04-29,164.6896514892578,168.05977693862212,163.75792613748897,167.57407825152322,45610000
2024-04-30,161.34927368164062,166.62252177219705,161.17086301864083,164.15440172797688,33562900
2024-05-01,162.41976928710938,165.65111039357393,161.65653289129983,162.8559043704291,33493200
2024-05-02,165.155517578125,165.26455135719664,162.4495166743879,163.34160023066508,24294500
2024-05-03,165.7700958251953,166.48376879475936,161.61692024874446,166.08727540907034,34662400
2024-05-06,166.62252807617188,166.6621698501134,164.5707146259979,165.98815382038057,21871300
2024-05-07,169.74484252929688,170.2503545716541,166.90997915272567,167.01901294123516,28039700
2024-05-08,167.89129638671875,168.65451784133106,167.25692205611742,167.51463142881647,19569100
2024-05-09,168.4661865234375,169.18976613945827,166.70181746537216,167.90118913341487,15346700
2024-05-10,167.1676788330078,168.35714377508077,164.72930897604326,166.55313303769844,29799900
2024-05-13,167.6533966064453,167.79216551552707,162.55857362347706,162.81628299043555,31327600
2024-05-14,168.84283447265625,169.7448398794561,167.3163765820282,168.27785221350925,25127100
2024-05-15,170.99375915527344,171.13252805375882,169.01133767709646,169.13029325056647,26948400
2024-05-16,172.64906311035156,173.5808035378088,171.17216892717605,171.7668862401435,27867900
2024-05-17,174.51258850097656,174.72074944467616,172.16342350966488,172.6491071705006,24479300
2024-05-20,175.364990234375,177.1987360270171,174.53237690001112,174.64141067889267,22554400
2024-05-21,176.2868194580078,176.58417055209722,174.26474127015484,175.34515724447746,16989400
2024-05-22,174.8297576904297,175.5929790815051,173.67004292281268,175.08746704167487,17880000
2024-05-23,172.0246124267578,176.6832994864589,171.42987998310477,175.51367817186207,21024900
2024-05-24,173.45196533203125,174.22510846580246,172.12373150315187,173.44204354526818,16579400
2024-05-28,174.8495635986328,175.7119272031069,172.83740706265183,172.9167057345963,20572200
2024-05-29,174.35398864746094,175.28572929944744,173.184367062833,173.8881183214677,23388700
2024-05-30,170.59727478027344,173.67994067307137,170.28008009531703,173.66011222409284,22931500
2024-05-31,170.9838409423828,171.53891649882755,167.9507387056137,170.34946671720675,37638900
2024-06-03,171.64794921875,172.99599632951654,169.6556212249439,171.02348165926512,27459100
2024-06-04,172.26248168945312,172.321967029547,170.37918761932596,171.7569697337049,26879600
2024-06-05,173.8682861328125,175.09737781727256,172.40128329216327,173.6601252146541,22068500
2024-06-06,175.17666625976562,175.59297294708358,174.2052839893571,174.35395954744376,23251000
2024-06-07,172.92660522460938,176.30662182296135,172.76800790116974,175.49383700851138,19661400
2024-06-10,173.67086791992188,175.70518493273318,171.43808427850212,173.63118065101344,23726700
2024-06-11,175.26858520507812,175.48690308392554,172.44040109788673,174.8716518664662,21540600
2024-06-12,176.4296112060547,179.0295742492246,174.76247320161096,176.88609812176736,27864700
2024-06-13,173.81973266601562,175.38764480431132,173.5418763520932,174.76246052696914,20913300
2024-06-14,175.43724060058594,175.7051788680774,172.8174418240933,172.8869134698266,18063600
2024-06-17,175.8838348388672,176.99526019491833,173.47242036710682,174.11745590855674,19618500
2024-06-18,173.75027465820312,176.03267896636487,172.76785945042823,175.78459187073935,21869900
2024-06-20,174.95101928710938,175.93343447480135,173.65104535533175,174.02812743639052,20160100
2024-06-21,178.2555389404297,179.466205138687,175.2586426839211,175.645657934706,57759000
2024-06-24,177.84869384765625,179.50591397404798,177.30289916123118,178.78150383135798,18298000
2024-06-25,182.62184143066406,182.87984651633045,178.04711553791142,178.24558215319573,23130200
2024-06-26,182.47300720214844,183.0981763241254,181.0837105201297,181.23257184786374,19839000
2024-06-27,183.99131774902344,184.62642010992184,182.61195409916436,182.77071833286294,18848900
2024-06-28,180.7562255859375,183.71343423893046,180.5676921399298,182.90963458847077,29156600
2024-07-01,181.58982849121094,182.4730179096056,179.91275737108273,181.6295157623823,16006100
2024-07-02,183.82260131835938,184.1500780686585,180.17075176456586,180.65700787416756,17372500
2024-07-03,184.39817810058594,184.666101253454,182.59209683114494,183.43559898745033,10242100
2024-07-05,189.1416015625,189.39960668236182,184.3783264542018,184.43786493247498,20967500
2024-07-08,187.58358764648438,188.71486404073931,186.34315233953677,188.4469257746695,21035900
2024-07-09,187.53399658203125,189.89579062187278,187.2759914489027,188.8538217724112,15121400
2024-07-10,189.71714782714844,190.28279364749721,187.5836049591009,187.7026819141074,15952500
2024-07-11,184.1501007080078,189.39961710579536,183.66384453862594,188.39735066829172,25625800
2024-07-12,183.65390014648438,185.67828393880026,183.0783363373865,183.66381817797418,22898400
2024-07-15,185.10275268554688,186.7996751747927,183.50507109678486,183.50507109678486,16474000
2024-07-16,182.51271057128906,187.2362833659617,181.96691593885006,185.9263913901426,18290700
2024-07-17,179.6348876953125,182.14552760174087,178.52344733868037,181.569963789314,20734100
2024-07-18,176.33035278320312,181.10354516735464,175.11968677674923,180.53789942934162,25315700
2024-07-19,176.30059814453125,178.91046381081307,175.77465477022162,177.51126425121495,18881900
2024-07-22,180.27992248535156,181.30204007198228,178.85093844213043,179.2081844529357,24100300
2024-07-23,180.3990020751953,182.205083362309,180.15091498468195,180.65702234023118,36352700
2024-07-24,171.30908203125,174.84183935353695,170.50528237716065,172.27166103830413,49585200
2024-07-25,166.0000457763672,172.09306459024975,165.91073805088556,171.1999570513624,44852000
2024-07-26,165.72218322753906,166.8038393522412,162.80467650128674,165.8710294311091,41336900
2024-07-29,168.23280334472656,169.12591074335177,166.70459365013758,167.53816257445885,20293800
2024-07-30,168.9869842529297,169.91979407162952,167.15114899500833,168.9373789518768,18959700
2024-07-31,170.2274169921875,172.91668748879763,168.70912533779483,171.9144211788754,25729100
2024-08-01,169.45338439941406,172.71821867309802,167.58777995648467,168.94729223504007,24531400
2024-08-02,165.38479614257812,167.22063168798618,163.4100172779574,165.16647827243773,29130100
2024-08-05,158.03146362304688,163.17182044634595,153.74451178437454,154.3101575722687,53630700
2024-08-06,157.0788116455078,159.34137978517677,155.2132070680051,158.11086239581772,49004600
2024-08-07,157.72386169433594,161.73294268414506,157.25745672144262,160.01618414211123,25138600
2024-08-08,160.79019165039062,162.4374934400702,158.9841256428161,159.28181801513983,25578800
2024-08-09,162.4176483154297,162.53672526881738,157.84292193770273,158.78564981676743,28602300
2024-08-12,161.04820251464844,163.638232240746,160.60164879815585,163.09245277727376,15895300
2024-08-13,162.9038848876953,163.46951549041373,161.72298810159427,162.1596237343071,18551700
2024-08-14,159.14288330078125,161.9710818575429,156.5032484754406,161.15734902797854,40591100
2024-08-15,160.06581115722656,160.4032060027647,158.38873982106185,159.27192935322697,31524300
2024-08-16,161.71307373046875,163.79699592189854,159.89707465805918,160.23446942114322,24208600
2024-08-19,165.3946990966797,165.4145503036196,163.0031359185699,164.01533548402497,22416200
2024-08-20,165.90078735351562,167.34962258490438,165.54355648931903,165.62293103111787,18341500
2024-08-21,164.58099365234375,165.57334208523812,163.41001462767,163.8863376356894,22902000
2024-08-22,162.54664611816406,166.30763931714822,162.06039002531082,165.9801625781286,22493300
2024-08-23,164.3527374267578,164.90845010892556,162.57644045039766,163.45962992213603,13955700
2024-08-26,164.8885955810547,166.26795909914733,163.20160651563705,165.106913416324,14190400
2024-08-27,163.41990661621094,165.16644927065664,163.20160392643822,164.5710342489987,11821900
2024-08-28,161.6039276123047,164.33288545251102,160.2940205808296,163.77715768210635,16407400
2024-08-29,160.5421142578125,164.70005625165825,159.02382249929119,163.05275436266322,19699800
2024-08-30,162.12989807128906,162.40775443186422,160.4528267322231,161.37570354226852,22123800
2024-09-03,156.15591430664062,160.61156320284906,155.28264303988357,160.48255309061489,38945300
2024-09-04,155.2528839111328,157.78337502963737,154.76664294942685,155.4612837104589,19353800
2024-09-05,156.03684997558594,158.2299312085826,154.78648144405375,155.1040401638185,18688700
2024-09-06,149.7652130126953,156.62234382988387,149.39804896411633,156.09640040925774,37912100
2024-09-09,147.76795959472656,152.4282366790671,146.28739297802653,151.54387525137955,39260500
2024-09-10,147.71827697753906,150.31174383865772,147.40029682558622,149.4969310708747,31118800
2024-09-11,150.20242309570312,150.54026559740743,146.5854826673726,148.97027288921362,29607700
2024-09-12,153.71006774902344,153.83924907315188,151.682982309114,152.82570635319718,29621500
2024-09-13,156.46250915527344,157.37667920350046,154.2267627397466,154.44535510677574,29591200
2024-09-16,157.05870056152344,157.2474993531957,155.60795803142506,156.313451749423,18379800
2024-09-17,158.31072998046875,159.53293380012653,157.3766823666018,158.0126274199818,20715600
2024-09-18,158.7976531982422,159.48328469858805,157.5953266455127,158.84733949692935,23677300
2024-09-19,161.11285400390625,162.7523953061902,160.31791891468873,162.67291544318158,26587700
2024-09-20,162.55368041992188,162.69279293629415,161.03337393309369,162.46425419413836,40896400
2024-09-23,160.82469177246094,164.44163188871738,160.64582418208624,163.3088543567614,24150900
2024-09-24,161.26190185546875,162.18601827960998,159.67204679818846,161.9972194853163,23332100
2024-09-25,160.46697998046875,161.77861000791742,160.27818118844277,160.44710243338025,18869200
2024-09-26,161.69912719726562,163.0405812277503,161.2519809078131,162.6033661315293,20319300
2024-09-27,162.91139221191406,164.65030615932238,161.59976214731748,161.7786145898017,21101300
2024-09-30,164.7993621826172,165.09744958161895,162.22575806160205,162.2853907035285,20413900
2024-10-01,165.93212890625,168.08838020304094,163.53739254376728,166.62769139519463,28338100
2024-10-02,164.80931091308594,166.45879878634457,163.68646438360673,165.3657609999376,17760200
2024-10-03,164.80931091308594,165.584368557219,162.88159799640147,163.36849940346053,15073100
2024-10-04,166.00167846679688,167.16426473931182,164.43168589066445,166.99534350266865,19047400
2024-10-07,161.94754028320312,167.4126985535878,161.71900154638254,166.65751850550026,22463100
2024-10-08,163.33868408203125,163.68645779124333,161.8382399845631,162.901468985077,23072700
2024-10-09,160.8346405029297,163.7957583809211,158.72807525360884,162.41456443992033,31181800
2024-10-10,161.05325317382812,162.03698715416354,159.38388779769477,159.8509116423071,14144100
2024-10-11,162.20590209960938,162.86170956550862,160.21857182956228,161.10293319324816,15344300
2024-10-14,163.9149932861328,165.1769369826469,162.36486307226147,162.6033481425783,19016100
2024-10-15,164.41183471679688,166.61775729768382,163.58709086133464,164.7397308583214,20247200
2024-10-16,164.11373901367188,164.74968410008972,162.70273632699872,163.48772512033995,16406000
2024-10-17,161.89785766601562,165.3160682513299,161.7289364078274,164.68012315374543,21453400
2024-10-18,162.38475036621094,163.66658684818702,162.0469078679096,162.1562116364337,19757700
2024-10-21,163.03062438964844,163.45789306330104,161.58979800498344,161.91770927556843,20946500
2024-10-22,164.09388732910156,164.71990132110292,161.94756663835048,161.94756663835048,16568100
2024-10-23,161.7488250732422,164.76957586597575,160.9042035621243,163.71627798503206,18280500
2024-10-24,161.68917846679688,162.29531475497333,159.9900045566217,161.79848222899673,22412500
2024-10-25,164.22305297851562,164.5410179603954,162.38476628102538,162.63318258273335,19828900
2024-10-28,165.66384887695312,167.68098784367282,162.91139226813863,167.68098784367282,32138600
2024-10-29,168.60508728027344,169.30066498158368,166.03149830422933,166.66744336321563,42169000
2024-10-30,173.3548126220703,180.86691803166593,172.95733750175077,179.5353953312524,68890800
2024-10-31,170.02603149414062,175.69986574053596,169.91672772946706,172.03323918990733,44769000
2024-11-01,170.20489501953125,171.22838406204764,167.8101735573136,168.9926374988831,31796500
2024-11-04,168.1678924560547,169.64844379948434,166.9456734265419,168.8535086611848,21492700
2024-11-05,168.66473388671875,169.4497227111904,167.77042612333224,168.35668494331603,18242100
2024-11-06,175.39181518554688,175.81909904785277,172.40088879790804,172.69899134986846,33695500
2024-11-07,179.60498046875,179.93289179611503,176.067534869967,176.28614242154367,25352900
2024-11-08,177.22018432617188,179.7540183112244,176.95189049215537,179.50560202546419,22006200
2024-11-11,179.20751953125,179.40624953288767,177.33942415917616,177.44872793439595,17450400
2024-11-12,180.46946716308594,181.33396618962504,178.25359803223796,178.6808819487348,25134900
2024-11-13,177.74681091308594,179.81363605883408,177.40895326922643,179.31680352847516,23184000
2024-11-14,174.46771240234375,177.68719264307913,173.21569988978717,177.15060502189382,31007500
2024-11-15,171.39730834960938,173.03684979342893,170.135349355116,172.62944344024277,32504600
2024-11-18,174.18948364257812,174.32859614097288,171.80467846165004,172.3213885251699,20135300
2024-11-19,176.99160766601562,177.7368564274597,172.46049762237553,172.6194876637269,23434900
2024-11-20,174.86517333984375,176.5544009125721,172.67911323618793,176.21655843045156,18997100
2024-11-21,166.568115234375,173.02693953483558,162.66300281148182,172.7983856043942,59734400
2024-11-22,163.71624755859375,165.4054902668861,162.8616950123504,164.7993539822004,38604600
2024-11-25,166.58795166015625,167.56175439657423,164.56088148234778,165.0378364955745,33135300
2024-11-26,168.0486297607422,168.74420743105776,166.51839224272408,166.56807852805025,20486700
2024-11-27,168.15792846679688,168.40634472383195,166.9556022735371,167.92938975571963,19266500
2024-11-29,167.8797149658203,168.35666996658753,166.10106111500806,167.43256870496816,14257200
2024-12-02,170.40362548828125,170.98988423095403,167.50212535142776,167.70085532970873,23789100
2024-12-03,170.25457763671875,171.5860852555961,169.7676914327812,170.40363650165742,22248700
2024-12-04,173.26539611816406,173.80198381709815,169.97636673123043,170.06579296034354,31615100
2024-12-05,171.5463409423828,174.9446737388749,171.2383071896845,174.24911120663256,21356200
2024-12-06,173.60324096679688,173.97089221181594,170.77128929069295,170.9402105427862,21462400
2024-12-09,174.45875549316406,175.3441303590525,172.7476915668061,173.05609352730906,25389600
2024-12-10,184.20782470703125,185.3916437019826,180.10923775533584,181.8998876981403,54813000
2024-12-11,194.3846893310547,194.59360484337623,183.88951960925283,184.34712093414166,67894100
2024-12-12,190.96255493164062,194.16580938373951,190.71385396756912,193.9867519757691,34817500
2024-12-13,188.83367919921875,191.7285469445743,188.65460660803555,190.01748306194702,25143500
2024-12-16,195.6381378173828,197.96597529078676,191.6191215772895,191.8678225512729,44934900
2024-12-17,194.40457153320312,200.37339478634232,193.96685539925252,196.22506444695088,43504000
2024-12-18,187.4210662841797,195.976386699195,186.764507184961,194.2056368053088,34166100
2024-12-19,187.5304718017578,192.0269895380088,187.40115762090377,190.63427019379503,32265200
2024-12-20,190.41542053222656,191.88772607244653,184.25758188521124,184.8146696474835,63462900
2024-12-23,193.6186981201172,194.08625719212253,189.16196548395996,191.6191324608379,25675000
2024-12-24,195.0909881591797,195.0909881591797,192.7730933133359,193.82758299009262,10403300
2024-12-26,194.5836639404297,195.7276824419866,193.37000187433253,194.1359900072514,12046600
2024-12-27,191.75839233398438,194.3051030426647,189.65935551931798,193.9370152813754,18891400
2024-12-30,190.24630737304688,191.5494980812226,188.13731273783964,188.8137872976618,14264700
2024-12-31,188.31637573242188,190.96255767118524,187.53047217416017,190.0871254076539,17466900
2025-01-02,188.44569396972656,191.00234725825092,186.52572974438567,189.65935593229025,20370800
2025-01-03,190.79342651367188,192.20606135937345,188.99283394745663,190.37561071207793,18596200
2025-01-06,195.84703063964844,197.19002191956164,192.84273391814992,192.97204809761033,29563600
2025-01-07,194.4742431640625,199.95560784483914,193.5888681942183,196.08582081760926,26487200
2025-01-08,192.94224548339844,195.27008335377505,191.38041099378015,191.56942619496127,24864800
2025-01-10,191.04214477539062,195.49887742154428,189.32113818407666,193.29041142782185,26665200
2025-01-13,190.01748657226562,190.1866014129224,186.38645842630518,189.08238366148746,21823700
2025-01-14,188.6745147705078,190.98245196740993,187.33152340912505,190.24630678281764,17174900
2025-01-15,194.53390502929688,195.33969375687735,190.8630762218721,192.08668076451275,21776000
2025-01-16,191.9076385498047,194.4642768734046,191.8081520804567,193.13124318936406,17815400
2025-01-17,194.98158264160156,196.20518730281572,192.74327365719543,195.508827543568,27735100
2025-01-21,197.02093505859375,201.23889429991502,196.8418624454126,198.03563938794179,29971300
2025-01-22,197.33924865722656,199.43828553458843,196.5036170079127,198.02566579041408,26200600
2025-01-23,196.9512939453125,199.25924653814067,194.18574000771966,197.11046623023265,26951400
2025-01-24,199.16969299316406,199.85609492474924,196.9711697228321,197.07065618338206,23877500
2025-01-27,190.81332397460938,195.85698677854776,189.73893399543607,191.41021235620636,41728900
2025-01-28,194.2852020263672,194.4642594397363,189.6891977496922,191.7484490804529,24157900
2025-01-29,194.39463806152344,195.7674571519655,192.4249153665142,194.54385257803781,18218300
2025-01-30,199.82627868652344,200.35352360288593,196.64290885768258,196.97119600589963,24354700
2025-01-31,202.95989990234375,204.41230512426117,200.75143398674038,200.95039173473552,32001100
2025-02-03,200.18441772460938,202.69132821835683,199.06029945336385,199.64723020855905,27838300
2025-02-04,205.30764770507812,205.97416454187623,201.75619025433605,202.33317837712485,43856400
2025-02-05,190.33584594726562,191.74846576717462,187.05298980095407,190.0772023789456,70373900
2025-02-06,190.6044158935547,191.10181779809997,187.73937606593336,188.5153218226639,29297400
2025-02-07,184.37698364257812,190.18663579828956,182.28790419249637,190.05732159058567,49315000
2025-02-10,185.5010986328125,187.22210526115876,184.8942676002274,186.37653098919859,23105600
2025-02-11,184.3570556640625,185.96863303397024,183.32245116573748,184.06855404876913,21239500
2025-02-12,182.6559600830078,184.14816605879201,180.88521020610418,182.26798713648407,22072600
2025-02-13,185.17279052734375,185.3120624610406,182.18837893712364,183.36225538928474,21402500
2025-02-14,184.2675323486328,185.43145115453234,183.36227228593566,184.0984174978102,20448400
2025-02-18,182.8151397705078,184.9937630121433,180.79568881581937,184.6356329562648,29916700
2025-02-19,184.3073272705078,184.4963424448096,182.63604878465782,183.11356559747395,19549400
2025-02-20,183.60098266601562,184.34708549881282,181.77054735930005,183.8397410371311,20441500
2025-02-21,178.72645568847656,184.37693402859801,178.14946765861885,184.1879188764634,35199200
2025-02-24,178.318603515625,182.16848984705686,177.96047349552646,181.04437173412518,29854200
2025-02-25,174.50851440429688,177.81127094293745,173.7823117406095,177.11489600513676,41913400
2025-02-26,171.83248901367188,175.16508845335508,170.68847049649932,174.1603418876601,35431300
2025-02-27,167.6244659423828,173.65297546387492,167.06737815788244,173.08594510447406,39991000
2025-02-28,169.39520263671875,169.7234897370402,165.90344649975822,167.80351036476668,48130600
2025-03-03,166.1422119140625,172.46916601222185,165.0678217638651,171.03664581195866,40770500
2025-03-04,170.03189086914062,172.38957139478455,164.93849945595062,165.37621562667857,45388000
2025-03-05,172.12098693847656,172.87703249017144,168.18155654289944,169.6339770163835,30954900
2025-03-06,171.45445251464844,173.9016615264532,169.6140592892689,169.6439021909127,28302000
2025-03-07,172.95660400390625,174.06083692312112,169.38526170085638,170.37010783184354,27385800
2025-03-10,165.19815063476562,167.77767157580016,163.0269878624875,167.57846950382446,43604000
2025-03-11,163.3755645751953,166.0745946593306,160.71638098509786,164.24205105519363,39587400
2025-03-12,166.4331512451172,166.96100335852913,162.86764957538162,165.90529913170525,28372400
2025-03-13,162.10076904296875,165.45712989370372,161.4534078114044,165.36748287025196,31756200
2025-03-14,164.81971740722656,165.81566708355933,161.79202188086273,162.60870791000892,31995900
2025-03-17,163.62457275390625,165.62644141646544,163.0070887907617,164.36158101735924,31184300
2025-03-18,160.0192108154297,163.58471199332098,156.08521317066442,163.01701346080097,42074800
2025-03-19,163.22618103027344,165.19815700358515,160.3478872642785,161.10480349722013,34275600
2025-03-20,162.14060974121094,164.22214090970084,160.30806599087495,160.91559589904986,28138500
2025-03-21,163.3258056640625,163.5747931026154,160.23835534721192,160.55706656311347,36625800
2025-03-24,167.00083923339844,167.63826163368083,164.47113366947016,166.3933245024789,30879100
2025-03-25,169.86917114257812,169.93889491315255,167.63825363596857,168.29556886017417,24174400
2025-03-26,164.3914337158203,168.92300730211159,164.17232359449744,168.31547745607713,28901600
2025-03-27,161.58287048339844,164.74998295425303,161.3438371056606,163.96318944763343,24508300
2025-03-28,153.70489501953125,161.16456257842086,153.00773337780885,159.8399478606563,48669300
2025-03-31,154.01365661621094,154.91000524190235,150.04978117819655,152.489854834344,54603500
2025-04-01,156.43380737304688,157.45963422172338,152.99776917438965,152.99776917438965,30672900
2025-04-02,156.4039306640625,157.7683920561543,154.07341206604673,154.52158638151343,25041700
2025-04-03,150.1095428466797,152.16119683607278,149.78087761580798,150.49796262916686,46883400
2025-04-04,145.01028442382812,150.4581305746649,144.7911742710094,147.41051168463707,62259500
2025-04-07,146.15562438964844,152.23092388429916,139.96081578919706,140.97668877946376,76794100
2025-04-08,144.11390686035156,151.62337549950988,142.45067281990836,150.60750263275938,52200200
2025-04-09,158.06716918945312,158.90376321404577,143.32711193141117,143.8350407612742,70406200
2025-04-10,152.20103454589844,157.0811818078422,149.322725435418,155.90595330498695,48022000
2025-04-11,156.5035400390625,157.03139218045564,152.2010451058409,152.28070771093053,33636200
2025-04-14,158.42572021484375,161.06498074344722,156.92182649738766,159.35194610703772,30333000
2025-04-15,155.6768798828125,159.0033479067655,154.5813444386225,158.4854650554691,27551500
2025-04-16,152.70895385742188,155.25858239966342,150.89631829246227,152.47988970477897,28187400
2025-04-17,150.54774475097656,154.0534763910807,147.8985151753075,153.66505665607545,33046600
2025-04-21,147.07186889648438,148.34668311054725,145.50823599827558,148.27697454416065,26049100
2025-04-22,150.8564910888672,151.5735760354548,147.93835078181212,148.2869392297591,26971800
2025-04-23,154.7207794189453,156.89194229421238,153.1870084950911,154.97972084901838,31128800
2025-04-24,158.63485717773438,158.94359913409957,155.15898746904153,155.51752994672043,45894000
2025-04-25,161.3040008544922,165.4272315126956,160.3877138664607,164.40140465983956,56034000
2025-04-28,159.95947265625,162.48917806099573,157.9576193461597,161.7720931027873,29745800
2025-04-29,159.51129150390625,160.088944095257,156.88198516909392,159.6706470871033,26809000
2025-04-30,158.15679931640625,158.62489684356424,154.7705615625615,157.34011335090173,34981100
2025-05-01,160.6466827392578,161.29404393761732,158.26636366652554,159.80011945187778,30203200
2025-05-02,163.36563110351562,164.3018262703875,161.21437606436152,162.7481471411051,25715000
2025-05-05,163.54489135742188,164.72010459701127,162.06092097475153,162.3397856484502,21341800
2025-05-06,162.56886291503906,164.13251121588542,160.5371322432176,161.51315867988768,21277200
2025-05-07,150.766845703125,164.33167352764482,147.24117583349363,163.41540177767422,127490100
2025-05-08,153.65509033203125,155.2984009569833,152.2806751349548,154.37217520033343,57498700
2025-05-09,152.1313018798828,154.42198900650553,151.58352655875794,153.5455484927057,32435300
2025-05-12,157.8181915283203,158.45559870977985,155.61713606908535,156.85211913184455,44138800
2025-05-13,158.88385009765625,159.9196462677562,155.52750456311006,158.14684186881533,42382100
2025-05-14,164.7001953125,166.32359816964652,158.9635305710967,159.3121190412647,48755900
2025-05-15,163.29591369628906,165.53680044166376,161.71234217984835,165.1682887318073,33146700
2025-05-16,165.51687622070312,168.66408078965867,164.94917762065725,167.0506320085185,42846900
2025-05-19,165.86544799804688,165.96504904182535,163.55485271284547,163.84367142462605,30426100
2025-05-20,163.31582641601562,167.817523283891,162.24019892385144,165.75590012466307,46607700
2025-05-21,167.87725830078125,172.4387091879809,162.89751041479707,163.02698872286769,73416000
2025-05-22,170.17791748046875,176.05402972868134,170.01857708088951,171.15395911169207,74864400
2025-05-23,167.78762817382812,169.2715985296926,167.2099755896054,168.3752347830085,35211400
2025-05-27,172.19969177246094,172.46860243837372,169.3114438097941,169.47079940418584,37995700
2025-05-28,171.66188049316406,174.56009759174123,171.21370619473115,172.45864324425892,34784000
2025-05-29,171.16390991210938,173.71353862116436,169.93889608019336,173.29524158580244,29317300
2025-05-30,171.04441833496094,171.51251594088006,166.7618313004814,170.65599853398413,52639900
2025-06-02,168.34535217285156,169.1819461523069,166.71199550949316,167.1601697701311,38612300
2025-06-03,165.5069122314453,167.79759955842107,164.61056358901342,166.81161909114326,45084900
2025-06-04,167.3693389892578,167.5386486033552,165.68618167672102,166.0646474005772,26900800
2025-06-05,167.5286865234375,170.23765541573877,166.9111874462575,169.6500488073603,36379100
2025-06-06,172.9765167236328,173.79320267833577,170.13806952300837,170.13806952300837,35731800
2025-06-09,175.58908081054688,175.96800471005412,173.87397240224888,174.04348698482235,28935900
2025-06-10,178.09194946289062,180.5948038838724,174.41244383100403,175.6987675223273,61766100
2025-06-11,176.8455047607422,179.8569029175766,176.24720547354727,179.2586188457646,31646800
2025-06-12,175.2001953125,176.2172980493167,174.25290075490625,175.6788256293735,20941900
2025-06-13,174.17312622070312,176.6261351195968,171.8996131999643,171.9494740114175,27663100
2025-06-16,176.2671661376953,176.43668073159893,174.15318632141427,174.23296058008373,27389200
2025-06-17,175.44947814941406,176.85547082344988,174.08338020939252,175.20018931566514,24973000
2025-06-18,172.82696533203125,176.057738792968,172.70729634857923,175.50930033034524,28707500
2025-06-20,166.1659698486328,173.8440631360939,164.98933381824614,173.45517315134433,75659900
2025-06-23,164.7200927734375,166.86397066469698,161.53916480969883,165.79702236468145,57671000
2025-06-24,166.29559326171875,167.7414654003419,165.65741447979076,166.44516047022438,40524300
2025-06-25,170.1944580078125,171.86968681108624,167.0733722889804,167.15314653822034,35479000
2025-06-26,173.0463409423828,173.19592338119924,169.4565906415466,171.9394978428303,31796700
2025-06-27,178.0221405029297,178.17170771682706,171.241481190895,173.046329910377,108140200
2025-06-30,175.72869873046875,180.71447592478233,174.08339834249907,180.265759020371,63378900
2025-07-01,175.33981323242188,175.58910209855603,173.03638654380393,175.24010681519917,35904500
2025-07-02,178.1318359375,178.35121133766924,174.57199915363273,175.04064818266679,29128900
2025-07-03,179.01930236816406,179.15890351135596,176.54636131074304,177.9922335542414,21689700
2025-07-07,176.28709411621094,178.78996387462078,175.18025102838192,178.5506411042797,34175600
2025-07-08,173.864013671875,177.44379785510552,172.3184197808512,177.3440914457585,40442500
2025-07-09,176.11756896972656,178.92955429499338,172.27853009035698,174.75147104078385,43025600
2025-07-10,177.1147003173828,177.9223935883656,173.88392723345177,175.13037122333398,29252400
2025-07-11,179.67742919921875,180.91389212460822,175.97797606848104,176.2870917998284,34282900
2025-07-14,181.0435333251953,183.147531843333,179.1688762904421,180.4950948080724,32536600
2025-07-15,181.48226928710938,183.69595532751242,181.08341324296114,182.28996266650833,33448300
2025-07-16,182.4495086669922,183.80564050002502,181.51218023918355,182.71874486155866,33104200
2025-07-17,183.05780029296875,183.53643065116097,179.96661229566942,181.62189400300738,31992600
2025-07-18,184.53355407714844,185.88968586946515,183.1874035754976,184.8725832213821,34014500
2025-07-21,189.55923461914062,189.74868135121883,185.62045888710102,185.720180506412,45803100
2025-07-22,190.79571533203125,191.1048310792618,186.92676263021804,190.95526385169356,44660200
2025-07-23,189.6888427734375,191.9823029377756,188.64182669674165,190.95523422678895,58681900
2025-07-24,191.62335205078125,197.3869090653604,190.45668205461735,196.46952792005337,74881700
2025-07-25,192.63046264648438,193.77720042486192,190.71592620592727,191.43387927305906,39785900
2025-07-28,192.0321807861328,193.49800038051387,190.29712498462092,193.0991291078416,38139500
2025-07-29,195.19314575195312,195.36266032343974,191.53358770597436,191.88258292419434,41389200
2025-07-30,195.970947265625,197.0379108346005,194.13618500265545,195.04360005779435,32445400
2025-07-31,191.35411071777344,195.43248777249184,190.54641729704366,195.15328548422434,51329200
2025-08-01,188.5919952392578,190.2871562824159,187.28572417197353,188.49227361862017,34832200
2025-08-04,194.48516845703125,194.71452513752175,189.579166069655,189.7486806495505,31547400
2025-08-05,194.11622619628906,197.2971541323202,193.33844625639603,194.1561209300893,31602300
2025-08-06,195.53219604492188,196.0706684741306,193.11908183595835,193.94672263242092,21562900
2025-08-07,195.96096801757812,196.9780554903085,193.77719542929833,196.49942519635405,26321800
2025-08-08,200.84703063964844,202.03364795164893,196.60912036272285,196.65898117376335,39161800
2025-08-11,200.42822265625,200.90685295750995,198.50372015999918,200.36839577051538,25832400
2025-08-12,202.76156616210938,203.9182700251912,200.01938893683175,200.7971688962253,30397900
2025-08-13,201.385498046875,203.94817934449617,196.94814463612107,203.5493232968563,28342900
2025-08-14,202.36270141601562,203.85843438375156,200.65755913802832,200.92679533252792,25230400
2025-08-15,203.31997680664062,205.85276000380134,200.7074345682602,203.2701312097242,34931400
2025-08-18,202.92111206054688,204.68608127587706,201.91399064284568,203.61911775674488,18526600
2025-08-19,200.99661254882812,202.86128819689205,199.39119181596234,202.45245084896237,24240200
2025-08-20,198.75302124023438,200.70743729977306,196.04075734034146,200.15899878777563,28955500
2025-08-21,199.18177795410156,201.9040077554449,198.86268094385764,199.18177795410156,19774600
2025-08-22,205.50372314453125,207.94675047969133,200.72735616103287,202.1532808743346,42827000
2025-08-25,207.8969268798828,209.92115104730735,204.69605147341804,205.84277405344866,29928900
2025-08-26,206.55076599121094,207.25875300984708,205.11485980130033,206.91970861500775,28464100
2025-08-27,206.88978576660156,208.31572581537765,205.0649896678173,205.11485047791405,23022900
2025-08-28,211.0379638671875,211.6163158130296,206.31144189175058,206.66045236066026,32339300
2025-08-29,212.30435180664062,214.03939239893296,209.60205408045064,209.91116980825524,39728400
2025-09-02,210.74879455566406,211.0778424398192,205.61343524607918,207.84706876322787,47523000
2025-09-03,230.00384521484375,230.6519900738744,224.1505332557257,225.5665071716633,103336100
2025-09-04,231.6392059326172,231.70899889966293,225.46681147970435,228.99673495380736,51684200
2025-09-05,234.3314971923828,235.08932974831836,231.24030965390477,231.53945928914177,46588900
2025-09-08,233.5829620361328,237.66498669397225,233.21368944217105,235.01017746372742,32474700
2025-09-09,239.1620635986328,240.00041962038168,232.77455216251747,233.71271899928072,38061000
2025-09-10,238.70294189453125,241.1880848518513,237.38552753776509,238.4334648921733,35141100
2025-09-11,239.90060424804688,241.77693788592924,235.78865459463688,239.41157085914617,30599300
2025-09-12,240.32977294921875,241.60727216892423,237.53523769524105,239.90060472674395,26771600
2025-09-15,251.11865234375,251.91709313601174,244.18222746714693,244.18222746714693,58383800
2025-09-16,250.66952514648438,252.54584342751238,248.98282303107263,251.58772669443232,34109700
2025-09-17,249.04270935058594,251.10867430438276,245.7990560449756,250.7294115061419,34108000
2025-09-18,251.53782653808594,253.4940056881638,249.312185617516,251.18850393768201,31239500
2025-09-19,254.2225799560547,255.50007913340238,251.3182589953225,252.75544937708653,55571400
2025-09-22,252.036865234375,255.28051872493555,249.81122418035432,253.93314887572123,32290500
2025-09-23,251.16856384277344,253.8632882566711,249.9908602190898,252.54585863312587,26628000
2025-09-24,246.65736389160156,251.8571960720408,245.9587339554844,251.1685411246573,28201000
2025-09-25,245.3100128173828,246.0086580355356,240.26988667693965,243.92272782855147,31020400
2025-09-26,246.0585479736328,248.93292875938775,245.4896689933639,246.58752699597628,18503200
2025-09-29,243.57342529296875,250.6595513653868,242.2959260790964,247.36600774683615,32505800
2025-09-30,242.62527465820312,242.81489082935371,238.7827869377237,242.33583244883135,34724300
2025-10-01,244.4217529296875,245.81902814560354,238.1440427490887,240.2798631456683,31658200
2025-10-02,245.210205078125,246.32801300536266,241.82682587144092,244.6712510924991,25483300
2025-10-03,244.87088012695312,245.8190218960462,241.18808361984188,244.01255894852343,30249600
2025-10-06,249.9409637451172,250.82924041118625,244.1023965111835,244.30200291397747,28894700
2025-10-07,245.28005981445312,249.95092835197497,245.04053824724073,247.78516788414848,23181300
2025-10-08,244.14230346679688,245.52958847857047,243.3438778825467,244.4816510919942,21307100
2025-10-09,241.05833435058594,244.28202248032238,238.68297718710045,243.99259549865826,27892100
2025-10-10,236.10804748535156,243.6133519117745,235.37946202105573,240.95854254659665,33180300
2025-10-13,243.67320251464844,244.02252510434914,239.24188601676218,239.74090958548274,24995000
2025-10-14,244.97067260742188,246.63740953871613,240.0403171957297,240.75891236992726,22111600
2025-10-15,250.53977966308594,251.61767243328853,245.5096286311317,246.76716258187247,27007700
2025-10-16,250.9689483642578,256.4581925767255,249.61160360230107,251.27834055068328,27997200
2025-10-17,252.80535888671875,253.72356048353365,247.32607427452788,250.27031046967195,29671600
2025-10-20,256.0489807128906,256.8274562611235,253.73351927504157,254.19262765863593,22350200
2025-10-21,249.9709014892578,254.38226816359625,243.6732110393333,254.24254216862593,47312100
2025-10-22,251.19851684570312,255.8593804848901,248.8031942886971,253.873276187685,35029400
2025-10-23,252.58578491210938,254.54194887812838,251.35819113136333,252.48597410141812,19901400
2025-10-24,259.4124450683594,261.16898745224296,254.82142179583195,256.07894057309267,28655100
2025-10-27,268.7441711425781,269.61249783187736,263.76392512831256,264.30287916974333,35235200
2025-10-28,266.94769287109375,270.20133657580493,265.9795858431389,269.1633589320839,29738600
2025-10-29,274.0338134765625,274.80229881772505,267.14729422835535,267.22712459889897,43580300
2025-10-30,280.93035888671875,291.02060225143094,279.51311834988803,291.02060225143094,74876000
2025-10-31,280.6408996582031,285.44150434001006,276.48901957648127,282.6569440736325,39267900
2025-11-03,283.16595458984375,284.97241759660864,279.25359613963377,281.62895336390585,29786000
2025-11-04,276.9980163574219,280.7207127582489,275.72051721535576,276.20955057551157,30078400
2025-11-05,283.7547912597656,285.86068664735006,276.79840119805726,278.32541216487215,31010300
2025-11-06,284.1939392089844,287.78691520805194,280.59100344938025,284.77279318145315,37173600
2025-11-07,278.2854919433594,283.225837847663,274.65261591386644,282.6569436244069,34479600
2025-11-10,289.5334777832031,290.2320924976737,282.30759586857965,283.8645774088431,29557300
2025-11-11,290.7411193847656,291.34994399814246,286.75892091303916,287.18807388729897,19842100
2025-11-12,286.1501159667969,291.43978461940384,283.13602426355726,291.1104119733703,24829900
2025-11-13,278.0260314941406,282.2876823136169,276.69861158680555,281.7886586854728,29494000
2025-11-14,275.8702392578125,278.0160347166159,270.17139808707816,270.88000309409097,31647200
2025-11-17,284.4634094238281,293.3759943011471,283.01625922074476,285.2219350622342,52670200
2025-11-18,283.724853515625,288.236015842567,277.65674001133203,287.3577599014325,49158700
2025-11-19,292.23822021484375,303.21674024205015,286.0702953640207,286.59925920155763,68198900
2025-11-20,288.884765625,305.8216273232207,288.1062900504894,303.94529376978943,62025200
2025-11-21,299.0748596191406,303.3265508927851,293.2762072031069,295.8411960915725,74137700
2025-11-24,317.9578552246094,318.85612204740676,308.9954110970811,310.52242205466104,85165100
2025-11-25,322.8083801269531,328.187838552192,317.0296784660599,325.5729598317621,88632100
2025-11-26,319.3252258300781,323.86632857763385,316.1713929045335,320.053780820363,51373400
2025-11-28,319.5547790527344,326.2117679837596,316.1714145243143,322.73855239479167,26018600
2025-12-01,314.2751159667969,319.2254218425781,313.27706870792247,317.0796263275952,41183000
2025-12-02,315.1932678222656,317.75825630619534,313.29698432996054,316.1214443613123,35854700
2025-12-03,319.00579833984375,320.95197190330543,313.48659911430565,315.2731119453438,41838300
2025-12-04,316.999755859375,321.73048997615604,314.0854750084747,321.6007694211511,31240900
2025-12-05,320.642578125,322.528901747787,318.5467035992101,318.8660555204289,28851700
2025-12-08,313.31219482421875,320.0234606774875,310.81544458829893,319.63395301128804,33909400
2025-12-09,316.66778564453125,317.57660631064704,311.4945269093235,311.96391713296777,30194000
2025-12-10,319.7937316894531,320.8923078304596,314.27092168020465,315.4194206321133,33428900
2025-12-11,312.0238342285156,320.7025396818571,308.19882663213485,319.6638831462354,42353700
2025-12-12,308.887939453125,314.46067218572114,305.1627773855729,313.29221022339095,35940200
2025-12-15,307.8193054199219,311.01515750934647,304.4836511834585,310.9152814169449,29151900
2025-12-16,306.1714782714844,310.3660001485481,302.1966411442108,304.55358908476643,30585000
2025-12-17,296.3342590332031,307.6894729197007,295.7350329501308,307.60959033164653,43930400
2025-12-18,302.0668029785156,303.56485302569047,298.8410213827925,301.32777470817274,33518000
2025-12-19,306.7607116699219,306.85059101726483,300.5787559089981,301.33777770154796,59943200
2025-12-22,309.3772888183594,309.7268399185022,304.90310178792384,309.47716491524386,26429900
2025-12-23,313.94134521484375,314.5305745464577,308.91788552805923,309.2274800840275,25478700
2025-12-24,313.68170166015625,314.67040497756983,311.51453957359615,314.3608103937755,10097400
2025-12-26,313.1024475097656,314.6803801033015,311.87403553475036,314.0711877312235,10899000
2025-12-29,313.1523742675781,313.61176774066803,310.2161937852231,310.96521879647884,19621800
2025-12-30,313.4420166015625,316.5379928503015,312.0538089034933,312.09376543928346,17380900
2025-12-31,312.5931091308594,314.17104176667254,311.03513952358344,312.4433102220648,16377700
