Date,Close,High,Low,Open,Volume
2018-01-02,179.8406982421875,179.99930903816085,176.00439226107548,176.13325029759054,18151900
2018-01-03,183.0624237060547,183.1714667479119,179.751502436514,180.2967176457999,16886600
2018-01-04,182.72537231445312,184.58901137891618,182.4973787457023,183.29040248500226,13880900
2018-01-05,185.2234344482422,185.2729870861427,183.3201351725939,183.97439335322562,13574500
2018-01-08,186.6409912109375,187.25558917125224,184.70796929869047,185.57039096893325,17994700
2018-01-09,186.23455810546875,187.15647017887486,185.47127196380572,187.05733464377002,12393100
2018-01-10,186.20486450195312,186.25443228122683,184.01411084210392,185.31270497887687,10529900
2018-01-11,186.1354522705078,186.7599577874975,185.7488478548627,186.7599577874975,9588600
2018-01-12,177.8085479736328,179.9001806600527,175.85569595771645,176.50995417264406,77551300
2018-01-16,176.83709716796875,180.16784864759262,176.49013790148217,179.920024921805,36183800
2018-01-17,176.05398559570312,177.7590140851603,174.26965169674097,177.69952368356135,27992400
2018-01-18,178.23480224609375,179.40452281144417,175.53847926804798,176.57934179925704,23304900
2018-01-19,179.71185302734375,180.78245337771955,178.60160753478826,179.2756959595258,26826500
2018-01-22,183.75631713867188,183.7761472704693,178.83950327001827,179.2261076472953,21059500
2018-01-23,187.70169067382812,187.89994662368082,183.93476712278948,184.4304145604009,25678800
2018-01-24,184.9260711669922,189.000293911204,184.89633352933782,188.2369925841679,24334500
2018-01-25,185.8479461669922,186.9780216418481,184.97561702255004,186.3138559363235,17377700
2018-01-26,188.3460235595703,188.3460235595703,185.18379053333774,186.11561012268066,17759200
2018-01-29,184.36102294921875,187.19612699413045,184.0140788066284,187.10691408254664,20453200
2018-01-30,185.4910888671875,186.54185899582595,180.25705323045165,185.98673629586293,20858600
2018-01-31,185.26307678222656,188.17748579191672,183.60761635090384,186.73018878931038,43275100
2018-02-01,191.4091033935547,193.6197016200102,186.2543736178571,186.58150270687463,54211300
2018-02-02,188.62356567382812,192.51936194511623,188.32617422071368,190.36823900563112,26677500
2018-02-05,179.6820831298828,188.95069520574518,179.0377475849117,185.30272261578048,33128200
2018-02-06,183.6968536376953,184.15285594249758,176.1927591862232,177.0155357600023,37758500
2018-02-07,178.6114959716797,183.4688497349977,178.3835023950745,182.54693767366223,27601900
2018-02-08,170.0863800048828,180.25706018855595,169.98724446493733,179.43428361007963,38478300
2018-02-09,174.5769500732422,175.36006640958556,165.72467851601013,173.2386958723722,39887600
2018-02-12,174.87432861328125,176.00440414043877,170.34410387550926,175.51866421721985,32092100
2018-02-13,171.6427001953125,174.43815898111436,171.59314755272283,174.09119972723084,21809400
2018-02-14,177.95724487304688,178.24471370662351,171.70217717051534,171.9400782394179,28929700
2018-02-15,178.39341735839844,178.9287098904608,175.30056732283978,178.9287098904608,20922100
2018-02-16,175.81607055664062,178.3141380320879,174.76530034402083,177.43188614357126,20645300
2018-02-20,174.477783203125,176.40089743498226,173.58562398003704,174.23988214414553,21204900
2018-02-21,176.3612518310547,179.69200278151916,174.86438708449148,175.17170116145113,23200800
2018-02-22,177.43186950683594,178.6412504261423,175.86562183878408,177.14438553164598,18464200
2018-02-23,181.69444274902344,181.79357829332676,177.94734908895566,178.333953510202,19007300
2018-02-26,183.32015991210938,184.04381608499364,181.62505409148218,182.97321577019545,17599700
2018-02-27,179.88035583496094,183.09214121299286,179.88035583496094,182.8443175201962,15849800
2018-02-28,176.76771545410156,181.28801781951887,176.58927450496145,180.71306495711616,18783000
2018-03-01,174.40841674804688,178.55202192302252,172.89173685137314,177.45168404445934,23201600
2018-03-02,175.08248901367188,175.56822892843414,171.48409904629506,171.78147539619158,20025900
2018-03-05,178.82958984375,179.57306100184647,174.35885539174205,174.66615438360174,16189300
2018-03-06,178.21499633789062,180.79236913443495,177.55083056841832,180.1975861426294,15086800
2018-03-07,182.1107940673828,182.21983711221935,176.51989139549858,177.18405716824475,19097300
2018-03-08,180.75270080566406,182.7947657933089,179.8704489869449,181.9620817426893,17225900
2018-03-09,183.61752319335938,183.89508451462225,181.61511867938526,182.3090219825425,18526300
2018-03-12,183.15164184570312,184.4799885187979,182.61634925054545,183.61755166276623,15301200
2018-03-13,180.29672241210938,184.3709450823562,179.53342109893052,183.99424817762588,18067500
2018-03-14,182.5866241455078,182.64609942394532,180.26699753067993,181.0104687630705,16821700
2018-03-15,182.25946044921875,182.3982411145937,180.60399996726105,181.64486252055227,15614300
2018-03-16,183.47874450683594,183.71666069588863,181.81337656134033,182.88397672314082,24403400
2018-03-19,171.05784606933594,175.6277161779473,168.57960881143305,175.46910536321113,88140100
2018-03-20,166.68624877929688,168.71840656155632,160.54022278311524,166.0121754374141,129851800
2018-03-21,167.91546630859375,171.89055397573145,161.87848314205962,163.3654257028392,106598800
2018-03-22,163.4546356201172,168.7878076803372,162.294822259155,164.68384689310116,73743000
2018-03-23,158.0024871826172,165.149729781003,157.6357129246028,163.99982411279248,53609700
2018-03-26,158.66664123535156,159.69759628468182,147.7227534389627,159.420034954314,126116600
2018-03-27,150.89491271972656,161.43238247494358,149.4377079889614,154.94930527971079,79117000
2018-03-28,151.69784545898438,154.52304175315547,149.48726224034175,150.32985376379096,60029200
2018-03-29,158.39901733398438,160.01483298287022,152.7982067779469,153.79940925693478,59434300
2018-04-02,154.0373077392578,157.81413873690323,152.76845152813178,156.4362394861042,36796000
2018-04-03,154.75103759765625,156.01989377884564,149.4971719367533,155.18720974605736,42543900
2018-04-04,153.74984741210938,154.2058346026059,149.19979225519137,150.7065647617034,49885600
2018-04-05,157.9529266357422,160.1635251660286,155.28634091939514,160.15360253635782,41449600
2018-04-06,155.83154296875,160.01480832701012,155.44493859326903,156.35692801425085,41644800
2018-04-09,156.55517578125,159.1325482338901,154.6816292708015,156.4461478774586,34915200
2018-04-10,163.6033172607422,164.5351369644708,155.6432197611317,156.5552093299407,57889300
2018-04-11,164.87216186523438,167.18186548698537,161.82887950474625,163.9205121817908,56144600
2018-04-12,162.44349670410156,165.99233439844414,161.68021049227764,165.52642456735143,38263000
2018-04-13,163.0878448486328,164.25756559646135,162.34437365692347,163.14732012381594,19990600
2018-04-16,163.3951416015625,164.33686873955153,161.96767451300823,164.27739346518842,18119400
2018-04-17,167.19180297851562,167.52883961733787,164.21791825158064,164.38643657099175,22743000
2018-04-18,164.9118194580078,166.65649302914,164.32695909975985,165.42729703905403,20969600
2018-04-19,166.63668823242188,166.8646818371402,163.7619237830923,164.75321873955892,22235000
2018-04-20,164.83251953125,166.9637975775333,164.36660970469242,166.3293694282149,19119400
2018-04-23,164.39634704589844,166.98362741013062,163.6528758507278,165.81390665685637,23088100
2018-04-24,158.2998809814453,164.65408475932338,156.81293866920322,163.98990388234432,35079900
2018-04-25,158.2998809814453,159.65795011965272,154.8303489195471,158.74596064992605,41083600
2018-04-26,172.6439208984375,174.73555371199632,169.31316947793533,171.71210128586256,77556900
2018-04-27,172.07887268066406,175.55832735149198,171.09750044096126,175.2708433689428,29804700
2018-04-30,170.50271606445312,174.19033415685408,170.2152472102316,172.2771272099344,20750500
2018-05-01,172.34652709960938,172.5051379094044,168.7481218729266,170.50271803213053,26025900
2018-05-02,174.53729248046875,176.52978969481686,172.6835608149028,172.73312858287306,30424500
2018-05-03,172.50514221191406,174.58685242004674,170.62167283203053,173.60548015262694,24026100
2018-05-04,175.07261657714844,175.43939089945704,171.5535161809069,171.5733463168582,17677800
2018-05-07,176.42074584960938,177.93742576162336,175.62770694358582,175.80614788227166,18697200
2018-05-08,177.36248779296875,177.48143834475272,175.5682463824124,176.69832200224107,15577200
2018-05-09,181.0699005126953,181.4168445954964,177.22367208811235,178.10592380008598,23282800
2018-05-10,183.91494750976562,184.50973051930407,180.91132507611303,181.55566073147946,21071400
2018-05-11,185.36224365234375,186.68066771899814,182.5766922045635,183.24087311580786,21207800
2018-05-14,185.01527404785156,186.22465500008715,184.5791018846244,186.07596681987758,15646700
2018-05-15,182.71548461914062,183.6770267635761,181.6052240370376,183.2706073472122,15429400
2018-05-16,181.60520935058594,182.715469842902,181.06991679922325,182.1008567642753,16975500
2018-05-17,182.16036987304688,182.4577614082279,180.6337821771949,181.08976942197225,14840700
2018-05-18,181.08973693847656,182.58660185086396,181.02035416409177,181.89269847722036,13130500
2018-05-21,182.8839874267578,183.68693381361263,181.53582586180445,182.17025394378493,13532900
2018-05-22,182.1999969482422,183.80588976928098,181.83320756709747,183.3201498461213,12731400
2018-05-23,185.2730255126953,185.2829481430997,180.594112002042,180.9113336557627,16628100
2018-05-24,184.31146240234375,185.17389929266875,183.41930299961913,184.26190975571723,12354700
2018-05-25,183.3102569580078,184.70798644195935,182.84434713002395,184.4006874332807,10965100
2018-05-29,184.1231231689453,185.1838008637145,182.1107956992606,182.73530121077513,16398900
2018-05-30,186.03631591796875,186.36344505685395,183.63738402543723,184.91614781747936,13736900
2018-05-31,190.11053466796875,191.04235429390687,185.8479635737623,186.23456797963453,30782600
2018-06-01,192.30130004882812,192.8564227638772,190.39801568610582,191.38931057039616,17307200
2018-06-04,191.59747314453125,192.29137653515178,189.8032318323698,190.1700060975636,18939800
2018-06-05,191.26043701171875,193.30250204910965,190.94321538892117,192.60859865668937,15544300
2018-06-06,189.67434692382812,190.8539901778862,187.46376371404816,189.3670479502752,22558900
2018-06-07,186.54185485839844,189.30757591960182,185.14414063626342,189.08948984574496,21503200
2018-06-08,187.45387268066406,187.83055445910182,184.80710197213114,185.8975324185664,12677100
2018-06-11,189.8726043701172,190.92338959177852,187.1564662267254,187.16637372964308,12928900
2018-06-12,190.7251434326172,191.59748783396952,189.89245930003216,190.49714982806762,11562700
2018-06-13,190.73504638671875,192.80684900024443,190.2393989599829,191.0621755034795,15853800
2018-06-14,195.0967559814453,195.56266581633162,191.23071174085732,191.41906020082757,19120900
2018-06-15,194.1450958251953,195.3544767111733,192.9456224420354,194.08560543041142,21860900
2018-06-18,196.5836944580078,197.84264324995695,192.44008892561553,193.10425471126862,16826000
2018-06-19,195.77084350585938,196.23675333859273,192.103040120348,194.53172482858133,19994000
2018-06-20,200.2415771484375,201.7780873250161,197.07934388123675,197.36682788332428,28230900
2018-06-21,199.7459259033203,201.61947269261083,198.34819643922546,200.99495205419396,19045700
2018-06-22,199.98382568359375,200.47947310165225,197.5749713663308,199.4088728635308,17420200
2018-06-25,194.6407470703125,198.258967170796,191.42894635680042,198.258967170796,25275100
2018-06-26,197.26763916015625,197.3667746774534,194.52174869135266,195.87983267373363,17897600
2018-06-27,194.13519287109375,199.0024545426921,194.09554772984515,197.44611426289367,18734400
2018-06-28,194.52178955078125,195.62212746969882,191.5776425549196,193.4809269043523,18172400
2018-06-29,192.62844848632812,195.87989482267386,192.2715816871701,195.6023334373244,15811600
2018-07-02,195.64195251464844,195.7311654210613,190.54669758251922,191.68668061146298,13961600
2018-07-03,191.05226135253906,193.69901691364683,190.84409789460955,192.85642532638016,13489500
2018-07-05,196.72247314453125,196.92072910262948,192.34095142893256,193.04477747503526,19684200
2018-07-06,201.46083068847656,201.86726517201907,195.97897185265293,196.72244292578586,19740100
2018-07-09,202.9577178955078,204.00848804152199,200.3605150406485,203.14605121571313,18149400
2018-07-10,201.76815795898438,203.12624226213603,200.49930169285776,202.71980772155925,13190100
2018-07-11,200.77687072753906,202.71981546763925,199.99375437944363,200.45966421186662,12927400
2018-07-12,205.11871337890625,205.27732417340758,201.42118809709686,201.65908916289092,15454700
2018-07-13,205.51524353027344,206.61556622843278,204.6528067756139,206.0009682977222,11486800
2018-07-16,205.426025390625,206.90306014708625,205.03942100819003,205.69367923260577,11078200
2018-07-17,208.16200256347656,208.62791233417767,203.0568252172297,203.1163004856667,15349900
2018-07-18,207.5375213623047,209.15333704916534,206.62553177936556,207.99352371675488,15334900
2018-07-19,206.278564453125,208.16203395139533,205.95143530143656,206.95265289095713,11350400
2018-07-20,208.11245727539062,209.65887492561032,206.68499017489245,207.03194944619355,16163900
2018-07-23,209.07400512695312,209.7778160156813,206.98237234156252,208.7468760040104,16732000
2018-07-24,212.80126953125,214.3179494837015,210.74929700038717,213.23744169749008,28468700
2018-07-25,215.6066436767578,216.71688913952175,212.40476534156258,213.8421399408823,58954200
2018-07-26,174.7256317138672,178.56195322047824,172.23748698747983,173.36756255605715,169803700
2018-07-27,173.3675537109375,178.36367304186427,171.4940070710951,178.304197771704,60073700
2018-07-30,169.57090759277344,173.77400352364938,165.11008042652668,173.77400352364938,65280800
2018-07-31,171.0776824951172,172.72323572512056,168.52013973577664,169.18430553020826,40356500
2018-08-01,170.15576171875,173.55591105496342,169.41229055168418,172.41591285655338,34042100
2018-08-02,174.83465576171875,175.2509977548073,168.78776667052847,169.19418603518955,32400000
2018-08-03,176.23240661621094,177.2930994227068,174.61659108428015,176.143193705186,24763400
2018-08-06,184.07354736328125,184.17266777499256,176.8271842627591,177.4120446075218,49716200
2018-08-07,182.2099151611328,186.6608347566333,182.1207022493779,184.87650089173556,33398600
2018-08-08,183.56797790527344,185.22345365929073,182.16034099625344,183.14172836898882,22205200
2018-08-09,181.4961700439453,184.94588700479872,180.8914795817807,184.23215350434344,19732100
2018-08-10,178.69081115722656,180.5148052478118,177.8581270811096,180.4553148486952,21500400
2018-08-13,178.48263549804688,181.02034781896825,177.34263737862955,178.5322032642752,17423300
2018-08-14,179.53341674804688,180.40576108482483,177.0650870456417,179.13690484548934,19102000
2018-08-15,177.96717834472656,179.29550992645753,173.25852740680355,177.778829887056,33020200
2018-08-16,173.17919921875,178.92871210664836,172.49520338389536,178.84940670722017,31351800
2018-08-17,172.28704833984375,174.68598006708459,170.54235971933474,172.9809517112012,24893200
2018-08-20,170.9983673095703,173.0503549777457,169.42221207590367,172.52495477389732,21518000
2018-08-21,171.1173095703125,172.65381958969067,169.89802115858143,171.3056580091081,19578500
2018-08-22,172.12843322753906,172.72321617437234,170.63158348348546,170.71088888479383,16894100
2018-08-23,171.3948974609375,174.02183825603416,171.32551467724244,171.58324592890594,18053600
2018-08-24,173.129638671875,173.29817210641073,171.41470282486748,172.18791159408283,14631600
2018-08-27,175.9152069091797,177.11466531741482,174.25973104663964,174.4580021356349,17921900
2018-08-28,174.7256317138672,176.68840648504852,174.29938217199907,176.54962580560777,15910700
2018-08-29,174.36878967285156,175.25104164424107,173.22880643908778,174.76531676030635,18494100
2018-08-30,176.0936279296875,178.2249059445459,174.1705133762454,174.36876933386665,24216500
2018-08-31,174.20025634765625,176.0738031875716,173.45678513934126,175.60789335361738,18065200
2018-09-04,169.67001342773438,172.37624386614695,167.33055720735305,171.98963951780232,29809000
2018-09-05,165.72470092773438,169.64032851686028,165.21914589230568,168.01460522293573,31226700
2018-09-06,161.1151580810547,165.52641733879844,158.6071832066759,165.52641733879844,41514800
2018-09-07,161.62071228027344,163.19688265178635,158.7657932814878,158.91448146466843,24300600
2018-09-10,162.7508087158203,163.57358539547653,160.7484036711241,162.0866428691979,20197700
2018-09-11,164.4954833984375,165.73460206315278,162.29480743982631,162.51289353489304,20457100
2018-09-12,160.5897674560547,163.0580971048912,160.39151150907855,161.8288860321045,24078100
2018-09-13,159.9553680419922,161.89831297317417,159.45972052266598,160.58979626169125,25453800
2018-09-14,160.90701293945312,161.4224754528582,158.9442379331596,160.3122298843409,21770400
2018-09-17,159.18214416503906,160.64925644912427,158.37919767933,160.51047576179135,21005300
2018-09-18,158.904541015625,160.35182278505212,157.486981750712,158.00245922213097,22465200
2018-09-19,161.64051818847656,162.01721503069191,158.0916811974823,158.6864640929847,19629000
2018-09-20,164.5747528076172,165.0010022745769,163.03824297428736,163.06798060565865,18936000
2018-09-21,161.5116729736328,165.79407425981805,161.39272242433654,165.18938375762875,45994800
2018-09-24,163.97010803222656,164.25757692408968,159.47954293469786,159.6282311329096,19222800
2018-09-25,163.47445678710938,164.1485301048222,159.7471780271793,160.579877295948,27622800
2018-09-26,165.49667358398438,167.8262225515981,162.78053535259377,162.8697482596192,25252200
2018-09-27,167.3702392578125,170.27474138807148,165.75443874088646,166.09147540076444,27266900
2018-09-28,163.02838134765625,167.3206753602773,161.14491178372222,166.86468813363433,34265600
2018-10-01,161.0259246826172,164.43598110783617,159.8561889898001,161.61078496604685,26407700
2018-10-02,157.94300842285156,160.86732517104096,157.28875019925482,160.17342180932874,36031000
2018-10-03,161.01602172851562,162.23532533395408,158.1412725977874,158.60718240618235,23109500
2018-10-04,157.46719360351562,160.05447377741564,155.98025132256063,160.05447377741564,25739600
2018-10-05,155.96044921875,159.4993646179227,154.84028099214524,157.8240887194457,25744000
2018-10-08,155.88111877441406,156.9616265557203,153.04601483268362,154.18599788621452,24046000
2018-10-09,156.5254364013672,159.19202172332666,156.04961915229816,156.31727297250595,18844400
2018-10-10,150.06222534179688,156.31729367976462,149.99282743901162,155.45487196546546,30610000
2018-10-11,152.01510620117188,153.46238854393675,147.86157740585128,148.82313484120553,35338900
2018-10-12,152.4016571044922,155.52422945092417,149.98289554521895,155.36561866403082,25293500
2018-10-15,152.18357849121094,154.21573581046638,151.22202134686995,151.9853225608841,15433500
2018-10-16,157.39781188964844,158.0719003251682,153.6606256705908,154.04723009835809,19180100
2018-10-17,158.0322265625,159.09291933521772,156.57502189165865,158.1710072394392,17592000
2018-10-18,153.57138061523438,157.27882841979354,151.94565783280964,157.1301251319511,21675100
2018-10-19,152.70896911621094,155.98024502748095,152.21332170922938,154.50321030933083,19761300
2018-10-22,153.43263244628906,155.9703451195602,153.1154259251105,153.4128023118527,15424700
2018-10-23,153.04600524902344,153.42270211747018,149.53682827387723,149.90360251360167,19095000
2018-10-24,144.76869201660156,153.3037412080965,144.33253499208868,152.9369669569993,27744600
2018-10-25,149.63595581054688,150.884997012413,145.72034414609865,146.4439851572699,22105700
2018-10-26,144.10452270507812,147.70292773104728,142.54819770790712,144.55061747348904,31303300
2018-10-29,140.85308837890625,147.5344214345099,137.8197284122067,147.20729230316547,31336800
2018-10-30,144.9471435546875,145.3634856035084,138.52355674637076,138.72181270400546,50528300
2018-10-31,150.4686279296875,155.0384974683667,147.6632770144559,153.65069082740558,60101300
2018-11-01,150.42898559570312,151.42028039369788,148.04988413089902,150.20099202743262,25640800
2018-11-02,149.04119873046875,152.78829235465014,147.66329938322704,150.4785733533387,24708700
2018-11-05,147.38572692871094,148.88259199421714,146.15653086279244,148.79337907832831,15971200
2018-11-06,148.63473510742188,149.65576747522903,146.7116208997984,148.01021458355558,16667100
2018-11-07,150.21090698242188,151.67801912097306,148.52570876741538,150.25056724684592,21877400
2018-11-08,146.58277893066406,149.6260616775448,145.46262592652752,149.17998197671446,24145800
2018-11-09,143.69810485839844,146.47371827479716,142.8158530669091,145.47251594430753,17326900
2018-11-12,140.31776428222656,143.77737301763042,139.2669943467988,143.22225041974076,18542100
2018-11-13,140.9224853515625,143.61880866548017,140.3871776398214,140.76387453875333,15141700
2018-11-14,142.96453857421875,144.3127001195929,140.31778324911562,142.44906103823376,22068400
2018-11-15,142.59776306152344,143.57913523312448,139.60404852960136,141.0909907299261,30320300
2018-11-16,138.3153839111328,140.5358900564823,136.5707102350472,139.84198661292328,37250600
2018-11-19,130.40484619140625,136.55087150244032,130.06780955803708,136.41209082246715,44362700
2018-11-20,131.27716064453125,132.99211150709772,125.74574151200677,125.92417487518362,41939500
2018-11-21,133.64639282226562,135.99575702053914,132.9623968845504,133.23003563116546,25469700
2018-11-23,130.583251953125,133.32914262004758,130.11734221493376,132.48653604009556,11886100
2018-11-26,135.19281005859375,135.80740808700128,131.62414218986498,131.84222828884066,24263600
2018-11-27,133.82481384277344,135.4207992647516,132.54605005480934,134.56828503078884,20750300
2018-11-28,135.56944274902344,135.5991803766615,130.7021978054809,135.0936255808593,29847500
2018-11-29,137.47274780273438,138.77135662285056,134.47904856729994,134.73677975533016,24238700
2018-11-30,139.385986328125,139.7428531223414,136.16427767582408,137.0564370983846,25732600
2018-12-03,139.8617706298828,142.42922036511973,139.53464155198645,141.75514720530225,24819200
2018-12-04,136.7293243408203,142.14180218121453,135.96603801312014,139.50495361471576,30307400
2018-12-06,138.41452026367188,138.4839030454518,132.50639563988096,132.65509895962774,28218100
2018-12-07,136.22372436523438,139.64368826859913,135.47034579153484,138.03779559462697,21195500
2018-12-10,140.6151885986328,141.80473946175877,137.79989956721752,138.3847750580367,26422200
2018-12-11,140.8431854248047,142.6275193234303,139.87172062898193,142.6275193234303,20300300
2018-12-12,143.24209594726562,145.90868133003582,141.2694138864532,141.83445917244896,23696900
2018-12-13,143.7476806640625,144.58037994913093,141.94353165266327,144.30281856276181,18148600
2018-12-14,142.8059539794922,144.73897618669832,141.26944371829097,142.09222037591434,21785800
2018-12-17,138.9696044921875,143.65842412310644,137.21500866217326,141.83444553054878,24334000
2018-12-18,142.409423828125,144.65965227927774,138.61276268293932,139.85188126324957,24709100
2018-12-19,132.08013916015625,143.64854893654393,131.34657548193047,139.98076079733482,57404900
2018-12-20,132.2387237548828,134.3898468384208,128.8683273964364,129.56223074953317,40297900
2018-12-21,123.86229705810547,133.7256784733201,122.3456170426725,132.22882859152864,56901500
2018-12-24,122.98003387451172,128.610596359982,121.94908634639599,122.02839174770781,22066000
2018-12-26,133.01194763183594,133.0714380339725,124.79411924435239,124.90316229266219,39723400
2018-12-27,133.34901428222656,133.81492416552734,128.54122724219155,131.28711876433331,31202500
2018-12-28,132.0404510498047,134.73677384459586,131.04915634954196,134.16182110332866,22627600
2018-12-31,129.94886779785156,133.46796834054877,128.81879201698715,133.27961985607763,24625300
2019-01-02,134.4988555908203,136.31292667935668,127.440842274426,127.86710685444321,28146200
2019-01-03,130.5931854248047,135.97590905312902,129.9785723489049,133.51750212740563,22717900
2019-01-04,136.74913024902344,136.79869801987482,132.58569463882793,132.8434258709111,29002100
2019-01-07,136.8482666015625,137.66112056969328,134.72689607981036,136.36252664587698,20089300
2019-01-08,141.28927612304688,141.8939666822929,138.32529860707675,138.6722579098755,26263800
2019-01-09,142.97445678710938,143.44036659235024,140.04023240299622,141.70560054652648,22205900
2019-01-10,142.94473266601562,143.30159946279355,139.61398093807526,141.83448713202247,16125000
2019-01-11,142.54823303222656,144.09465090978452,141.32894434045392,141.9038821659359,12908000
2019-01-14,144.12435913085938,145.29409493148682,140.04022914681872,140.76387015955348,20520300
2019-01-15,147.6533660888672,149.36830195811237,144.71914177942702,144.73895678589847,24069000
2019-01-16,146.25564575195312,148.34727863691265,145.72035315090284,147.70294298969063,18025700
2019-01-17,147.00904846191406,147.7029519222627,145.2247144739026,145.6707941894152,15787900
2019-01-18,148.73388671875,151.10308102949585,147.25686693303894,148.4464178404582,31029600
2019-01-22,146.28538513183594,150.2109041829542,145.09581923662802,147.9011854169663,22378700
2019-01-23,143.04385375976562,147.50468070575025,141.81464266708224,146.98920313450117,20098400
2019-01-24,144.560546875,145.16523741000162,141.27936295387815,143.3809034439345,20955500
2019-01-25,147.71282958984375,148.5256985691738,145.2643302753653,146.196149787882,22237200
2019-01-28,146.18624877929688,147.6632835111283,144.93722274747904,146.7612015918361,15508500
2019-01-29,142.934814453125,146.81078115325562,142.18142064639198,146.80085852361344,17632100
2019-01-30,149.11056518554688,149.63595023069124,144.4316524195393,144.94712996181704,44613200
2019-01-31,165.23892211914062,170.18547317581243,163.56363159357448,164.15841448611584,77233600
2019-02-01,164.26748657226562,167.62797571991626,164.21791880145875,164.39634462521155,30806500
2019-02-04,167.7766571044922,167.82622487328953,162.19566213421007,164.25755728331245,20036000
2019-02-05,169.67001342773438,170.48286725909293,167.2215141795657,167.67750129507093,22557000
2019-02-06,169.00587463378906,170.96863432011753,167.79649363363717,169.7096855492788,13281200
2019-02-07,164.931640625,167.76674447768966,163.81147261341835,166.7357893716431,17517600
2019-02-08,165.8733673095703,165.91301244772862,162.78053225061998,163.03826346354623,12561400
2019-02-11,164.34678649902344,166.8349465555215,163.64297554052686,166.43841949175643,12811200
2019-02-12,163.6033172607422,166.8745937282717,163.06802462560077,165.40748138940162,16292300
2019-02-13,162.64175415039062,164.77303203865117,162.30470240389937,163.94034799052733,14205100
2019-02-14,162.52279663085938,163.43478612823927,160.83759831774523,161.7694179484916,12755200
2019-02-15,161.0854034423828,163.26624895610345,159.4596805911411,163.07790052577138,15504400
2019-02-19,160.8772430419922,162.72105216534464,158.93431350398367,159.1028318222628,14345400
2019-02-20,161.14488220214844,162.29478781418132,159.8462884187141,160.8375832306131,11770700
2019-02-21,158.64683532714844,160.8276962929608,158.20075562994512,160.52038215617063,15607800
2019-02-22,160.48072814941406,160.99620572431036,158.91448041773808,159.18213427165955,15858500
2019-02-25,163.18695068359375,164.6243402932276,161.48192235955088,161.6504557921238,18737100
2019-02-26,162.7012176513672,164.79285024952887,162.37408855770687,162.90938108535957,13784100
2019-02-27,161.39273071289062,162.50297623256728,159.0136288490233,161.4819436294445,12697500
2019-02-28,160.0445556640625,162.07671319723192,159.45969531394803,160.9565451403324,11114200
2019-03-01,160.86732482910156,161.7099314903632,160.28246450589862,161.1845464371865,11097800
2019-03-04,165.9130096435547,166.0418828108191,162.40383262643738,162.4732153985315,18894700
2019-03-05,169.76913452148438,170.383747556052,165.10014468976811,165.91299852445002,28187900
2019-03-06,171.00827026367188,172.0590555174548,169.77907432212362,171.39487465270062,21531700
2019-03-07,167.65771484375,170.24499519282546,166.15094232842895,170.00707896641893,18306500
2019-03-08,168.12362670898438,168.14344171695552,164.52522126142048,164.75321486077115,13184800
2019-03-11,170.57212829589844,172.7827117860263,170.08638832793187,170.10621846208326,18884000
2019-03-12,170.42343139648438,172.28707080192572,169.72952793465865,170.59194972821626,12155300
2019-03-13,171.86080932617188,172.51506765646533,170.62169057605306,170.8199616768411,11973300
2019-03-14,168.68861389160156,169.66007844279778,166.69611703001456,168.28217944254524,18037400
2019-03-15,164.53512573242188,166.12120364657443,161.095331167797,165.7048615974504,37135400
2019-03-18,159.07308959960938,162.47322375608724,157.89344627970175,162.1461097585963,37524200
2019-03-19,160.1634979248047,162.39391108315573,159.42002687202103,160.0742699027431,25611500
2019-03-20,163.99981689453125,164.67389010942523,159.8363816895949,160.0941128965911,20211500
2019-03-21,164.63426208496094,164.94156108992567,162.32454310685958,163.45461871032083,16223000
2019-03-22,162.90940856933594,165.96259883263585,162.66158483165862,164.20800253461144,16389200
2019-03-25,164.8424072265625,165.09023092895288,160.5897591489653,161.5810539585268,12631200
2019-03-26,166.22032165527344,167.97491786442606,164.9019127484539,165.89320764895325,15437900
2019-03-27,164.42608642578125,167.4693691440519,163.35548607827695,166.38886129251935,10620300
2019-03-28,164.10887145996094,165.26868466187196,161.90819560219353,163.13740670660943,10443000
2019-03-29,165.23892211914062,165.734569487606,163.37528317340448,164.94153067286993,13455500
2019-04-01,167.23147583007812,167.42973181953326,165.8238386411955,166.36905395666895,10381500
2019-04-02,172.68353271484375,173.3774359756342,168.07401843691892,168.65887867630252,23946500
2019-04-03,172.02931213378906,176.41084894957973,171.4444517667529,172.98096190340783,27391100
2019-04-04,174.48773193359375,176.45049159357944,174.0019919889176,174.48773193359375,17847700
2019-04-05,174.19033813476562,175.45919437554022,173.57574014731654,175.34024382982997,9594100
2019-04-08,173.40719604492188,173.9722413542248,172.71329269434176,173.68477251111253,7297400
2019-04-09,176.0341339111328,177.63011915787962,174.0218066599249,174.09118943102257,19751000
2019-04-10,176.27206420898438,177.23360633426717,175.00319283671809,176.62891584767104,11701500
2019-04-11,175.96475219726562,176.8470040529445,175.45919724377316,176.68840836472478,8071000
2019-04-12,177.5409393310547,178.0663244673695,176.4009410133073,176.4505087881591,12329800
2019-04-15,178.0861053466797,178.92871197979335,175.33030700382656,176.94612237336904,10834800
2019-04-16,177.31289672851562,178.6015829987426,176.74786655580616,177.4417698933258,11215200
2019-04-17,177.2237091064453,179.16665385460973,176.80736704454446,178.036578222033,9973700
2019-04-18,176.7280731201172,177.32285617632473,175.79625339084072,177.24355076043295,11655600
2019-04-22,179.8605194091797,180.0885129633047,176.69828677961848,176.69828677961848,13389900
2019-04-23,182.18017578125,182.61634795804838,179.90019448268743,181.1492357391482,19954800
2019-04-24,180.9906463623047,183.52835919048474,180.06873412924585,182.8840234785971,37289900
2019-04-25,191.57763671875,196.7521970310547,190.44756119801445,195.26525476029954,54148800
2019-04-26,189.82305908203125,191.22077334549448,187.4439423312348,190.82426145000804,22075000
2019-04-29,193.0844268798828,193.70894753134465,188.9903739442293,189.2877654509235,19641300
2019-04-30,191.7164306640625,195.67170282342383,190.6061851986811,192.4995621180769,23494700
2019-05-01,191.3496551513672,194.4722280655926,191.32982501791042,193.08442124281683,15996600
2019-05-02,190.85401916503906,192.31122397949665,188.09822036138914,191.3199290105302,13209500
2019-05-03,193.7683868408203,194.45238264146778,192.0237135185275,192.68787918882006,14575400
2019-05-06,192.19224548339844,192.5887573629574,188.89123190151273,189.5752277508168,13994900
2019-05-07,188.11802673339844,191.2207693086788,186.2147424485166,190.86390255989102,16253000
2019-05-08,187.8900146484375,189.05975040851527,186.90864245139556,187.74132647493377,12505700
2019-05-09,187.0077667236328,188.1180272372568,184.63857264576686,185.57039222153955,12967000
2019-05-10,186.7004852294922,188.3460384588898,182.98312920727724,186.61127231518952,12578500
2019-05-13,179.95965576171875,183.81579202350136,179.26575240984758,181.90260027291666,16833300
2019-05-14,179.1566925048828,181.892675643155,176.5495976479088,180.9311185439734,17628100
2019-05-15,184.64849853515625,185.6497009023566,178.45290563573982,178.84941753091877,16746900
2019-05-16,185.36224365234375,186.93839895440448,183.4391290758097,183.4391290758097,12953100
2019-05-17,183.68695068359375,185.94710187859604,182.67582563552642,183.2309483674975,10485400
2019-05-20,181.12937927246094,182.62622891070967,179.79112529965988,180.29669530651955,10352000
2019-05-21,183.2111358642578,184.08346511529646,182.28922371566398,182.96331213224315,7502800
2019-05-22,183.70677185058594,185.11440874536711,182.0116509740916,183.12189638384365,9213800
2019-05-23,179.29550170898438,182.29912401217322,178.10595086753645,180.83201181191941,12768800
2019-05-24,179.4838409423828,182.03147593642154,179.2558473649186,180.742789621871,8807700
2019-05-28,182.7055206298828,183.10204757871378,179.87041723105634,179.95963012230965,14843300
2019-05-29,180.60400390625,182.9533677663223,179.77131989583935,181.90259768757196,12797700
2019-05-30,181.41688537597656,181.8827952177458,179.31534489886306,181.48628328371103,8581500
2019-05-31,175.92510986328125,178.968377388357,175.61781085963088,178.71064615567346,15226500
2019-06-03,162.72105407714844,173.52617771495474,159.60838865233333,173.47660994406445,56059600
2019-06-04,166.04188537597656,166.81509413959097,159.43985812423,162.28488459513008,46044300
2019-06-05,166.70603942871094,167.25125457665985,163.1968626031123,166.02204361818937,19758300
2019-06-06,166.86465454101562,168.22272356891128,165.77422421689334,166.83491690726305,12446400
2019-06-07,171.8409881591797,172.35645065006608,167.37023818833885,168.68866230633674,16917300
2019-06-10,173.29818725585938,176.311717193424,172.28706219004877,173.2287893501652,14767900
2019-06-11,176.5496368408203,178.41326106323015,175.25102774907594,176.92631863658414,15266600
2019-06-12,173.51626586914062,177.70945450651269,171.37508021762997,176.82720258328982,17699800
2019-06-13,175.92510986328125,176.48023259580583,173.0900057999222,174.001995307064,12253600
2019-06-14,179.7515106201172,180.2570655866755,178.43308655435038,178.9386415209087,16773700
2019-06-17,187.36463928222656,187.85037921736884,182.80469192297429,183.39945977368052,29459900
2019-06-18,186.82936096191406,192.8366059556519,185.6497175479434,192.31122084075142,37571400
2019-06-19,185.8479461669922,186.46255923293725,182.94345964316256,185.37212889493662,21417100
2019-06-20,187.88014221191406,189.49595792004132,186.00659524629057,189.2877793123225,14635700
2019-06-21,189.47608947753906,190.3286036196236,187.1068954854373,187.1068954854373,22751200
2019-06-24,190.9233856201172,192.2913621662736,189.9023531803661,190.7449446896004,15509000
2019-06-25,187.1961212158203,191.458692218337,186.4923103226598,191.200960995286,16750300
2019-06-26,186.0264129638672,189.09941821704652,185.67945368281707,187.89003717436265,12808600
2019-06-27,187.8503875732422,197.1487387746946,186.6310990553971,188.22708448361715,11159000
2019-06-28,191.3199005126953,191.51815645176546,188.28654077964222,188.89123122567923,16378900
2019-07-01,191.3199005126953,193.58005149520383,190.25920779343423,193.51066872321064,14181800
2019-07-02,193.302490234375,193.302490234375,191.03243174807002,191.3199005909455,9050000
2019-07-03,195.4833221435547,195.68157806883858,192.46979275174988,192.46979275174988,10246100
2019-07-05,194.69029235839844,195.35447318418,192.47970919320042,194.4722062926704,11164100
2019-07-08,194.05587768554688,194.96786714791654,191.9543374081715,193.49084747695187,9723900
2019-07-09,197.4758758544922,197.7236995947651,193.19347436211507,193.27277977411768,14698600
2019-07-10,200.9652099609375,201.19321867762923,197.93185000038574,198.25897913106715,20571700
2019-07-11,199.47825622558594,202.02589122238965,198.46714638045125,201.49058353876885,13678500
2019-07-12,203.08656311035156,203.51282774462422,197.42627820949053,197.941740620574,15366300
2019-07-15,202.1349334716797,203.5425703225195,200.06313089638468,202.47197008541062,16030300
2019-07-16,202.0655517578125,203.68136730888554,201.33200320163752,202.11511952873352,12132700
2019-07-17,200.0432891845703,202.58100139557666,199.83511062581152,202.40256047007514,12083700
2019-07-18,199.0321807861328,200.70747151973183,197.64437403247877,198.4076601840089,11937900
2019-07-19,196.63323974609375,200.56868136446843,196.34577090569522,200.41997806691737,12098300
2019-07-22,200.5587615966797,200.80658528481754,197.0793073346111,198.16973761280076,13589000
2019-07-23,200.59844970703125,202.46208908139556,199.21064280652215,201.07426705492568,14583700
2019-07-24,202.87840270996094,203.02709088347058,195.50316678471034,195.90960129358152,32532500
2019-07-25,198.96279907226562,206.84359022630701,196.53411455148293,204.90064563487275,39889900
2019-07-26,198.01113891601562,201.11389652131422,194.54160707017806,198.44731105393143,24434000
2019-07-29,194.23431396484375,197.8921943558041,193.59988587033834,197.26767376438386,16530800
2019-07-30,195.3247528076172,196.9802287062787,191.81557529485497,193.6891221694407,11903600
2019-07-31,192.53919982910156,197.02976441427577,191.00268974372446,195.23552310608397,14593500
2019-08-01,191.05226135253906,196.74229950931516,189.21837486781064,192.4797284250376,17777000
2019-08-02,187.37454223632812,190.9431943437172,186.43281522712647,189.43643717937772,15297000
2019-08-05,180.14801025390625,184.0537144133837,177.7788161490501,183.08224968810975,23086700
2019-08-06,182.90380859375,184.17266480045308,181.496171712125,182.09095467662416,18035700
2019-08-07,183.5382537841797,184.74763483221585,179.6424718944931,182.0017587137703,15833200
2019-08-08,188.50466918945312,188.68309503690398,182.44785586582583,184.99547626329996,14828900
2019-08-09,186.2147674560547,189.317510448015,185.4911112322452,188.34604560594815,11058800
2019-08-12,183.75631713867188,185.95699286346687,182.85425034233126,185.22344437250766,10930900
2019-08-13,186.8095245361328,189.71402651548019,183.75633436925915,183.9050376827455,13577000
2019-08-14,178.1456298828125,184.37096123001126,177.74910280995707,184.18261276115007,18903700
2019-08-15,181.00051879882812,181.60520924822666,178.4628064623224,179.37479588788173,12925900
2019-08-16,182.10086059570312,183.48868245880848,180.77252912929748,182.15042836330673,12654600
2019-08-19,184.54934692382812,185.86777079310215,183.24084568294282,184.39073612918813,9691200
2019-08-20,182.2099151611328,184.38085343626173,180.80227820270235,183.83563821004856,10083400
2019-08-21,181.95220947265625,184.2817437648346,181.54577487188075,183.38958427012153,8398200
2019-08-22,180.45529174804688,182.50727916503908,178.34384419146897,181.83319086164633,10821400
2019-08-23,176.20266723632812,181.53583860114406,175.12215943315425,179.2657648255648,17323400
2019-08-26,178.7899627685547,178.92874346038303,176.68842225630812,177.8383129346168,8773600
2019-08-27,179.7217559814453,182.4378941392219,179.43427200976495,180.34626143965681,14399600
2019-08-28,180.17774963378906,180.36609807872819,177.36247584090782,178.95846118228755,9386100
2019-08-29,183.95457458496094,184.46012946367452,181.87284955316147,182.1702410042696,10128700
2019-08-30,184.05372619628906,185.17389429750483,181.86297289106756,185.15406416381285,10774500
2019-09-03,180.8022918701172,184.05373821373573,180.5247304841469,182.39827740242686,9779400
2019-09-04,185.51092529296875,186.11561578150497,182.28921689728358,183.04259556908295,11308000
2019-09-05,189.23818969726562,189.69419200509188,186.30396527407314,186.88882563279574,13876700
2019-09-06,185.85789489746094,188.5542183610433,184.72781926389777,188.5542183610433,15226800
2019-09-09,187.11680603027344,187.33489210220984,184.23214958049422,186.09577356891612,14722400
2019-09-10,184.54934692382812,186.46255371002326,182.94345422448225,185.80829552660163,15455900
2019-09-11,186.8491668701172,187.7908939279725,184.46014271342045,184.836839586946,11761700
2019-09-12,185.8380584716797,189.26793039867314,185.6001422473146,188.2072527077104,11419800
2019-09-13,185.56048583984375,186.33369461463457,184.916135110212,185.6992665141406,11441100
2019-09-16,184.59896850585938,186.15529389486642,184.15288875109746,185.3027795325818,8444800
2019-09-17,186.44273376464844,186.68064996960592,183.92483642154767,185.03509691872384,9671100
2019-09-18,186.50218200683594,187.4340014337667,184.39071948095904,186.45261424724154,9681900
2019-09-19,188.4848175048828,189.4364672937098,186.51213514758413,187.0177052428198,10392700
2019-09-20,188.27664184570312,191.41906013557502,186.48240041347879,189.00029804702226,19934200
2019-09-23,185.1937255859375,188.4451717375327,183.59774014788326,187.6917779121405,13327600
2019-09-24,179.701904296875,186.40305110896094,178.81965260766577,186.3435758463558,18546600
2019-09-25,181.2086944580078,181.82329240046013,176.32160317476445,179.87044041290727,18068300
2019-09-26,178.54212951660156,179.8208933142129,176.12336747985688,179.7515105349739,16083300
2019-09-27,175.55836486816406,179.18649336832792,174.1308975315922,178.91885458719258,14656200
2019-09-30,176.52981567382812,177.11467609445455,175.31052705731037,176.32163706810007,10740000
2019-10-01,174.27957153320312,178.27448917320316,173.3576744436468,177.59049320303617,17073000
2019-10-02,173.08009338378906,174.9932852559371,171.5832284232583,173.3179944761418,16151700
2019-10-03,177.8184814453125,178.27446862221802,172.11853585227658,174.04165035077614,16086300
2019-10-04,178.87916564941406,179.40455074799638,176.54963165829395,177.98700626999957,10430200
2019-10-07,178.11585998535156,179.6028023321276,176.5397047279993,178.43308161312447,9178300
2019-10-08,176.20266723632812,178.79985501576326,176.17292959961395,176.70822218642866,9466900
2019-10-09,178.2843780517578,179.1467996981967,176.39100132993687,177.6003822110821,7556900
2019-10-10,178.46282958984375,180.029077434309,177.6103153232604,178.75031359741428,8605000
2019-10-11,182.5866241455078,184.8666056166977,180.55446641844813,180.5643739228674,14930500
2019-10-14,181.6845245361328,183.0128560461247,180.98071364132852,182.59651401131947,7006000
2019-10-15,187.24569702148438,188.7227318991108,182.06122881995552,182.20000950385625,15039100
2019-10-16,187.8999481201172,188.048636302201,185.27300760428005,186.68065964915132,10516900
2019-10-17,188.73265075683594,189.1787304729266,187.12675772852518,188.64343783881,9603000
2019-10-18,184.23214721679688,189.82304936224855,182.31894036043929,188.57400821610014,16874200
2019-10-21,188.1081085205078,188.2568118261365,185.12431641612076,185.4117852721347,8122600
2019-10-22,180.75270080566406,188.99035865677462,179.92001675504446,188.34602304935783,19537600
2019-10-23,184.52952575683594,184.75753445744107,180.41565828049383,180.4255657834059,12300400
2019-10-24,184.757568359375,185.10451253646298,181.20873041700207,183.01287946535933,11413500
2019-10-25,186.25437927246094,187.354717104941,183.47875080867757,184.21231440565035,8061200
2019-10-28,187.751220703125,187.88009386168886,183.46883522345317,185.57037526549857,13657900
2019-10-29,187.6620330810547,190.85400383481056,186.82934900423825,190.02131975799415,13574900
2019-10-30,186.6112518310547,188.7920974328394,184.36100833067871,187.90984563878274,28734600
2019-10-31,189.981689453125,196.36563196742242,186.61129234821664,194.9877324589734,42286500
2019-11-01,191.93450927734375,192.42024921250243,188.25681375358042,191.17122311261366,21711800
2019-11-04,193.02493286132812,195.6518581424761,192.1228509247985,192.85641455328835,16371300
2019-11-05,192.62844848632812,194.04599305250838,191.91471488801213,193.66929611840797,9942000
2019-11-06,189.8825225830078,192.67796606260498,189.6842666475544,192.34092945973836,10973000
2019-11-07,188.7623748779297,191.7560897403017,187.82064773896667,190.23940973863412,13473000
2019-11-08,189.17872619628906,190.6656686336176,188.0486505489578,188.34604206161563,10760800
2019-11-11,187.95944213867188,188.42535199028035,186.8987492474897,188.27664866740642,8631200
2019-11-12,192.77711486816406,193.3619752121112,188.08829436129892,188.3460255825402,17615500
2019-11-13,191.50827026367188,193.9964150967424,191.06219056962595,193.00512016510245,10860700
2019-11-14,191.46859741210938,192.3409417349273,189.78339916426867,191.25051133140488,9040500
2019-11-15,193.40164184570312,193.5998978013367,191.69661340052664,192.56894263050637,11524300
2019-11-18,195.68161010742188,196.9009137431693,191.36948630414045,192.86633617996145,16167200
2019-11-19,197.5848846435547,198.25895783974997,195.1462928067042,195.68158533744997,19056800
2019-11-20,195.79066467285156,197.85256003181706,193.72876931388606,196.85135755442803,12355400
2019-11-21,196.2069854736328,197.3568911478763,195.14630783301592,195.7014305375585,12131000
2019-11-22,197.08924865722656,197.5650659483158,195.89968274056503,196.65307650457854,9959800
2019-11-25,198.05079650878906,199.22053232730747,197.51550393147346,197.78315778311097,15272300
2019-11-26,197.23794555664062,198.4076662668738,196.31603344305245,198.25897808369487,11735500
2019-11-27,200.2415771484375,201.37165277087047,197.68403439746598,198.15985173165873,12736600
2019-11-29,199.8847198486328,202.02592064301706,199.45847026623022,199.8450747047195,7985200
2019-12-02,197.96157836914062,200.41998536000102,196.32594791826912,200.37043271830595,11503400
2019-12-03,197.08924865722656,197.1982765694296,193.3818004856772,195.8798677343239,11595300
2019-12-04,196.98020935058594,198.28871070735886,196.32595110921986,198.25897307147488,8456300
2019-12-05,197.62452697753906,199.5377186331052,196.4845440365078,198.12017436511053,9740400
2019-12-06,199.29983520507812,199.81531276903877,198.31844784549213,198.7546200053081,12270600
2019-12-09,199.58731079101562,201.3716446295494,198.46715784384807,198.90331489241436,11954800
2019-12-10,199.1214141845703,200.29115010527653,198.407680601825,199.90454567511955,9475700
2019-12-11,200.49928283691406,200.8660722022871,198.53652334826828,198.53652334826828,8036800
2019-12-12,195.03726196289062,201.88711301453668,192.41033665773847,200.58851917968943,23734800
2019-12-13,192.4202423095703,195.08682785364928,191.48842273830536,194.69030084143077,18798000
2019-12-16,196.19708251953125,197.38663336055586,193.114154811215,193.57015711535357,14911500
2019-12-17,196.66297912597656,197.2676695724178,194.42265827366506,197.10905877067222,10175700
2019-12-18,200.73721313476562,202.52154694337764,198.34818884451172,198.34818884451172,23274400
2019-12-19,204.26622009277344,204.50413630878322,200.74712025150424,201.0147741037703,16514600
2019-12-20,204.50413513183594,205.90186453167533,201.6591085633621,205.67385582041007,27306900
2019-12-23,204.3851318359375,206.77415566804075,203.88948449115043,204.90060930978387,13348900
2019-12-24,203.3343963623047,204.98985695947684,203.21544581969275,204.50413215983875,6046300
2019-12-26,205.9811553955078,206.0109081576368,203.52274834107865,203.78049468916097,9350700
2019-12-27,206.28848266601562,207.11124415378163,204.7916176288916,206.85351291522508,10284200
2019-12-30,202.63059997558594,206.09020959561857,202.12502988140977,206.05056445389897,10524300
2019-12-31,203.46327209472656,203.77057108431418,201.8276416093914,202.22415350706075,8953500
2020-01-02,207.95384216308594,207.96374966670473,204.47440252196083,204.95021983697868,12077100
2020-01-03,206.853515625,208.56845165508497,205.14848709907997,205.40623346697336,11188400
2020-01-06,210.74929809570312,210.9277239141144,204.7222233942496,204.90064921266088,17058900
2020-01-07,211.20529174804688,212.71206425110722,209.9066978321433,210.9673906495363,14912400
2020-01-08,213.3464813232422,214.35760631734092,210.7592011294325,211.14580552041744,13475000
2020-01-09,216.39967346191406,216.4789788667449,214.39725358632398,215.6462796790009,12642800
2020-01-10,216.16175842285156,217.96592235915483,215.52733030671448,217.291833977407,12119400
2020-01-13,219.97825622558594,220.0377314997937,217.30176300451834,217.68836741282854,14463400
2020-01-14,217.153076171875,220.44418277007725,216.72682659039995,219.68088139924777,13288900
2020-01-15,219.22483825683594,219.75022328905106,218.2236359574362,218.689545721998,10036500
2020-01-16,219.83946228027344,220.69197645305633,218.47147055219048,220.6325011824369,10015300
2020-01-17,220.2062530517578,220.3549412394602,218.61026762459173,220.09721000545602,15905900
2020-01-21,219.51235961914062,220.43425667675686,217.21254803831434,220.22609320450323,14275800
2020-01-22,219.3933868408203,220.81093123768824,219.35372657567254,220.37475907681832,12212800
2020-01-23,217.8469696044922,219.56192073379037,217.36124476665748,218.82835703609265,11195000
2020-01-24,216.04281616210938,219.849385004895,214.22874465282248,218.87792022361282,11905800
2020-01-27,212.99952697753906,214.17917031016634,210.6501629417429,211.24494592278575,13810700
2020-01-28,215.8941192626953,216.8358615605444,211.66130074124504,214.2584886549919,13413800
2020-01-29,221.28677368164062,222.24833102028177,216.54838489734922,219.5123623266201,33181300
2020-01-30,207.70603942871094,209.58949387187724,202.9676505550127,204.7321544388939,48775500
2020-01-31,200.15235900878906,206.8733372918856,199.30975228448216,206.61559093454187,31359900
2020-02-03,202.4125213623047,203.35424855404304,200.7372304509798,201.66905013841216,15495600
2020-02-04,208.00338745117188,208.766688674191,203.4136877364672,204.82132452213955,19628900
2020-02-05,208.28094482421875,210.87813228249038,206.89313819597234,210.66004622291484,12538200
2020-02-06,209.0145263671875,209.35156298788317,207.5176614545207,208.63782948172818,10567500
2020-02-07,210.48165893554688,210.9673989072856,208.10254197559698,208.46933139342443,12242500
2020-02-10,211.20529174804688,211.93885542902783,208.82619000718108,209.67870423741732,11856400
2020-02-11,205.3863983154297,209.02444888187566,204.71230989966838,208.36028309599743,25030800
2020-02-12,208.92530822753906,209.38131053815937,205.59455674975018,206.04065155669,13813700
2020-02-13,211.28457641601562,212.46421966686736,207.3590422903707,207.69609402344153,15396600
2020-02-14,212.31553649902344,213.05900768129823,210.79885649725966,212.13711067573826,10741700
2020-02-18,215.90402221679688,216.0824480300486,211.54231578381527,211.6910190874841,15609200
2020-02-19,215.59674072265625,216.41951733330308,214.22874887291087,216.09238818984397,12135100
2020-02-20,212.71205139160156,216.8655792462106,211.09623594075467,214.63516582675354,13109200
2020-02-21,208.35032653808594,212.37499599154526,207.01208768032706,211.62160228920382,14092300
2020-02-24,198.9727020263672,201.87718865486534,196.4448971524232,200.04330227154202,23080100
2020-02-25,195.05709838867188,201.72850871686512,194.24422932404505,200.48939011295317,21433500
2020-02-26,195.4833221435547,199.4584237811993,193.7882165875262,195.47341464137563,16524500
2020-02-27,188.09820556640625,194.1748480885161,187.85038184365735,190.15019325122768,21682600
2020-02-28,190.79452514648438,191.06217899708437,180.2372408143527,181.1095700157063,32568900
2020-03-02,194.72999572753906,194.85886892016788,187.20607017225234,192.34097110427834,24949000
2020-03-03,184.27178955078125,195.5229915679651,182.36850535212912,194.511866637883,27984100
2020-03-04,190.09068298339844,190.16008087897518,184.7674348154533,187.523233114304,23062500
2020-03-05,183.55807495117188,187.34482873238224,182.2892186883273,185.15406034636916,19333400
2020-03-06,179.51358032226562,182.18016588247215,174.7256243932262,176.77761198822552,24559600
2020-03-09,168.02450561523438,173.47662821631866,163.7520265061749,168.1236411674569,29949000
2020-03-10,176.63885498046875,176.73797540293373,168.02449918050053,173.14949241413558,24517800
2020-03-11,168.75804138183594,174.34894375307698,166.2004988435292,172.49521209053785,20373900
2020-03-12,153.1253204345703,165.14973209945882,152.99644726061157,158.15117758148926,43266300
2020-03-13,168.79771423339844,169.30326924656868,156.22810068211894,162.1064728706814,35028600
2020-03-16,144.7389678955078,157.7447677177131,141.8543111327493,150.99405163604348,39120400
2020-03-17,148.1192626953125,152.59991929028575,138.78126777847572,149.4277790519693,34255600
2020-03-18,145.6807098388672,146.8900757398305,135.90654120587038,138.53346672486657,37553100
2020-03-19,151.7969970703125,158.53779047574193,143.53950851010524,145.34365741244116,39862300
2020-03-20,148.4265899658203,157.88355234458237,146.71165392213462,154.661843728049,32568400
2020-03-23,146.81077575683594,150.98411867363274,141.01169473830404,148.35719332818863,29830800
2020-03-24,159.57862854003906,159.9057576306904,151.24185098346032,153.85886858271328,30440400
2020-03-25,154.85018920898438,161.5711676910729,151.72760107288883,157.53659002543301,35184300
2020-03-26,161.9180908203125,162.57234902589062,155.65311547944728,156.87240386187312,26556800
2020-03-27,155.4251251220703,158.69640141000696,153.4028901241598,156.822854600928,24879900
2020-03-30,164.50538635253906,165.2984253012151,156.68407016221562,157.79431561478617,22515200
2020-03-31,165.34796142578125,169.44199831156,162.7705891173557,164.0394451420079,23676300
2020-04-01,158.21067810058594,162.72105796616114,156.66424529203292,160.21308298396346,19507600
2020-04-02,156.81295776367188,159.9454535797899,154.56271388854063,157.71503983983848,20886300
2020-04-03,152.8378448486328,156.53538582342665,149.5170159130177,155.7819919969896,25983300
2020-04-06,164.10887145996094,164.75320708570277,157.13014698953972,158.75586999811065,28453600
2020-04-07,167.3603057861328,171.88060773195613,164.56484714145031,170.29452997421248,31411900
2020-04-08,172.7628631591797,173.4765966526272,166.2798015739834,169.75924101007092,21664200
2020-04-09,173.66494750976562,175.53849417465915,170.07646498649927,174.36875838401778,23534300
2020-04-13,173.26844787597656,173.47662648317942,167.97493616094914,172.15820230679188,19355400
2020-04-14,176.61900329589844,179.65236314571018,175.08249323853468,177.42194971191222,21011800
2020-04-15,175.42947387695312,176.63885496301796,171.31560575901784,173.66497002206395,17423000
2020-04-16,174.71571350097656,176.5000472172421,171.00826539751142,176.4009116840212,23593200
2020-04-17,177.67970275878906,178.71064279610266,175.1221601097714,177.64004249237715,20974800
2020-04-20,176.6884307861328,178.92875209836166,175.23122588860662,175.8656540998726,16110700
2020-04-21,169.3131561279297,173.853288160905,166.87456424632103,173.72441499563723,24850500
2020-04-22,180.69320678710938,183.1714436753745,176.58924710518065,176.8965460591723,33242000
2020-04-23,183.51841735839844,185.42170162352286,181.55564269746117,182.4775547580757,21426600
2020-04-24,188.41542053222656,188.7524571530218,179.25585061783767,181.63495222175106,28792000
2020-04-27,185.8677978515625,192.06339111328126,185.77858493882417,190.98288327866794,29197800
2020-04-28,181.3177490234375,187.55298712512695,180.97078976717316,187.01769454861898,21731000
2020-04-29,192.49957275390625,195.19589628391623,188.3460444070909,189.26794146925386,45954500
2020-04-30,202.92799377441406,207.86463833916753,199.815328268595,205.11874712075365,46230100
2020-05-01,200.5092315673828,205.4756137669369,197.3172606533983,199.84506577329986,30415600
2020-05-04,203.47320556640625,204.1175563898035,197.0297880882011,198.4572553035265,19250700
2020-05-05,205.26744079589844,208.54862447224508,204.70239544631238,205.21787302604636,21071200
2020-05-06,206.6552276611328,209.75798521785813,204.86098649767018,206.30826843159727,21857000
2020-05-07,209.4209442138672,209.75799595802985,207.2202684404872,209.3218238046091,15152000
2020-05-08,210.50144958496094,211.35396368865588,209.01450743614123,210.39240655567585,12506000
2020-05-11,211.32423400878906,213.1283979401851,208.53869783260805,209.05417540242968,12911900
2020-05-12,208.2710723876953,213.40597290270924,208.17193684357613,211.43329053203627,14704600
2020-05-13,203.31460571289062,208.94515391846076,200.3506282880669,207.60689964991752,20684600
2020-05-14,205.00970458984375,205.12865514260832,198.94298438348417,200.79670108521395,17178900
2020-05-15,209.04425048828125,209.50023762187058,202.34308801660057,203.48308610249018,19383200
2020-05-18,211.33413696289062,212.77151137138245,209.1037237037267,210.3031819192295,20151900
2020-05-19,214.99205017089844,218.5706254884204,210.9773026621722,211.41347485337647,31843200
2020-05-20,227.96807861328125,229.3261477219346,221.24710071828457,221.55439970264038,50162900
2020-05-21,229.375732421875,235.1351535242866,229.18738396569944,232.67674634200608,47782600
2020-05-22,232.86509704589844,233.93569739189326,226.7488091058961,229.49468518792358,33925600
2020-05-26,230.17864990234375,238.8029116509228,229.6532648675815,237.6827588107858,33178300
2020-05-27,227.1453094482422,228.5529463704739,219.20504286108883,227.07592667175928,34697600
2020-05-28,223.49734497070312,229.61363241933896,222.05004782499321,222.3474393070935,29377200
2020-05-29,223.1305389404297,225.50965549376707,220.93978594185978,223.23958197153212,23241500
2020-06-01,229.89120483398438,230.4165899230667,221.5544110604934,222.63491887570348,18223800
2020-06-02,230.69415283203125,230.97171419695508,224.58777255178694,228.9296491010326,20919000
2020-06-03,228.15643310546875,230.62474767491267,226.5406176115093,230.08945509538248,15380300
2020-06-04,224.3201141357422,229.61364034721157,222.65474598001492,227.56165266323373,17041500
2020-06-05,228.7611083984375,229.33606120551264,223.3486320600808,224.73645387486997,16750400
2020-06-08,229.38563537597656,229.53433868756787,225.43037837858236,227.03627128724105,15466500
2020-06-09,236.59234619140625,237.68277660516696,228.40425596266664,229.50459387983992,27462900
2020-06-10,234.66921997070312,239.11023168276265,233.23184549790702,238.86240797621303,20720700
2020-06-11,222.47630310058594,230.8626644574939,221.60397389010276,227.93834758086746,26708200
2020-06-12,226.59017944335938,229.64336940745946,222.54569462569273,227.8986807845685,22091400
2020-06-15,230.47604370117188,231.73499234719503,222.84307667690538,223.1305455168529,15340300
2020-06-16,233.59861755371094,236.3841686950243,230.97169233929125,235.07565227624718,15236700
2020-06-17,233.47972106933594,235.5217864447732,229.71279686781028,232.95433590481906,19578100
2020-06-18,233.88612365722656,234.0843796141801,230.12910747503136,232.94439651722732,15782500
2020-06-19,236.71133422851562,238.73358456598012,233.49954800283712,235.7200391957088,30081300
2020-06-22,237.13758850097656,238.60470084956552,234.84769949632482,236.4833301779443,18917800
2020-06-23,240.13125610351562,243.05557271769652,237.77196965585082,239.1796064468067,24017900
2020-06-24,231.98281860351562,241.1027279455911,230.65447204559817,239.10030816881405,20834900
2020-06-25,233.6283721923828,235.23428019830692,230.7139779243627,232.57760203013643,18704300
2020-06-26,214.19898986816406,231.06090957453293,213.52490151453114,230.6148299237534,76343900
2020-06-29,218.71929931640625,218.82834235704723,205.3070809473625,207.92409879678667,58514300
2020-06-30,225.09336853027344,225.519618130454,216.56822526704522,218.6697658792059,33927100
2020-07-01,235.48211669921875,236.91949134115922,225.57907477480111,226.51089444123383,43399700
2020-07-02,231.38804626464844,237.91076831095558,230.58509984175245,236.91947344299328,30633600
2020-07-06,238.18833923339844,238.30728978202592,230.2480724673563,231.7250921993472,26206200
2020-07-07,238.7632598876953,245.49414474821359,236.74102520401266,237.32588549048444,27887800
2020-07-08,241.45962524414062,244.83994464698375,234.53046811241302,236.0372406686119,29791300
2020-07-09,242.37159729003906,244.3839246791393,237.15739168530018,242.86724472826,22174900
2020-07-10,242.93661499023438,243.35295697585602,237.23667009919834,241.56862337607927,22982700
2020-07-13,236.91946411132812,247.9723954033769,236.34451129544084,244.85973024561372,24674900
2020-07-14,237.6431121826172,238.237895148075,230.01014479769046,234.6989652429233,23378100
2020-07-15,238.18833923339844,242.6888265852968,235.97775582429836,239.4472880015589,19133600
2020-07-16,238.83267211914062,239.65544869823316,234.27272467146835,235.92818533327153,18880700
2020-07-17,239.923095703125,242.0345586123702,235.78939791848782,238.90206319911425,18152400
2020-07-20,243.2836151123047,243.9081357975486,233.588751300989,237.9702733503476,20872200
2020-07-21,239.64553833007812,244.76062356437544,237.99007768806302,244.07662767391062,19364200
2020-07-22,237.78192138671875,239.7942489807477,236.0471551762827,238.16852582286322,15427900
2020-07-23,230.5751953125,240.309703175952,229.73258861347995,237.54399711408567,21771800
2020-07-24,228.70167541503906,231.4574742966432,224.92482877063276,228.18619778132597,18325800
2020-07-27,231.46737670898438,232.90475139783084,228.82062094031815,229.44514161500106,13163100
2020-07-28,228.1167755126953,232.91465428162354,227.82930664968208,232.58752515242662,14170100
2020-07-29,231.25918579101562,231.66562033942958,228.30513115753575,229.12790775824203,13588300
2020-07-30,232.4586639404297,232.8452683628402,227.00654175845798,228.21592279799037,20615300
2020-07-31,251.4617462158203,253.62277671193084,246.83240138645832,253.59303907846694,53005100
2020-08-03,249.76666259765625,253.1767042514364,248.15084711603382,250.45064335351154,23124900
2020-08-04,247.6551971435547,250.5993440932362,245.27608039961166,249.37013301923434,17183500
2020-08-05,246.9513702392578,250.07395811822374,245.61313125623738,248.01206299801274,13050100
2020-08-06,262.97076416015625,264.27928095879963,246.50535186633766,246.87212621476215,45241600
2020-08-07,266.10321044921875,276.46225445247427,261.13681322492374,261.78114887182363,72766400
2020-08-10,260.7105712890625,271.47601990197774,257.42938743177587,265.7067062968509,30248800
2020-08-11,253.90036010742188,263.60514536343936,252.9090652365863,257.9250148628608,28238300
2020-08-12,257.62762451171875,261.60269615659547,255.8630906956138,256.7156199692329,21415700
2020-08-13,259.0253601074219,262.851774371615,257.31043919341164,259.2731838466184,17374000
2020-08-14,258.9658508300781,260.3635801658666,256.42813849404035,260.02654355504006,14792700
2020-08-17,258.8865966796875,261.8010062968293,257.14190786073965,260.2149283025059,13351100
2020-08-18,260.0562438964844,262.8417795397226,257.003069579125,258.6783600160507,18690400
2020-08-19,260.30413818359375,265.57783459615337,259.0749421219901,259.1146023906641,23291500
2020-08-20,266.6682434082031,267.2828413890221,259.18394896753364,259.22360923298226,20299700
2020-08-21,264.68560791015625,268.13529410991737,264.1007476665406,266.35097574810396,15538600
2020-08-24,269.0274963378906,274.8364690436469,266.43027868500394,268.7102747578856,23685600
2020-08-25,278.37542724609375,280.6256556665897,267.9073560424017,270.03863392111543,42127200
2020-08-26,301.2644348144531,302.01782861437897,281.5277498480447,281.5277498480447,69015200
2020-08-27,290.6675109863281,298.6077933403888,289.47794492699086,297.5471004668706,30301300
2020-08-28,291.1036682128906,294.64259831800206,288.4470051025773,292.4319997680473,17157400
2020-08-31,290.6476745605469,294.2956325042199,289.0120137865058,291.39114572986756,17345100
2020-09-01,292.8681640625,298.8654860327322,290.1619181282009,292.14450790373803,17295900
2020-09-02,299.8666687011719,300.95709900137746,290.49892099965825,296.27818646479,24341400
2020-09-03,288.58575439453125,295.00935596893214,281.1609655842515,293.413355515593,32294100
2020-09-04,280.268798828125,286.48420653598356,268.77969535194666,284.7494405794508,30333700
2020-09-08,268.7995300292969,276.86865482377584,267.0746865754725,268.9184805775717,24864000
2020-09-09,271.33721923828125,276.05579226031756,268.9878553560728,273.36936151774904,22918800
2020-09-10,265.7562255859375,276.7298665418841,264.70545549324396,273.11164648670973,24814700
2020-09-11,264.2891540527344,269.02757334919295,260.353741816169,267.7091340150961,18913900
2020-09-14,263.8331298828125,274.231833888043,263.3870653318415,268.5913635232722,24093800
2020-09-15,270.04852294921875,272.1302176752278,266.95565798812197,268.31375717626827,18478500
2020-09-16,261.2260437011719,270.0684082831144,259.51112273740233,264.9632451579217,29183400
2020-09-17,252.60177612304688,259.2236188586699,248.01207585132232,256.0316480397024,31281400
2020-09-18,250.33172607421875,256.943677059742,247.87331870031255,256.1506229056286,28130800
2020-09-21,245.9897918701172,247.77412548671273,242.0047977733379,245.38510145354752,24709400
2020-09-22,252.5323486328125,253.0973939255421,246.0591948416241,251.10488171008313,30293100
2020-09-23,246.85227966308594,255.74418170008724,245.98984274655064,253.0379506453477,19641300
2020-09-24,247.35781860351562,250.04423447504365,243.4818518607491,244.35419622510534,20006800
2020-09-25,252.60177612304688,253.52367312850794,244.4632382598628,247.228944402206,18351300
2020-09-28,254.58436584472656,257.3401644822639,252.60177602629912,257.1418933996532,18826300
2020-09-29,259.5111083984375,261.03768081045007,254.6636616660201,255.56574368325687,20200200
2020-09-30,259.62017822265625,263.7637844416188,257.8358591600378,259.6994987709962,20142500
2020-10-01,264.3089294433594,265.994112401707,262.4948430726516,263.04007334746177,20009800
2020-10-02,257.67724609375,262.8418850016038,256.92385215064286,258.93617995748286,16367600
2020-10-05,262.34619140625,262.56427749613204,258.5693602261399,259.91753703229796,12822300
2020-10-06,256.4083251953125,263.3771266628919,255.99196805450927,259.50116023470514,18696900
2020-10-07,255.873046875,257.91511204563176,252.6017856507238,256.9535547369812,23133400
2020-10-08,261.4638977050781,262.3163966194837,256.89401344287006,257.488796308595,16312800
2020-10-09,262.14801025390625,262.44538669329796,259.88785855874926,262.2173779218132,14107800
2020-10-12,273.3495788574219,277.74100816754435,265.5381699141355,267.8479040582493,31019300
2020-10-13,273.7361755371094,276.67039983476207,271.01011468828443,275.16361229527485,18063300
2020-10-14,269.4537658691406,276.32343172750234,269.1365442655314,275.20326373795046,15577800
2020-10-15,264.398193359375,266.6980049306729,261.37475582736255,265.2705377658619,15416100
2020-10-16,263.6151123046875,269.00776034750334,262.9905915191077,265.052502374734,16622700
2020-10-19,259.12445068359375,266.212202344182,257.6176935014616,263.21850298492296,13587000
2020-10-20,265.2308654785156,267.3522511210666,260.591612529058,260.77003835359403,18763200
2020-10-21,276.3036193847656,280.5859900670945,273.9641478504965,277.1263807843947,28998600
2020-10-22,275.6989440917969,279.99126812648683,272.6457689850134,277.4337102381768,16720000
2020-10-23,282.31085205078125,282.75691655566266,274.4102313549974,276.37297568030806,17535200
2020-10-26,274.6977233886719,282.7470636277034,271.8725570411759,280.6950758632085,21322900
2020-10-27,280.823974609375,282.0333557435205,273.9047244809789,276.3334093800826,16287200
2020-10-28,265.3399353027344,276.3631304196497,264.93350073882925,276.3631304196497,23121800
2020-10-29,278.38531494140625,281.131220993011,271.3966984619704,274.14257426165767,32368100
2020-10-30,260.819580078125,274.2913040530158,256.84450820010375,272.1104432269322,47247800
2020-11-02,259.08477783203125,268.11548861328464,255.09978388166272,262.29659334985735,27165700
2020-11-03,262.990478515625,267.699128460698,258.6089727709659,260.86912353452436,17961900
2020-11-04,284.8783264160156,286.42474400302376,276.1945736182633,278.55386026436815,35364400
2020-11-05,292.11468505859375,294.7911925756109,286.4345863697683,289.3588872845282,23823600
2020-11-06,290.8558349609375,292.03547829068356,285.5524012917974,291.3911426677605,13891000
2020-11-09,276.3432312011719,290.03300950810046,276.10533013779497,287.3466091610849,25117700
2020-11-10,270.05841064453125,271.61475060003454,261.7018034978435,270.7225914112201,29067700
2020-11-11,274.0732116699219,275.9764808453702,270.1080322605001,271.0894044837182,14957000
2020-11-12,272.6853332519531,277.31469282005935,272.04099774618555,274.7670581760521,12899500
2020-11-13,274.5391540527344,275.34210055831124,270.7226623677045,275.30244028897164,10391200
2020-11-16,276.5316162109375,276.97771101570106,272.23932261444486,272.6556495304327,12970400
2020-11-17,272.6060791015625,275.26274199380117,270.91097340750423,275.26274199380117,15040300
2020-11-18,269.6024169921875,274.97524750176086,269.47354384268675,272.13020634101,12152900
2020-11-19,270.56402587890625,271.08941095311593,266.8466700938607,268.66072640611867,12963700
2020-11-20,267.3522033691406,270.62346390903343,267.0647194241224,270.18729180345906,18114700
2020-11-23,266.09332275390625,268.59140563872376,262.2272781130269,268.5319303559351,20990800
2020-11-24,274.50946044921875,275.4016200149844,265.5382213801,266.1528195198069,16930400
2020-11-25,273.1909484863281,277.74098829096494,270.2765391601814,275.7187685457387,12467000
2020-11-27,275.3916320800781,276.70014860060974,272.4276700276529,274.9753051656759,7808400
2020-11-30,274.5589294433594,275.2825855577572,268.65082074499577,273.62710988582904,16693300
2020-12-01,284.0555419921875,286.7816029719664,276.53161731822826,276.7298883993437,20738900
2020-12-02,285.0170593261719,289.23998469655885,278.3852949425003,282.8758590081693,17361600
2020-12-03,279.396484375,284.15468797747155,278.62327553330033,283.7581760525857,12921700
2020-12-04,277.26519775390625,280.9924460351421,276.86865558933414,277.8599504969249,10880300
2020-12-07,283.09393310546875,285.97860437373845,275.7782034762741,276.7595755694278,13007700
2020-12-08,280.9329833984375,283.93660589347684,279.09908168651367,283.5202789546356,10747700
2020-12-09,275.50067138671875,285.12613567782824,269.3843689987013,281.1906940080465,25189700
2020-12-10,274.7076110839844,276.30361144849036,269.4933907373716,273.141378605421,20065100
2020-12-11,271.168701171875,274.0732181494011,267.897440182532,272.140181040841,14391400
2020-12-14,271.80316162109375,274.8067840748225,269.19605109240075,270.99029251102206,16376900
2020-12-15,273.1512756347656,273.6766606794515,265.1416267975304,272.43754215406807,23979500
2020-12-16,273.270263671875,275.44117155415506,270.1377683264025,272.36818173124277,15885000
2020-12-17,272.09063720703125,277.99874638748975,271.2281852255585,274.65808738822363,16377800
2020-12-18,273.9938659667969,275.57994363522437,268.77967609377816,273.36934542688545,26693200
2020-12-21,270.4153747558594,272.27901421846406,265.4588996965588,270.60372322826663,16553700
2020-12-22,264.7649230957031,269.1365367707171,262.32634637119014,269.1365367707171,17312900
2020-12-23,265.7760314941406,269.80071617130704,263.91242270147467,264.5666808927801,14329000
2020-12-24,265.072265625,268.04615049794745,263.8827298269738,266.5393930530124,6702000
2020-12-28,274.58868408203125,274.8860604477784,263.3474036780008,266.40057862337534,23299700
2020-12-29,274.3705749511719,278.0681154649613,273.8749275486116,274.53910837888566,16383000
2020-12-30,269.50335693359375,275.6592901874679,269.34474610917545,275.53044725380437,11803800
2020-12-31,270.7821350097656,274.6779169436286,267.4612908420822,269.63222922548516,12900400
2021-01-04,266.59881591796875,272.60605976016683,262.8913831858434,272.38797370228207,15106100
2021-01-05,268.61114501953125,270.02868928007945,265.87516177389597,265.9544822965635,9871600
2021-01-06,261.0178527832031,265.4192044764678,257.74659177557726,259.71925890881255,24354100
2021-01-07,266.40057373046875,269.24558516756673,262.4750545151092,263.5852999293993,15789800
2021-01-08,265.2407531738281,266.6087448189351,260.88895454198536,265.9743016349195,18528300
2021-01-11,254.6041717529297,261.17646160643693,253.67235215141747,258.21249961443124,30412300
2021-01-12,248.90423583984375,257.45911577126066,248.1211195147358,254.39601812321422,26383500
2021-01-13,249.44943237304688,251.73932102815726,247.03067054871875,249.36021946787713,19528900
2021-01-14,243.50167846679688,252.809936966483,242.48064593056202,251.19412144026523,29739400
2021-01-15,249.171875,251.65011213394098,245.008439640171,245.7419881512037,24942900
2021-01-19,258.8271484375,259.9175790632424,250.52009092310539,254.6636970490017,28028500
2021-01-20,265.1515808105469,267.96685480321304,261.3053516121977,266.588940318972,25199900
2021-01-21,270.49468994140625,271.21834625735937,265.16151744644344,266.91612914015525,20838700
2021-01-22,272.1104431152344,276.045884978016,269.6322059283925,269.6421285577539,21954000
2021-01-25,275.5899353027344,277.66173824259187,269.146517740259,275.7188084942915,19087000
2021-01-26,279.5947265625,282.90567829369337,275.3916456849432,275.7187899571974,19373600
2021-01-27,269.77099609375,280.9825384725556,265.78597141936456,280.0705338960137,35346200
2021-01-28,262.6931457519531,284.2934698675285,262.39576938583184,274.76711024718605,37758800
2021-01-29,256.0811462402344,264.2395125023681,252.63146004949928,262.9904715012187,30389500
2021-02-01,259.7291564941406,261.87035686158373,252.69095746495492,257.2608119063281,22914300
2021-02-02,264.7550048828125,266.5096160599849,260.97817407203195,261.70183017494816,17320800
2021-02-03,264.3287353515625,266.8565550799659,261.5431995630546,263.3077029833754,14223400
2021-02-04,264.170166015625,265.82564179565304,261.70185141583977,264.6856587205512,16060000
2021-02-05,265.7661437988281,266.8268365027452,263.357304678353,264.4774423986181,12454400
2021-02-08,264.2593994140625,267.51084570093855,262.6931666745466,266.4105228067336,13755200
2021-02-09,267.10443115234375,271.01013559908193,263.43662780833625,264.12062373060746,14613400
2021-02-10,269.50335693359375,271.41654895302236,265.3894888847332,270.0783249536004,14687200
2021-02-11,268.0362243652344,271.19842705014383,266.15273998135564,269.52316661445394,12828600
2021-02-12,268.145263671875,268.8193369263752,266.0040631117695,268.1650786786831,9097600
2021-02-16,271.58502197265625,274.19213198727215,267.6991332689265,268.4426043262391,15417200
2021-02-17,271.18853759765625,271.58504948467396,267.23325060077394,268.8788036712196,12763200
2021-02-18,267.0448913574219,269.58260334649503,263.71412546431765,267.2233171413614,15249100
2021-02-19,259.2831115722656,267.91728234501386,257.8853820254984,267.5108477745137,25622600
2021-02-22,258.06378173828125,260.779950269616,255.2881681864634,255.7045253451955,17434900
2021-02-23,263.545654296875,265.1317322276039,252.74056078837012,257.2410330934261,21924600
2021-02-24,262.0091247558594,264.061112241261,256.1406765125581,260.046350171747,15736100
2021-02-25,252.47288513183594,264.6162469176073,251.828534410485,260.0166243406885,19053100
2021-02-26,255.37738037109375,263.23834145442027,254.2373973173974,254.2373973173974,26619500
2021-03-01,262.60394287109375,264.3287863643085,255.6549557487879,258.549550247898,22157300
2021-03-02,256.7453918457031,264.3882674335836,256.398432563095,263.4663703912783,15191700
2021-03-03,253.18661499023438,258.7180268052231,252.8793160145082,258.02413857858085,15513500
2021-03-04,255.39720153808594,264.1701361360483,251.29322662960587,254.2373733351063,31626500
2021-03-05,261.97943115234375,263.13925956786613,253.38490565331423,258.4008708631088,26820100
2021-03-08,253.0874786376953,263.26806557107824,252.8297474292664,263.2383279364887,18391800
2021-03-09,263.4267272949219,266.19244885404976,257.54835512336365,258.90642445200484,22039700
2021-03-10,262.593994140625,266.62857135494477,260.58166684791667,266.3014573722322,14210300
2021-03-11,271.4958190917969,275.4808132153141,265.4885751472502,265.77602885197024,21834000
2021-03-12,266.0635986328125,267.3919304357986,261.7217212570633,266.79717757768964,20600200
2021-03-15,271.366943359375,273.5576963311189,266.1626458154966,266.73758347140597,16844800
2021-03-16,276.84881591796875,279.68393483210156,272.4078042369118,273.6766603955113,22437700
2021-03-17,281.5376892089844,283.7383652141493,273.01254656501544,273.30992295006973,21315000
2021-03-18,276.1945495605469,282.7073635915674,275.85751296216336,277.4336680480965,18728300
2021-03-19,287.5845947265625,290.2511808524685,278.75218238236334,278.77199739282855,38930500
2021-03-22,290.98468017578125,297.10095206901144,284.2537801031509,287.9215829149258,28273100
2021-03-23,288.10003662109375,295.4058750668356,287.287167556758,290.59808883499494,23000900
2021-03-24,279.6839294433594,289.1805203182288,278.71244964849427,288.4667868520234,18675000
2021-03-25,276.3135681152344,285.55244509320096,275.33219571212356,278.53408956285267,24505600
2021-03-26,280.5562744140625,282.0234017709081,275.3519761388524,275.87736123084443,17629200
2021-03-29,288.2883605957031,290.6278017995311,282.22164126844325,283.28230371151227,21718800
2021-03-30,285.4928894042969,289.92397816866935,284.2042183237241,287.30694549487737,17474500
2021-03-31,291.96612548828125,293.91897791757447,286.0976455694347,287.465637558229,19498200
2021-04-01,296.0600891113281,299.7675217386888,294.0180243778917,295.8023427996799,17616000
2021-04-05,306.22088623046875,308.0646800732676,298.0625189777315,298.2707126711446,28237000
2021-04-06,303.593994140625,308.6396816907689,302.59277658335463,306.1515217424256,17335200
2021-04-07,310.3645324707031,311.5144382436948,302.84060742545347,303.6732915537741,22855200
2021-04-08,310.29510498046875,313.1302240000469,307.3509580476352,312.1091915082921,20894100
2021-04-09,309.7399597167969,312.00011061408475,307.62849698671556,308.68918966598244,15988600
2021-04-12,308.8280029296875,309.43267826117784,305.249412826226,308.3422478867747,10881900
2021-04-13,307.0635070800781,311.692837158811,306.6273349193004,309.492161348312,14036900
2021-04-14,300.18389892578125,305.3485363689106,299.3214772891418,304.62488027342675,17421400
2021-04-15,305.140380859375,307.44019211811167,301.4527628934411,303.67325362495666,14558300
2021-04-16,303.5146789550781,306.2605853135544,301.9583386311956,305.4873764666447,13059200
2021-04-19,299.6089782714844,305.0214705207689,297.9436100033605,302.35488466496423,14553500
2021-04-20,300.015380859375,302.4440653471533,294.6227344452051,299.3611226269296,16796400
2021-04-21,298.8456726074219,299.3512426834739,294.80120275476366,299.3215050467602,14863500
2021-04-22,293.93878173828125,300.28309392317766,293.4629795007598,298.70690825562025,16375400
2021-04-23,298.5086364746094,299.9559185503014,294.56327190310105,296.1592724145303,17536800
2021-04-26,300.40203857421875,303.13799214192375,298.93491111623064,300.6994149668208,16172600
2021-04-27,300.9273681640625,302.6819490604378,298.48876118710064,301.6311789979419,15309300
2021-04-28,304.4266662597656,308.2134199936871,302.71171521224556,304.6843823594291,33907200
2021-04-29,326.6415710449219,328.9215370666334,318.8103176400919,327.24624637387615,56526800
2021-04-30,322.2500915527344,326.9488493488843,321.6751538951361,323.3008918440618,26332400
2021-05-03,319.7719421386719,325.6899747643159,319.03839348636967,323.3307179700611,18719500
2021-05-04,315.588623046875,319.3852993731885,310.3942475633502,317.2341761756683,24032600
2021-05-05,312.2777404785156,318.26517075805026,311.7523553378031,315.42015894408314,15577600
2021-05-06,317.23419189453125,317.45227798871764,310.54295113207814,311.7820697917917,19012200
2021-05-07,316.3023681640625,320.12878226692106,315.9752541529607,319.5736595346805,15916700
2021-05-10,303.30645751953125,311.841490842598,302.176366977457,311.6135124100819,24239200
2021-05-11,303.86163330078125,304.16893230854123,297.0811796183367,298.13194982266197,18920100
2021-05-12,299.9162902832031,302.30531486450104,295.59425860219534,298.508668323651,24645500
2021-05-13,302.6026306152344,306.171267343287,300.1342862343046,303.415469279963,18079200
2021-05-14,313.1896667480469,314.09174860369416,306.3893690100581,306.8453863779117,19245700
2021-05-17,312.7138671875,312.9319532661647,308.8676383011867,310.82049037998314,15401300
2021-05-18,307.26171875,313.7447950229054,307.1130305847325,312.8427131510615,14522400
2021-05-19,310.86016845703125,311.92086127549254,300.9274043092507,301.54200231563533,19106200
2021-05-20,315.8364562988281,316.47089956123494,310.43391719826906,310.8502441187937,17320200
2021-05-21,313.4772033691406,317.14497642113264,313.0608461919929,316.5105634034792,13600900
2021-05-24,321.8041076660156,323.1126243548416,315.261554473809,315.43998031721526,16445400
2021-05-25,324.93658447265625,326.3144687405678,321.97259196124674,324.2327432673688,16437000
2021-05-26,324.80767822265625,326.9587711328472,322.9836993061915,325.4916740978203,9686900
2021-05-27,329.8534240722656,330.87445675187894,323.91557647206116,325.144772639228,20477700
2021-05-28,325.8683776855469,329.97232276898853,325.4718355309257,328.1186061786188,12037400
2021-06-01,326.264892578125,328.5349663508822,323.7965779781596,327.2760024770691,11765900
2021-06-02,326.2846984863281,328.9810217269072,324.2723711221696,327.50400205992975,11654300
2021-06-03,323.2017517089844,324.53008305587247,320.66403954598695,322.94400539102026,12610800
2021-06-04,327.4742126464844,329.5658299582214,322.34920569828245,323.0629390977012,13289400
2021-06-07,333.6499938964844,334.7503468667708,326.0665946490602,326.6118249458043,20136700
2021-06-08,330.7752685546875,335.3550460635353,329.347801506226,333.7689984558394,14580500
2021-06-09,327.3751220703125,333.86809119455836,327.1272983594341,332.81732108058753,13727900
2021-06-10,329.56585693359375,331.03298411135006,325.6898906801004,327.91041157777425,13240200
2021-06-11,328.3763427734375,329.932652701607,326.06660882425405,329.6848289882906,13587900
2021-06-14,333.8383483886719,333.8879312812303,326.9389448552168,329.0107474158406,12250800
2021-06-15,333.8185119628906,336.9609296773633,332.11348375778454,334.05641302577015,15795200
2021-06-16,328.1978759765625,334.6115546775463,325.858434720274,333.7689782813565,17232200
2021-06-17,333.58062744140625,335.0378320276333,327.2759766952282,327.61301330165884,17794100
2021-06-18,326.790283203125,333.2237774793998,326.136024933211,331.6178845677562,23039500
2021-06-21,329.3974304199219,330.0219511223624,324.7978070096396,328.2078642960425,11337500
2021-06-22,336.0787048339844,336.9609718056598,329.70468596146765,329.79389887120124,15345300
2021-06-23,337.6251525878906,340.4305343138909,335.25597332384814,336.3959564970195,14817800
2021-06-24,340.19256591796875,341.8975943029009,338.8146817809146,338.87415705290726,12329100
2021-06-25,338.3983154296875,341.1243762456423,336.72302472627456,339.60769634720594,14594400
2021-06-28,352.54412841796875,355.0223656374678,338.79484291257626,339.4788388053115,29156100
2021-06-29,348.8267822265625,353.6345383636902,346.0114780457379,353.1686285434748,21417300
2021-06-30,344.6831359863281,349.8478041184627,344.1478585298199,349.1043329547267,15107500
2021-07-01,351.3050537109375,351.58261510413155,343.4837215478428,343.80094321204257,17137000
2021-07-02,351.6123352050781,353.33717875875,349.55042474255595,352.0088471395874,11521300
2021-07-06,349.7090148925781,355.6667069440098,346.1403471891255,353.3966331441592,13488500
2021-07-07,347.43896484375,353.38673467212226,346.9532399883812,352.16746121853583,14218900
2021-07-08,342.6410827636719,345.29774588660945,339.5779850936406,342.72040329828144,14406500
2021-07-09,347.3695983886719,347.6570521499871,342.2644050667908,342.3139879666851,13018700
2021-07-12,350.0857238769531,351.106756452849,346.59637658645624,348.17253190738757,10018600
2021-07-13,349.0249938964844,355.36927477322456,345.76362542747296,348.4401335756202,11456000
2021-07-14,344.60382080078125,352.1079297982053,343.711661519161,351.47348659674924,13894200
2021-07-15,341.46142578125,346.1899217185131,337.25834517205516,346.1899217185131,14781600
2021-07-16,338.1900939941406,342.9780339499707,337.1789843191966,341.9074490148484,11026100
2021-07-19,334.0168151855469,336.8320889577822,331.627790942661,334.6314131584542,14372300
2021-07-20,338.6857604980469,340.46018653222336,331.5880866132554,335.8506418441399,11024300
2021-07-21,343.2160339355469,343.50348766663694,338.27937458931103,338.5271983069589,9279700
2021-07-22,348.13287353515625,348.479832815673,342.2049188839143,343.6621236605478,12385400
2021-07-23,366.5709533691406,372.0627053911015,354.0806314483372,357.7682497249188,33694300
2021-07-26,369.2176513671875,371.18042595459303,365.0145711113997,366.36271751347635,14925200
2021-07-27,364.6081848144531,369.9016960963588,361.3765536706244,368.67250006703915,15705400
2021-07-28,370.0305480957031,374.2633663025684,363.7358196168697,371.2994043200226,29676900
2021-07-29,355.2008361816406,362.33814212133433,353.63457312062775,357.85749955499455,33413200
2021-07-30,353.1983337402344,357.58979280263065,349.867597652045,350.91836774547977,15976200
2021-08-02,348.88623046875,356.2713588635334,347.68674193292895,354.98268767440595,13180400
2021-08-03,348.182373046875,350.69034766045326,344.6732112647218,349.6594228581962,12406100
2021-08-04,355.7955322265625,357.34194964790186,348.4500343492428,349.35211622034336,14180600
2021-08-05,359.8103332519531,360.7322303053442,353.7931655774242,356.5093343422309,10247200
2021-08-06,360.3455810546875,361.9712887894924,358.2539333036659,358.2539333036659,8925000
2021-08-09,358.4621276855469,362.59584065348304,357.60962860812293,360.59343588294473,7798900
2021-08-10,357.9863586425781,360.93050592413266,355.91455577806516,358.6802469729181,7469900
2021-08-11,356.8265075683594,359.20560930354424,354.69522956083796,358.9478931980798,8400300
2021-08-12,359.49310302734375,359.84006230584646,354.0013206031575,355.32968244107315,7170700
2021-08-13,360.0184631347656,361.48559043105394,358.3332800092168,359.810299682887,7195700
2021-08-16,363.3690490722656,363.75566859668425,354.2689693273235,359.36420928344654,11222100
2021-08-17,355.32965087890625,361.4955060524368,351.9790694475264,359.82021533674686,12328700
2021-08-18,352.35577392578125,356.72735768431033,352.05836731339076,353.1487977216519,10042400
2021-08-19,352.02862548828125,354.45730999360205,347.9444955095023,348.29145476053645,12004500
2021-08-20,356.2415771484375,356.8561750318784,350.23433359131985,351.51311224513614,8697700
2021-08-23,360.1869812011719,362.50660746457834,355.97397818922514,356.3110147999508,10942000
2021-08-24,362.32818603515625,364.75684023789097,358.69012066767607,360.4942845338797,9235100
2021-08-25,365.1831359863281,367.6316053022577,362.2191437187731,362.4174147958785,9684500
2021-08-26,361.2080078125,366.2239571323963,360.9601841099284,365.17318705364596,7888700
2021-08-27,369.38616943359375,370.4864920908366,360.91058112633107,361.9217211377598,11219100
2021-08-30,377.3462829589844,378.1690443337999,367.2945391457995,369.3167890124131,13547300
2021-08-31,376.0774230957031,379.4280043335616,375.50245517516845,376.6424683877028,12345400
2021-09-01,378.72418212890625,380.984333157656,375.51239652276655,376.28560528913044,11567200
2021-09-02,372.0131530761719,378.42683236190425,370.80377207439494,378.1790086340969,14832900
2021-09-03,372.9846496582031,373.87680906781947,369.862046346664,371.48778459469844,7509600
2021-09-07,378.85308837890625,379.6262972127844,369.9016963878122,372.6079424323459,10793800
2021-09-08,374.283203125,377.5544640235521,371.5274046568623,376.85065315181134,11067200
2021-09-09,374.7094421386719,376.52349834929333,373.2918978058561,374.3525905242219,9098900
2021-09-10,375.3934631347656,380.4490731082647,374.9672135938655,378.04020354167477,11549600
2021-09-13,373.2324523925781,378.4268279867525,371.0912517788471,378.35743008330803,13026300
2021-09-14,373.25225830078125,375.2943233243702,371.84460626658046,374.114680002249,8711600
2021-09-15,370.6650085449219,374.27330631053246,364.4694153158542,373.7181835773616,17940300
2021-09-16,369.8124694824219,370.30811692774245,366.4916255483903,369.5448307526397,11934200
2021-09-17,361.5450439453125,368.1768086376163,358.4422863528636,368.1768086376163,26299000
2021-09-20,352.6036376953125,357.8872266459762,346.7549730917287,356.17227543400634,19822800
2021-09-21,354.36810302734375,356.90581548877753,352.0980292916366,355.37921290978545,11751900
2021-09-22,340.2222900390625,346.7945796004399,337.7242379588481,344.20731461578043,43692900
2021-09-23,342.9483337402344,346.6260591567218,340.01410966092726,342.35355082163966,21806300
2021-09-24,349.8874816894531,351.26539628778556,339.3896710608605,340.2520928877083,18801900
2021-09-27,350.50201416015625,352.0583543102863,344.0585977379562,346.7648435259705,15205800
2021-09-28,337.6846008300781,346.55670226470806,335.96968001839247,344.9408867412506,21710300
2021-09-29,336.65362548828125,342.22472789071014,335.9299996176052,340.1628176861306,14452200
2021-09-30,336.4356384277344,339.81592789526684,335.2064120057987,337.48640875085874,16547100
2021-10-01,340.02410888671875,342.0165912727719,335.6921545610234,338.63627168005377,14905300
2021-10-04,323.3901672363281,333.01563287337103,319.8908972208889,332.6091983075989,42885000
2021-10-05,330.0614929199219,332.262168484536,323.32070069147386,325.71961705579815,35377900
2021-10-06,330.7356262207031,331.4691747245333,322.96384802328623,326.8695521281811,26443000
2021-10-07,326.3541259765625,335.890378594045,326.11622486820954,334.06639950885625,28307500
2021-10-08,327.17681884765625,330.4976622974551,325.84848751811967,328.6241309583326,15946100
2021-10-11,322.61688232421875,327.5832483555272,322.47808654095144,324.77789757746996,14708200
2021-10-12,320.9515686035156,321.55627427951157,314.6072867063975,320.2180199902008,31658700
2021-10-13,321.71484375,324.15342064578897,319.8512045646959,324.1236830099349,14761500
2021-10-14,325.67010498046875,327.6427721065974,324.25256056573227,325.5015715404052,14302200
2021-10-15,321.93292236328125,326.2054007094238,319.70250897020327,325.8187812003698,21596400
2021-10-18,332.4207763671875,332.9660066284294,324.6490291917283,326.08641867364844,21585000
2021-10-19,337.0303649902344,339.4788647603777,334.3439641094444,336.6933283328445,18786300
2021-10-20,337.8134765625,340.9856323597062,336.4950676495125,340.4602472700604,13639500
2021-10-21,338.9039001464844,339.33014968660194,334.8594000743426,337.3178222799958,16354400
2021-10-22,321.78424072265625,326.7605607564553,318.31470838122334,323.5091145151321,35224500
2021-10-25,325.8287048339844,326.6911265083267,316.9367888694215,317.51172656834376,38409000
2021-10-26,313.06085205078125,327.33549311220946,306.90491895434997,325.4024861336373,65654000
2021-10-27,309.5020751953125,316.47087668883006,309.3434643911741,311.4549272341347,29971800
2021-10-28,314.1611633300781,322.6862744629049,305.42782825462723,310.2653517497801,50806800
2021-10-29,320.7532653808594,323.1621044820293,316.817823818655,317.4026841198495,37059400
2021-11-01,327.1075439453125,330.54733889955435,323.1621788466154,323.20183911823943,31518900
2021-11-02,325.2239990234375,331.875609206315,320.9812583023062,328.4952901589308,28353000
2021-11-03,328.7332763671875,329.258661560343,320.38658856257166,324.6392227620674,20786500
2021-11-04,332.92645263671875,334.33407468373866,329.754296337419,331.10247335279496,22495300
2021-11-05,338.160400390625,343.7711325959284,336.6833808173762,337.3475313931403,26872800
2021-11-08,335.6722412109375,341.7885434537286,335.3946798762904,341.4217692170789,18342500
2021-11-09,332.4505920410156,338.33888663242817,331.55843261090627,337.04029263097436,17556700
2021-11-10,324.78790283203125,330.2895778882843,322.6764396774072,329.5956592992424,21872600
2021-11-11,324.8869934082031,329.5659067272054,324.15344483445233,326.94890382100857,12376600
2021-11-12,337.9225158691406,338.88404283160503,326.9092143568686,327.30572624640484,25414300
2021-11-15,344.5344543457031,350.57143667963453,340.2124230860424,341.3424835453799,25076600
2021-11-16,339.97442626953125,343.63230618032713,337.9026239497763,340.8368478294579,18181100
2021-11-17,337.80352783203125,344.27668185234273,337.13937723798097,341.24332209715345,13602800
2021-11-18,335.7416687011719,339.4788395456353,332.3811645032816,336.7627012277553,17487200
2021-11-19,342.2941589355469,349.03498323511366,336.94117186807426,339.2211685694267,26488500
2021-11-22,338.04150390625,350.74988229883314,337.5458564263731,346.011493601287,27116800
2021-11-23,334.314208984375,338.42807681771274,330.59685306534936,335.9795771756377,17225000
2021-11-24,338.09100341796875,338.8047368868956,329.91282128531026,333.07505413009153,13566200
2021-11-26,330.2201843261719,334.8098849993349,329.01080322061256,332.8768476557866,14750700
2021-11-29,335.08740234375,337.7044353109097,332.3910790981545,333.95734192750814,16650900
2021-11-30,321.635498046875,332.88669992716825,320.61446562657216,332.08375357003285,25390000
2021-12-01,307.89617919921875,327.62294019861577,307.5888802231193,327.414776755562,30329600
2021-12-02,307.6880187988281,311.8613615896398,304.52578585047945,308.6892060123132,24396200
2021-12-03,304.1688537597656,311.01870357877385,296.89275449192917,310.9988885760072,27471000
2021-12-06,315.1028747558594,317.31347306121404,303.6732468667955,305.4476730378926,21758300
2021-12-07,319.9998779296875,323.6974184932654,318.20563672841274,318.7706820353999,18794000
2021-12-08,327.68243408203125,329.85337229580705,320.25764508948055,322.1708369530798,19937700
2021-12-09,326.94891357421875,333.20398240153276,325.14474947217417,326.6713521932828,16879200
2021-12-10,326.8795166015625,332.1135528369936,323.52893476015333,329.66505304918854,14528000
2021-12-13,331.5782470703125,338.1207999668093,326.7209077349468,328.069084634236,22948700
2021-12-14,330.834716796875,332.77767638581724,324.79773509646463,325.194246965992,20461000
2021-12-15,338.6857604980469,339.1318249746291,321.1596769623259,329.5955745287784,24681300
2021-12-16,331.984619140625,341.46139491344286,330.8347135539258,336.02911882514184,22635000
2021-12-17,330.8843078613281,334.17538368642465,327.8707631250314,329.9029054140039,40012600
2021-12-20,322.61688232421875,327.0281257262868,319.7222883986814,326.9091751988659,17901800
2021-12-21,331.2907409667969,333.0750595421487,320.9316979963412,323.5685458479466,16116800
2021-12-22,327.5733642578125,331.598018547472,325.4024263217751,330.89417748925393,16764600
2021-12-23,332.3216857910156,333.73926046044926,325.50157217835203,327.2264458403401,13987700
2021-12-27,343.1664123535156,344.8417029161023,335.067551114895,335.9002350820877,17795000
2021-12-28,343.2060852050781,349.63957874532895,342.1949754046615,343.6125197013411,16637600
2021-12-29,339.9547119140625,346.64595320724465,338.66604050651506,343.8901542995369,10747000
2021-12-30,341.3622741699219,344.2073157522339,340.2322137913024,341.0054225509634,10593300
2021-12-31,333.42205810546875,340.4503355784657,333.3427375694343,340.03397839408666,12870500
2022-01-03,335.5929870605469,338.1108543487535,334.2547328826255,335.3550557110125,14537900
2022-01-04,333.60052490234375,340.10341806741985,328.98108629845854,336.9907673140269,15998000
2022-01-05,321.34808349609375,332.8371878445383,321.0209392355223,330.1210192265055,20564500
2022-01-06,329.56585693359375,336.21746674620033,319.91065537364796,320.00979090288706,27962800
2022-01-07,328.9017333984375,334.0663712007667,326.01706169641426,329.8434453738167,14722000
2022-01-10,325.2140808105469,325.48171950640443,312.6841004601609,322.47809757856305,24942400
2022-01-11,331.4592590332031,331.71700537861085,322.4483923442952,323.9353346411827,16226800
2022-01-12,330.35894775390625,333.44186036917864,327.15705433912973,332.2622170190989,14104900
2022-01-13,323.6379699707031,332.7083122589069,322.92423643234406,332.06397662403594,14797100
2022-01-14,329.0107727050781,329.8335644167679,318.4138277573684,318.9887957429694,16868500
2022-01-18,315.38043212890625,321.38767615026325,314.8748923561218,320.47570188239416,22645600
2022-01-19,316.8078918457031,324.25252524740955,316.5501455249458,316.7979692173923,20814700
2022-01-20,313.8042907714844,324.966280302167,313.22935307761765,321.080391235349,16925000
2022-01-21,300.53082275390625,315.539008543405,300.4019496046395,312.0694771483107,28710700
2022-01-24,306.0226135253906,306.83548253324034,286.4941238429113,295.24724373871493,38878100
2022-01-25,297.5372009277344,303.5642917266394,294.9895654082896,297.33896007040755,25108500
2022-01-26,292.06524658203125,304.83313084274204,288.3181527448159,304.3374833497139,28348800
2022-01-27,292.0751037597656,299.08353474916333,291.69840690917283,295.1580159546106,21629900
2022-01-28,299.08355712890625,299.27190556829635,290.4791251947652,293.0465751951822,21871600
2022-01-31,310.5330505371094,311.0584356248489,296.7143971894849,298.0625437346582,21579500
2022-02-01,316.2231140136719,316.8773723625517,309.40299937896265,311.82176166806124,18023800
2022-02-02,320.188232421875,325.1447066079721,314.1115902294131,324.96628079773285,58458300
2022-02-03,235.69027709960938,245.8411426276449,233.6977797357552,242.52029856192772,188119900
2022-02-04,235.0260772705078,240.49802872654485,228.1068438969054,232.92453716370753,89342200
2022-02-07,222.95213317871094,236.22557090302277,222.05995871878767,235.6307879297406,88613800
2022-02-08,218.2633056640625,223.8046556975706,214.26838839341522,218.92748656351395,94729700
2022-02-09,229.98040771484375,231.3384768338874,220.27563768264372,222.24830477510113,86563300
2022-02-10,226.0846405029297,232.9543070635339,224.72655617184256,226.28289646247256,49310400
2022-02-11,217.6387939453125,228.41416445140362,216.86558514893198,226.471234956997,46156900
2022-02-14,215.80490112304688,219.07617738521267,212.91032177090045,217.40088654976037,38184000
2022-02-15,219.076171875,219.22486005892043,213.18787777639622,218.55078679053494,42685500
2022-02-16,214.65499877929688,215.56700343123342,210.51139320740756,210.5609609793981,45817500
2022-02-17,205.90185546875,215.60662518366414,205.3566402879214,212.15692341599396,38747500
2022-02-18,204.36534118652344,208.9153807236556,203.39386138428333,207.5672191801396,37128400
2022-02-22,200.32086181640625,205.673847868195,198.31844201699187,200.57859302783234,39852400
2022-02-23,196.72247314453125,205.13857243054682,196.32596122833482,202.38277377288952,44481400
2022-02-24,205.79281616210938,206.53628729690607,188.56410689144704,189.3967909321892,49957200
2022-02-25,208.64773559570312,209.48043476464565,201.4112801723448,203.15596878731102,37627600
2022-02-28,209.1929473876953,211.29448759324586,205.02951211449042,205.87210364692402,34239800
2022-03-01,201.7185821533203,209.90667166894585,200.4596335354331,208.04303262444745,27094900
2022-03-02,206.29837036132812,207.32931034252405,200.2613883982864,202.99735671935014,29452100
2022-03-03,201.203125,207.25993738193364,199.66661489556296,207.20046210869705,27263500
2022-03-04,198.31845092773438,204.09770188319834,197.05950219705525,200.60833967639832,32130900
2022-03-07,185.8380584716797,199.14123438340457,185.64971001813566,199.04209884176245,38560600
2022-03-08,188.63351440429688,194.9877188332705,184.48990866339375,186.21476736768085,37508100
2022-03-09,196.77203369140625,197.36681666982452,192.23190132562794,194.03606526779308,31894700
2022-03-10,193.5106658935547,194.57134347134718,189.40670599838367,193.14387652938188,24853000
2022-03-11,185.97682189941406,191.8750230568434,185.0450023478886,190.96303363699852,34694500
2022-03-14,185.00537109375,190.61608870370827,184.20242464895531,185.40188300136523,31010500
2022-03-15,190.35836791992188,190.6061916572676,184.2916476700059,189.13907936744985,31721700
2022-03-16,201.85736083984375,201.9564812422435,192.82666479132567,193.00509059122,40640300
2022-03-17,206.03073120117188,206.22898715868908,199.35932066827604,199.9441810370378,29499700
2022-03-18,214.60543823242188,214.91273723110518,204.2067492915965,204.9006526960362,52128000
2022-03-21,209.64894104003906,212.84091148088274,205.82254253724898,212.6327329191068,30142300
2022-03-22,214.7640380859375,217.54958951329053,208.3503587518727,209.53000212527914,31998800
2022-03-23,211.601806640625,214.91272782980164,210.3131203024904,211.47293346902381,23717300
2022-03-24,217.6586151123047,218.74903035989297,212.92021186485715,213.12839043651937,31502300
2022-03-25,219.88905334472656,223.53701150483215,216.9845512720911,218.59044425279404,40039000
2022-03-28,221.64361572265625,222.08969538769563,217.6288684853834,220.19633368710993,26224100
2022-03-29,227.85903930664062,228.8800718121414,223.3288144925983,224.1020384066852,31417900
2022-03-30,225.86654663085938,229.1378076655561,224.73647106182824,226.9173167936126,25588000
2022-03-31,220.4243621826172,226.5010055211735,220.3252266298141,226.4613452496676,24192300
2022-04-01,222.8926544189453,225.30149365853208,220.7613614029989,222.59526293695754,19544800
2022-04-04,231.85394287109375,232.3099451398338,223.89384674433114,224.01279728141182,28054800
2022-04-05,229.82179260253906,234.7980969460223,229.00893869737314,232.0422984945777,29727200
2022-04-06,221.3561553955078,226.99662582724713,219.4826086293868,224.9347306089512,28995100
2022-04-07,221.00917053222656,223.55680540444948,216.6573870066658,221.98063519171617,21037200
2022-04-08,220.39459228515625,223.17022097182485,218.11461103803705,220.44416005430307,18375700
2022-04-11,214.57569885253906,218.6895666015548,213.34648774183083,216.51862836918798,20516600
2022-04-12,212.27584838867188,220.09716303795494,211.27464617788647,218.32275216419532,20128800
2022-04-13,213.11849975585938,214.72439268188097,209.49035672762682,209.97609668254103,19231800
2022-04-14,208.35032653808594,213.11846706561946,208.17190074076785,213.01933153869314,18379500
2022-04-18,208.9352264404297,211.52250668657197,206.48672687267987,208.1719251462913,16580800
2022-04-19,215.4182891845703,216.52853461621248,207.1806311048147,208.68740356630022,20089900
2022-04-20,198.67532348632812,212.29572095663042,197.18838112552498,211.7505057324773,43036500
2022-04-21,186.43284606933594,201.20313458082896,183.96451623076376,199.8450653573932,49954100
2022-04-22,182.5072784423828,191.04232691108706,181.6745944761574,188.7127781801448,36426800
2022-04-25,185.36224365234375,185.55057698247137,180.0786398818122,181.13931758710004,29281100
2022-04-26,179.37484741210938,185.5605343536084,177.9374725255358,185.00541151128726,31747400
2022-04-27,173.4270477294922,179.6325637703488,167.5288458276173,172.91157012244597,71062900
2022-04-28,203.9390869140625,206.7147155418311,191.22077206999722,201.1535507830585,100890600
2022-04-29,198.72491455078125,210.63036233645147,198.1598691269825,202.6801871394876,49193400
2022-05-02,209.29208374023438,210.03555486785692,199.24035469981607,199.41878050998523,49915300
2022-05-03,210.18426513671875,213.0292767771703,206.2785606489031,208.6180173147746,41556300
2022-05-04,221.46517944335938,222.3474312284275,205.15838267388668,208.8162478551521,41375900
2022-05-05,206.4668731689453,218.25336736113462,204.3653331000741,216.83582310266792,41129200
2022-05-06,201.99615478515625,207.55731947021067,199.27009396161898,205.53506951603146,34747200
2022-05-09,194.50198364257812,200.80661996260716,193.87746300031426,198.10037393010384,36303200
2022-05-10,195.92941284179688,201.19320098052617,192.4995412750609,197.7732217905714,34452500
2022-05-11,187.09698486328125,198.9231244951387,186.63107510002862,194.620908719446,31153400
2022-05-12,189.5752410888672,196.3259569009474,183.17146941432156,185.4316205639354,38262200
2022-05-13,196.8909912109375,198.14993998847334,189.61489016381347,190.90357657872764,24549800
2022-05-16,198.2986297607422,203.58223351596016,194.22440702177838,195.33466762129902,27112600
2022-05-17,200.85617065429688,203.67145970606575,196.63325976558357,200.36052319724772,24872700
2022-05-18,190.56655883789062,199.25029771068165,189.96186827462572,198.25900269719568,23960000
2022-05-19,189.62478637695312,193.58996580154144,187.9495107758702,189.53557347013006,24446900
2022-05-20,191.85520935058594,196.1871783731729,186.23456905164684,193.2727689309171,31465600
2022-05-23,194.52178955078125,195.27518333819546,189.57523779332573,193.49084953374,25059200
2022-05-24,179.701904296875,182.08100555682256,174.57691244765323,178.97826339191744,50406300
2022-05-25,182.22970581054688,183.83559837802295,177.75897217620135,178.8295571372143,28030200
2022-05-26,189.9618377685547,191.15138856851496,180.67339469817318,181.28800779348728,23056500
2022-05-27,193.43136596679688,193.62962190857738,188.14776268187097,189.69418020410123,22562700
2022-05-31,191.954345703125,195.87988020083372,190.33853016005855,193.19346434021034,26131100
2022-06-01,186.9978790283203,197.79308044410078,183.38956601023835,194.79936545558363,36623500
2022-06-02,197.12889099121094,199.19078605787604,186.09577466544653,186.80950815490593,31951600
2022-06-03,189.11923217773438,194.89848302655813,188.12793731775005,194.27396242446108,19465000
2022-06-06,192.55902099609375,195.20577638077057,186.75994018212134,192.30128978527938,30574200
2022-06-07,193.9468231201172,194.81916739139774,189.8230482148781,190.25920522456,18828700
2022-06-08,194.92825317382812,200.27133275526288,192.71766950263446,192.9754007638714,22267200
2022-06-09,182.3982696533203,197.71377350934452,182.08104801085352,192.58878046517898,23501600
2022-06-10,174.04165649414062,181.50610603720847,173.4964412625436,181.44661563615782,27450800
2022-06-13,162.830078125,171.07765810739633,162.60208455665708,169.10497601341515,31749300
2022-06-14,162.3047332763672,165.29844854373295,159.95536886300997,164.5847149021628,27244300
2022-06-15,167.87579345703125,170.661329641027,162.55252968231065,165.74450039607447,30008300
2022-06-16,159.46958923339844,163.64294698629192,158.22056323389432,162.29478545665458,26944100
2022-06-17,162.31460571289062,164.4557908494942,158.50802242635217,160.2725258484744,31374200
2022-06-21,155.68287658691406,166.29963714436744,154.61227621435427,164.48556555136005,50724900
2022-06-22,154.49330139160156,159.390285021925,154.086866891369,157.00127603788218,47267800
2022-06-23,157.36807250976562,158.35936745470903,152.90724525752032,154.90966528157492,40499200
2022-06-24,168.6787567138672,168.76796963145938,159.8958826231622,160.32213220229877,68736000
2022-06-27,168.01455688476562,170.25487763124974,166.54742972686054,169.82862813839694,29174600
2022-06-28,159.28126525878906,169.80882791035233,159.2118824778089,168.42100590518334,27744500
2022-06-29,162.51287841796875,164.88207247948387,158.92439593906067,162.1461041676376,28595200
2022-06-30,159.8463134765625,163.7916632111336,157.11034481217,160.73847289674504,35250600
2022-07-01,158.6369171142578,159.2217774583534,153.6507051194892,158.9144784682679,31423900
2022-07-05,166.72589111328125,166.7853663869358,155.65312893111812,156.76337437522923,28618600
2022-07-06,168.29214477539062,170.09629368542892,164.0196660402876,166.7358044722956,23085900
2022-07-07,170.6910858154297,171.21647094718156,166.3194713031898,167.9749321123274,24083400
2022-07-08,169.3924560546875,170.89921322255273,166.68621042725124,168.50028168128424,19249200
2022-07-11,161.46209716796875,166.0319666680864,160.50054002986025,165.61562467931125,21885600
2022-07-12,161.84872436523438,164.46574232541377,160.68891113440077,163.3654043690906,16639700
2022-07-13,162.06680297851562,163.54382264724677,158.2205740607195,158.7657892618441,16555100
2022-07-14,156.6741485595703,161.1746203649273,155.91084731663682,159.8165513084792,23765200
2022-07-15,163.2662811279297,163.54384251386296,158.42877188312036,159.1424903569766,23342800
2022-07-18,165.7742156982422,170.19539690908684,164.1980606865161,165.2983984566934,23574300
2022-07-19,174.2498016357422,174.95362761088478,168.0343789009671,168.88689304820255,25933700
2022-07-20,181.4961700439453,182.00174009691054,175.16179657187416,175.9449279721321,24784300
2022-07-21,181.5754852294922,182.24957362777684,177.31291412933265,179.05760283598016,27195800
2022-07-22,167.79649353027344,174.0713921211751,166.94397930324826,171.5634172107559,42583900
2022-07-25,165.1992950439453,169.08518450414397,163.37531599182617,167.52884419406948,26166300
2022-07-26,157.76458740234375,164.55496395320677,156.57503647124767,164.49548867554608,28468400
2022-07-27,168.10382080078125,169.3825847933794,160.60963244648286,161.1746627742943,43846600
2022-07-28,159.3209228515625,160.1040391932578,153.50202643480458,159.6579594985726,73214300
2022-07-29,157.7150421142578,158.74598226905744,153.81924486012792,156.31731252016746,42065400
2022-08-01,158.53778076171875,163.7520014408737,153.87869791368956,155.88111777957656,40596700
2022-08-02,158.79551696777344,160.8276743398196,156.63448643098596,156.9318778971807,27374500
2022-08-03,167.33058166503906,168.06413020831988,160.16352379387357,161.2737692383806,31721900
2022-08-04,169.08517456054688,170.65140715656858,165.34798863611059,166.83493095275554,23938200
2022-08-05,165.65528869628906,170.1161156749895,164.3566948181987,165.53633815049744,25832700
2022-08-08,168.7679443359375,175.96473933628346,165.67510931528614,166.5375309746696,27299100
2022-08-09,167.0629119873047,168.05420679058827,165.14972027742735,167.47925398956878,18655100
2022-08-10,176.7875213623047,178.90889175358808,172.43573754030913,174.4579875213586,30262100
2022-08-11,175.94491577148438,181.50608008675786,174.83465533334396,178.14559139095888,24079100
2022-08-12,178.9287109375,179.88036059846178,177.35255583980407,179.23600990455236,21274000
2022-08-15,179.31533813476562,179.86055336796744,176.64875236998225,177.40214619257392,15878700
2022-08-16,177.90769958496094,179.41447209085894,175.49884507628477,177.8779619475911,21156700
2022-08-17,173.32791137695312,176.5892647931606,172.65382301032733,175.2212730535076,20118100
2022-08-18,173.13958740234375,174.23000282092323,170.3639583920266,172.82236574358237,18844500
2022-08-19,166.49789428710938,170.81994055822395,165.59581231831734,168.71838513218586,26240800
2022-08-22,161.6306610107422,164.04942335413892,160.84752945030104,164.04942335413892,19499700
2022-08-23,159.70751953125,163.61322379839797,159.30108499815987,161.06558868342577,18111800
2022-08-24,161.83877563476562,164.01963618816083,158.37916663370757,159.2019430923144,20891500
2022-08-25,167.31076049804688,167.409896043459,162.59220198006366,163.74209262665752,15550500
2022-08-26,160.37167358398438,169.43210756676726,160.2626305495521,167.01334580369445,24023600
2022-08-29,157.784423828125,161.63065328045607,157.62581299739847,159.26145882808834,20052700
2022-08-30,155.79190063476562,160.25272741333785,154.55278208516222,158.9541335935069,19567900
2022-08-31,161.5116729736328,166.3789346284713,160.72855664749912,165.61564843587365,40953000
2022-09-01,163.92051696777344,165.9031066673711,158.95413521562654,162.15601334520824,30145700
2022-09-02,158.9243927001953,166.46813175460187,157.8339623485163,165.99231447657763,22634200
2022-09-06,157.1598663330078,160.28245393711506,156.3172748532642,158.70629888151421,19339800
2022-09-07,158.99378967285156,159.55883503081463,155.44495208745863,156.38667922477052,16831200
2022-09-08,160.64923095703125,160.81774925591185,156.36684533746566,157.32840249210523,22530800
2022-09-09,167.67752075195312,168.06412514515839,161.60089350110928,161.82888708531772,22086800
2022-09-12,167.48919677734375,169.89803617879264,165.8238134418822,165.93285648840623,23220400
2022-09-13,151.7969970703125,160.22300395305948,151.3409947482943,160.13377591386535,44444100
2022-09-14,150.15142822265625,152.20340064312884,147.75249656335097,151.99523720059614,43064200
2022-09-15,148.24815368652344,152.85766887034347,147.4055469804249,148.49597740879247,34606300
2022-09-16,145.01651000976562,147.28658357814408,143.0339204046636,146.7611985428687,40122800
2022-09-19,146.73146057128906,147.28658323928715,143.83688156961458,143.97566223661408,22169500
2022-09-20,144.81826782226562,147.54432878807003,143.9558461024819,144.51096882445577,23217400
2022-09-21,140.88284301757812,148.29774063763287,140.7638924558105,145.11567697669463,38338600
2022-09-22,141.57676696777344,143.32144081863817,139.64372951040622,140.31781801307898,34418500
2022-09-23,139.18771362304688,141.37846677265173,137.68094121464907,140.188915976952,31710700
2022-09-26,135.18287658691406,141.00178775969545,135.0044507707675,138.90023234956038,30497000
2022-09-27,133.2300262451172,138.2063307938041,132.95246488791165,136.71938846907756,30826500
2022-09-28,140.37728881835938,140.79363091292262,133.1011869794441,133.44813116193265,32658500
2022-09-29,135.22254943847656,138.6226838987271,134.02307587866284,138.14686655208894,38985400
2022-09-30,134.4988555908203,139.76264307360117,134.32042980799207,134.86564490989477,33166400
2022-10-03,137.40341186523438,138.40461445230108,134.91526665577177,135.9462068852094,27723100
2022-10-04,139.058837890625,141.15047059220228,138.12701832793766,139.26701646086826,34670700
2022-10-05,137.77017211914062,138.98947583553354,133.60673622730505,137.03662351437458,27979300
2022-10-06,137.85939025878906,140.2186618566196,135.41089062341658,136.5211360812192,36231100
2022-10-07,132.28831481933594,137.0861789925336,131.2871123139666,135.56949885152673,33214800
2022-10-10,132.62535095214844,134.92516260493787,130.72206637361302,132.3874498335573,24024000
2022-10-11,127.42102813720703,131.50517303734162,125.88452572051676,130.4742179650908,38481400
2022-10-12,126.39009857177734,128.5412066696093,125.15097995832855,127.20296764266038,34605200
2022-10-13,129.15582275390625,129.99842957946888,121.46337876939296,122.45467379901403,34325700
2022-10-14,125.65653991699219,130.6427443431372,125.41862370269885,129.8596280507722,23559400
2022-10-17,132.8731689453125,133.61664016062548,129.04676981879663,129.16573549889992,29612200
2022-10-18,131.64395141601562,136.6400705127759,130.25612963150132,135.89659941870124,25445000
2022-10-19,132.07020568847656,135.80739142500235,131.06900335762276,131.73316907721394,30691000
2022-10-20,130.38502502441406,135.57941606596407,130.1669389228935,131.7728319195805,26356300
2022-10-21,128.8782501220703,128.98729317086242,124.348040097076,125.21046185736593,46348600
2022-10-24,128.59078979492188,132.3180535839191,123.48561898528632,126.14228991228431,63563400
2022-10-25,136.3129425048828,137.1456416326247,129.45318430388568,129.740668266427,38433200
2022-10-26,128.68991088867188,134.37002641761245,127.411132000014,130.53370487759855,82791500
2022-10-27,97.08743286132812,101.60773555462907,95.54100754810898,97.12708556812662,232316600
2022-10-28,98.33645629882812,99.97209448364832,96.66117297131608,98.7131532212235,95928300
2022-10-31,92.34902954101562,98.45540173117791,91.79389929610683,97.36497893611102,121361400
2022-11-01,94.37126159667969,96.64132758810362,92.7356312329234,93.50883996407636,110189600
2022-11-02,89.75183868408203,94.37126885823125,89.69236341187202,93.38988905186778,71821100
2022-11-03,88.13603210449219,89.67253464279368,87.64038466059239,89.29584530810257,60664000
2022-11-04,89.99966430664062,90.59443973026505,87.32316355586093,89.56349213325879,55638100
2022-11-07,95.87805938720703,96.03666266401373,92.28956854830957,93.95494455117598,81987300
2022-11-08,95.63021850585938,96.94864251443767,93.96484280107093,95.08500329540075,52088300
2022-11-09,100.58668518066406,103.98682666795818,99.86303664453173,100.83450888217827,107677300
2022-11-10,110.89614868164062,111.76848535687554,103.69934653127113,106.18749852248179,80671000
2022-11-11,112.03614807128906,113.89978735355452,107.86279738275933,108.27914699531694,59961700
2022-11-14,113.2257080078125,115.25785807460645,109.83548116552747,110.02382205922324,53395000
2022-11-15,116.06080627441406,117.70635184117295,113.41405076200675,115.05959632876564,50670500
2022-11-16,112.24430847167969,115.0694970117229,111.67927076367104,113.50324948321516,33287800
2022-11-17,110.47982025146484,111.35216465645112,108.84418961807627,109.44888014863072,35093800
2022-11-18,111.07460021972656,113.32483638895054,109.65704816363142,112.80936635172509,33357700
2022-11-21,108.90365600585938,111.39180826964389,108.23949025208182,110.54920157215746,24351100
2022-11-22,110.46990203857422,110.64833541657183,107.37705934094218,108.90365433870404,29029000
2022-11-23,111.26293182373047,111.68918891166292,109.76608204588022,110.74746182954631,21343100
2022-11-25,110.4401626586914,111.74867155568367,110.05355070998553,110.33111962036043,12007600
2022-11-28,107.83306121826172,111.06468480598609,107.43654173387552,109.8156510772126,23309400
2022-11-29,108.50713348388672,109.97425319109101,107.59514403607353,108.58643888708252,23899200
2022-11-30,117.07191467285156,117.13139750383256,108.42782278422197,108.55669594886484,43348600
2022-12-01,119.39155578613281,120.14493443708561,117.36931335693296,118.16234470998532,36551400
2022-12-02,122.41499328613281,122.96020845378193,116.58618255853281,116.80426862559247,39950500
2022-12-05,121.36421966552734,123.58471784498659,120.29361949288526,120.69013891567629,35474900
2022-12-06,113.12657928466797,119.50060593921687,112.74988237378976,118.86617779381996,43689200
2022-12-07,112.938232421875,114.87125452292487,111.8973697133219,112.76971409777941,29461100
2022-12-08,114.32604217529297,116.31853947098587,113.59247850687862,115.37681234494076,30619400
2022-12-09,114.89106750488281,116.51679035305717,112.87874029421448,114.29629214435202,26033400
2022-12-12,113.71144104003906,114.71265104161625,112.15510829524132,114.17735086937637,24747100
2022-12-13,119.10409545898438,122.22667621362064,117.60723789516547,121.06685531871187,44701100
2022-12-14,120.53153991699219,123.05934486705796,118.35069422268502,118.35069422268502,36922000
2022-12-15,115.1388931274414,117.59730000887403,113.01752284952003,117.29991610512512,34531000
2022-12-16,118.39035034179688,122.2365718354215,117.78565984708287,119.1833892878749,67064000
2022-12-19,113.48344421386719,116.77454300063903,113.33474846530926,115.81298573134167,29769900
2022-12-20,116.07071685791016,116.30863308058215,111.48102416799355,112.27406311760701,28742500
2022-12-21,118.71747589111328,119.29242116853779,114.61351572943319,115.68410844245172,20392800
2022-12-22,116.1004638671875,117.587406248649,113.38431033837217,116.1797617130006,23618100
2022-12-23,117.012451171875,117.15123185315484,114.53421391619223,115.01994630067168,17796600
2022-12-27,115.862548828125,117.56757731975019,115.0397797831497,116.90341153100645,21392300
2022-12-28,114.613525390625,117.12150041606034,114.50448234056431,115.23803848944327,19612500
2022-12-29,119.2131118774414,119.97640552723817,114.76219288792947,115.38671343710577,22366200
2022-12-30,119.29241943359375,119.37172483725053,116.71505431858502,117.13140390629331,19583800
2023-01-03,123.65411376953125,125.26992916696545,121.21552941909272,121.75082952962498,35528500
2023-01-04,126.26124572753906,127.92662161495406,124.75447310593566,126.27115323210313,32397100
2023-01-05,125.8349838256836,127.40123166743142,123.45587442453174,125.0320297704694,25447100
2023-01-06,128.88816833496094,129.1954673366725,124.94281126846515,127.84730565506447,27584500
2023-01-09,128.3429718017578,131.79267435307256,128.1546233214168,130.01826286252302,26649100
2023-01-10,131.83229064941406,132.27837024954658,126.04312553468338,126.16207606113016,28684400
2023-01-11,131.73318481445312,132.6848346183648,129.20537967608695,129.81999282847258,25423000
2023-01-12,135.5199432373047,136.4814854510704,130.61302099038483,132.27840442063882,30757700
2023-01-13,135.78759765625,136.19403227476784,133.6662267614502,133.795099963898,22423800
2023-01-17,134.1816864013672,135.55958579083892,133.08134839064078,134.99454040313262,21147600
2023-01-18,131.86204528808594,136.05521827168238,131.6439592108342,134.6277512663834,20215500
2023-01-19,134.96481323242188,136.25349980566895,130.98972557953786,131.3366848928604,28625200
2023-01-20,138.1567840576172,138.72182948749708,133.4382251408043,134.70708157433316,28688600
2023-01-23,142.0228271484375,142.50855197768175,137.45295697105522,138.07746248379212,27470100
2023-01-24,141.89395141601562,143.73776053550952,140.1294477036565,140.45657683585247,21970200
2023-01-25,140.26821899414062,141.9236795516066,139.088575721669,139.9906576507307,26622000
2023-01-26,146.01773071289062,146.2258941555542,142.05255141383566,143.1429666455006,25482100
2023-01-27,150.4191131591797,151.85648792616513,146.1069737322616,146.94958055737123,35771900
2023-01-30,145.77984619140625,149.8045016344574,145.67080313194597,148.109395586257,28040100
2023-01-31,147.6731719970703,148.57525380019487,146.2357977138026,146.66204717240367,29842100
2023-02-01,151.7870635986328,152.24306588807985,145.77981918793483,146.7413764088904,55661000
2023-02-02,187.12673950195312,195.4437029742972,178.591689945036,181.78366068183163,150475700
2023-02-03,184.90623474121094,195.05709986672147,181.29792194431568,181.87287479600266,76809700
2023-02-06,184.44033813476562,189.0399461515418,183.90504551092542,184.90624797679354,42483800
2023-02-07,189.95193481445312,192.0931355517408,182.7947840150465,183.96451992977168,47080700
2023-02-08,181.8332061767578,189.16879710609436,181.32765125110058,188.34602056954392,36139100
2023-02-09,176.3712158203125,185.02521748633177,175.72688007965073,184.50975494418725,37118800
2023-02-10,172.63400268554688,177.33274600863183,171.84097885758246,174.81486359032888,33433600
2023-02-13,177.8680419921875,179.42438229242248,174.2894818165588,176.66858359767645,31463200
2023-02-14,177.9176025390625,179.92992995474845,174.34895001230046,175.61780626083268,24034600
2023-02-15,175.61782836914062,176.6388610238248,173.80375667779919,174.8842646131894,25308900
2023-02-16,170.93890380859375,174.31922322248573,170.29455301472416,171.24620282331836,25827500
2023-02-17,171.37506103515625,171.67243739377372,168.22273550017792,168.73821306504692,24171300
2023-02-21,170.58201599121094,176.6189978696537,170.3837600506006,172.79259922463552,34592600
2023-02-22,169.63037109375,171.25609405423205,168.21282670866515,169.58081845166606,22433200
2023-02-23,170.5423583984375,172.17800396749618,167.9055256077023,170.50271326007802,20017800
2023-02-24,168.90673828125,169.2338674150604,166.20050742549483,167.17197219726032,19791300
2023-02-27,168.06411743164062,171.61295470878045,167.5883001524476,170.3837588103686,19277000
2023-02-28,173.41712951660156,176.00440977021506,170.37384696069057,170.40358459714915,46051100
2023-03-01,171.91036987304688,176.3018144043206,171.54359557874108,173.070183159276,30998400
2023-03-02,173.0106964111328,173.48651372435538,169.93767619340952,170.8794184422329,17352000
2023-03-03,183.6373748779297,184.99544401107892,175.50875995980698,177.36247652852418,45877700
2023-03-06,183.29042053222656,188.00899392583824,183.03268930417306,186.36344076544492,33209400
2023-03-07,182.90380859375,188.7028895567601,182.4081611653204,187.35472794639318,36701500
2023-03-08,183.35980224609375,183.64727108561956,179.7613972448921,181.27807709436618,19432400
2023-03-09,180.10836791992188,187.28533312080012,178.7304686513036,184.7278056589579,26582800
2023-03-10,177.9473419189453,183.16156276961232,177.2435310110156,179.4342842678197,25665000
2023-03-13,179.32522583007812,182.1801597351484,173.29816667086516,176.41083178227044,24728000
2023-03-14,192.33103942871094,192.62843092188572,184.93597286944848,185.94709789585886,41642600
2023-03-15,196.028564453125,196.05830208974152,189.1787131345453,191.2703459570102,42123600
2023-03-16,203.14605712890625,203.9688337131776,194.38301382017207,196.53412194369412,50447100
2023-03-17,193.90721130371094,200.1424500615832,193.7287703421233,198.81411842093698,50141100
2023-03-20,196.08804321289062,197.62455334455456,191.95434526414255,196.75220898573428,25186300
2023-03-21,200.40017700195312,201.77807628307767,196.22681889275694,201.4311170239478,31827000
2023-03-22,198.0706329345703,205.56482001084692,197.93185225263778,200.7372186543796,28477800
2023-03-23,202.5017547607422,206.07042304675934,200.39029143101854,201.07428744633535,27389700
2023-03-24,204.2166748046875,205.77301519457242,201.7780976074665,203.39389815045016,27716400
2023-03-27,201.0742645263672,204.06797951805956,199.60715223199819,203.02711679278647,18527200
2023-03-28,198.9330596923828,199.28001896896532,196.17726099151233,198.40767458850203,19127300
2023-03-29,203.56240844726562,203.9291827103764,200.7768571452326,201.78798215208548,18851100
2023-03-30,206.03073120117188,206.27855492955837,201.0544416258621,201.60956435729426,22608300
2023-03-31,210.09503173828125,210.3230253172204,204.9700392079461,205.43594899488193,25440300
2023-04-03,211.2152099609375,211.63155200058463,206.387593549827,207.02202167585494,17924600
2023-04-04,212.85081481933594,214.35758710921513,210.6897843491984,211.5323909564364,21026400
2023-04-05,209.63905334472656,213.31676429191103,208.11246576583304,212.28580906573094,19396600
2023-04-06,214.21884155273438,215.0515256680938,206.83368218453202,207.42846519605177,26104400
2023-04-10,212.88058471679688,213.7826667269681,208.8261921119088,212.84093957529885,16106100
2023-04-11,211.98843383789062,214.13954209197752,211.55226163411987,213.6042343415459,16710100
2023-04-12,212.13711547851562,214.9523894555701,210.72947848998837,212.96979959128493,18972200
2023-04-13,218.43182373046875,219.224847500562,213.81238615247736,213.85203129059846,23310400
2023-04-14,219.5618896484375,220.17648758119475,215.6561857349428,215.983314832495,21591200
2023-04-17,216.9547882080078,219.056328418045,215.23985237860873,217.87668514416077,15481900
2023-04-18,215.9932403564453,218.52104532046772,214.32787222191163,217.99566024521894,12281000
2023-04-19,213.82229614257812,215.4381115885571,211.07640517251718,211.61171286211123,15898100
2023-04-20,211.2152099609375,214.8631679041083,210.91781846805821,211.62162937104753,16475400
2023-04-21,211.03675842285156,211.55223597623976,207.7555749142046,208.3800955053103,17717200
2023-04-24,210.93765258789062,212.05782075798314,208.8757723359463,211.81990451693062,15750900
2023-04-25,205.7432403564453,209.42093562235263,205.32689835234027,208.98477861278425,19198200
2023-04-26,207.57711791992188,212.24612292252635,207.0616555323662,210.65013774445944,41992700
2023-04-27,236.48333740234375,239.58609565330042,234.70892597308261,237.80176159323008,71196500
2023-04-28,238.2279815673828,238.3370094781109,233.69775691934507,236.92937263012743,39554000
2023-05-01,241.06307983398438,241.87594888989452,234.4015922066699,236.54277763553986,29143900
2023-05-02,237.15740966796875,242.78795773263934,236.90958593006684,241.06309907149617,24350100
2023-05-03,234.9666290283203,239.6455421682171,230.72388806474677,237.38539100541473,34463900
2023-05-04,231.48719787597656,236.126450919723,230.9023223675368,234.00508036001702,17889400
2023-05-05,230.7535858154297,232.63703975021934,227.84909951980728,230.21829331717024,27000500
2023-05-08,231.2393798828125,233.56891396654385,228.2654949985898,229.40547815382422,16400500
2023-05-09,231.33848571777344,233.8266455946459,229.0684270546972,229.4451239565892,16865600
2023-05-10,231.05099487304688,234.68904499084164,228.71153852913469,234.11409218905428,19119000
2023-05-11,233.73744201660156,236.1363892338316,230.27783213801004,231.0213033899886,20449000
2023-05-12,231.77467346191406,234.8972616787955,229.43521673831066,234.67917557631003,16161400
2023-05-15,236.78070068359375,238.16850749476043,233.2814308927608,234.8575861552915,20653200
2023-05-16,236.74105834960938,237.55391231265511,233.46978211198044,233.73742084776137,18163800
2023-05-17,240.37908935546875,241.71732830364155,236.06695078411929,236.37424976201174,21193100
2023-05-18,244.70114135742188,244.9390424423486,239.09040883985995,239.1994518791044,22943300
2023-05-19,243.50167846679688,246.52513093495048,241.29109507655596,245.31574994768903,21733600
2023-05-22,246.15835571289062,251.36265391430516,242.98619994649877,243.2736839367334,27738500
2023-05-23,244.59210205078125,249.41970323490676,244.50287401661294,244.66148482629066,17748100
2023-05-24,247.0406036376953,247.41728540634753,242.81767776935007,243.14480689478242,17724300
2023-05-25,250.4903106689453,253.39479746511117,247.00094838612523,251.19412157731733,22371400
2023-05-26,259.7588806152344,260.0265193027739,250.510098930214,250.7281698558531,25727200
2023-05-30,260.2347717285156,266.3114153676037,259.01549814969866,262.9410181690731,23816500
2023-05-31,262.4155578613281,262.6931191922848,256.20015042244955,257.7366452452606,25473700
2023-06-01,270.2369079589844,271.6148224918179,263.57543478497155,263.58532716339073,25609500
2023-06-02,270.2369079589844,272.95307675520934,268.7598881304285,270.28649085876737,19416900
2023-06-05,269.0274963378906,273.17110112649306,267.2134100069179,267.9469584402539,20742900
2023-06-06,268.75982666015625,274.16239512591744,267.3422824340207,267.7883771704285,19419000
2023-06-07,261.3053283691406,271.8626124655505,260.5122743384185,269.30508506477685,26163600
2023-06-08,262.27679443359375,265.320077073053,256.6264315879081,258.3512750536968,20899400
2023-06-09,262.64361572265625,265.61750064760685,259.4219070539598,260.19511592437004,16949800
2023-06-12,268.69049072265625,269.3844093055368,263.0202822587517,264.8442916334225,15442500
2023-06-13,268.9581604003906,273.3198522484866,266.74756171115075,272.48716809809827,16164000
2023-06-14,270.9704895019531,272.5961975421648,265.98427695032746,269.5232072981204,19175100
2023-06-15,279.3766174316406,281.5178179621432,269.05726454784934,269.9295786141267,25973500
2023-06-16,278.5538330078125,285.3442082969982,277.69141139005217,282.2711884305146,43127700
2023-06-20,281.8548278808594,282.32073763157575,273.8154418388248,276.30360138540755,20701600
2023-06-21,279.18829345703125,281.52773476017416,275.93681733767835,281.06182497496616,20556200
2023-06-22,282.4001159667969,282.7768128958016,275.37183825791345,276.6505869881599,17563100
2023-06-23,286.216552734375,287.1483722477748,276.5216909955678,279.0594032123411,51092000
2023-06-26,276.0458984375,287.26736422711815,275.183476694736,286.18685639120184,24232700
2023-06-27,284.5511779785156,286.8311743118034,278.2068969133884,279.555073656432,26108300
2023-06-28,282.8065185546875,287.02941407913994,281.5872149884615,282.3406087612761,16722100
2023-06-29,279.07928466796875,284.0754200195691,278.2466004846892,282.0234320758143,15395700
2023-06-30,284.4818115234375,286.53376890451335,281.9440990867374,282.2811357109331,19694900
2023-07-03,283.5301513671875,286.88073290993367,282.3703532958794,284.2042548786633,8629300
2023-07-05,291.80743408203125,295.5247894373961,283.8671533623589,285.1459320751407,33865500
2023-07-06,289.44818115234375,295.5248235823149,288.7741078971482,293.3142553701415,47600500
2023-07-07,288.0008850097656,293.62153999226626,286.1471685227358,289.63651542467915,25586000
2023-07-10,291.5398254394531,295.5347425297434,284.5511784998187,292.9771848405433,37058300
2023-07-11,295.693359375,297.56689097448395,289.35897054625923,291.3415603139649,27585900
2023-07-12,306.64715576171875,306.75621392994793,297.48760071490796,299.1232312229929,36677100
2023-07-13,310.6817626953125,313.48711417229805,307.58892720415946,310.8899261701611,30281000
2023-07-14,306.1812438964844,312.13893578938223,304.68437895121997,309.0758382489042,23054100
2023-07-17,307.916015625,308.9965234309528,302.05745916188715,304.8628406574557,25323100
2023-07-18,309.3335876464844,311.46489606355357,304.9421581279669,308.17378945631805,20731900
2023-07-19,313.25909423828125,315.90583453833557,307.81686495769065,310.3050247039344,21763700
2023-07-20,299.8865661621094,312.7932470109365,299.5891897493399,310.7709966483321,23836900
2023-07-21,291.6984558105469,302.80094087646535,288.665095744608,301.9187041196789,42139300
2023-07-24,289.07147216796875,294.9300282701008,285.79028868592326,293.2051849386824,24915700
2023-07-25,291.9065856933594,295.7032315280009,289.3192904924628,292.6203191709946,19585600
2023-07-26,295.9709777832031,299.1431038718337,289.3590263225532,298.5681660392196,47256900
2023-07-27,308.9964904785156,322.5177659332042,307.14277406177325,322.28975724084523,64229200
2023-07-28,322.6466369628906,323.36037041695147,311.51438565561364,314.12149577602924,39220300
2023-07-31,315.82659912109375,322.82513953546345,314.82538147123347,320.8722871378495,25799600
2023-08-01,319.9007568359375,321.31833148178566,311.92084528786495,314.7757793342165,22817900
2023-08-02,311.5738830566406,315.6183830009451,307.94574026174797,315.2317634870685,20461100
2023-08-03,310.4636535644531,313.1996371815222,307.23202249512775,307.23202249512775,15180200
2023-08-04,308.0251159667969,315.63825454672553,307.49973081028435,312.21827458796827,17612800
2023-08-07,313.8042907714844,314.30986081830895,307.75738622328373,310.5032922794214,16236500
2023-08-08,309.9184265136719,315.12272430973746,307.41042158153704,311.6630848225731,15183500
2023-08-09,302.55316162109375,310.89987947036195,300.2137197630778,310.1564081634955,19955800
2023-08-10,303.0784606933594,309.6210123853604,301.224744268541,305.2593213413318,14358900
2023-08-11,299.0141906738281,302.0673654764671,297.745304234176,299.93608761646493,14046300
2023-08-14,303.5245361328125,303.54435113674515,295.65365354779925,298.35989905436605,15641900
2023-08-15,299.3215026855469,304.5555384693023,297.4182031951271,303.4750306746695,11623600
2023-08-16,291.7281799316406,298.4590504137435,291.7182573021849,297.5867363272898,18547700
2023-08-17,282.6082763671875,293.47286065252206,282.4695108038598,290.4989757740898,23950100
2023-08-18,280.7843017578125,283.20306391773346,271.991520167081,276.60103575190874,35347900
2023-08-21,287.3763732910156,287.97115625621416,279.396461784683,280.9825396079064,20181500
2023-08-22,285.0964660644531,290.35031779565327,284.2538592108278,290.0033584733458,12980200
2023-08-23,291.6786193847656,294.81111508897186,285.1658344882448,285.98859599429807,18287000
2023-08-24,284.2537841796875,296.8531326295478,284.1447562725001,295.9014980911481,18360900
2023-08-25,283.01470947265625,285.87956641170797,273.62714504469477,283.6392301342168,23701400
2023-08-28,287.7332458496094,288.9128891125971,283.3120491446648,285.4929098624364,14239300
2023-08-29,295.3959655761719,296.54587132156684,285.67136476377044,286.0678766841328,20844500
2023-08-30,292.5311279296875,295.69336104721475,290.87565215344677,294.5831156113279,17717000
2023-08-31,293.31427001953125,298.478908110715,293.0862612959808,293.2250268545487,17229900
2023-09-01,293.79998779296875,299.1133139449209,291.90661090057637,296.76394986830445,12842300
2023-09-05,297.5372009277344,298.7664273516259,292.93760766197164,294.43444260469624,14956000
2023-09-06,296.56573486328125,300.6597577520027,293.0862797748744,299.08360235135336,15418100
2023-09-07,296.0700988769531,304.3771257874454,289.67623385522955,295.4059178983488,33748700
2023-09-08,295.2968444824219,302.59276023279784,294.19649144148667,296.61525335375495,17548000
2023-09-11,304.8826599121094,306.34978726869906,298.65732909121135,298.78620226973936,19489300
2023-09-12,299.0340270996094,305.97309149092956,297.61648263441475,303.6633574024578,13480400
2023-09-13,302.4044189453125,304.5059592872475,298.69698571008445,299.7279106218778,13210900
2023-09-14,309.0064392089844,310.1464222632418,302.37467408444013,304.06977984776057,19343100
2023-09-15,297.69573974609375,309.2839784085415,296.1493222742044,308.89735891461083,28131100
2023-09-18,299.9162902832031,300.9571681848217,295.2076390310998,295.59425860219534,14234200
2023-09-19,302.4143371582031,303.50476757967397,297.2001163940275,299.84688704196486,15924400
2023-09-20,297.0613708496094,305.3783197455341,296.82343949040535,302.3945122667024,19379500
2023-09-21,293.1556091308594,297.64617316620246,290.71700224931874,293.12587149825106,21319600
2023-09-22,296.4764709472656,302.7216470856656,295.6735244833445,296.6945570394368,25369600
2023-09-25,298.21124267578125,298.3302234798701,291.1433351844772,293.06644978298425,18987000
2023-09-26,296.3575134277344,297.6858449572033,293.4332116377571,295.0688421646148,19417200
2023-09-27,295.1481018066406,298.67710884740836,284.29344198108106,297.83453247540683,36429800
2023-09-28,301.31396484375,303.66332872549503,294.11718502598364,296.33767574089586,22167100
2023-09-29,297.5966491699219,307.93587851423496,296.754042410053,304.70424728900844,25373700
2023-10-02,304.1491394042969,304.5059910836601,299.0043159300185,300.10463885997774,16265600
2023-10-03,298.32025146484375,304.0994866817158,297.03158036045915,301.61135737230416,17362300
2023-10-04,302.91986083984375,304.2283772759008,295.9015067543039,296.1295154558936,16880500
2023-10-05,302.13677978515625,303.54440159622794,296.89282131542484,301.97816897158543,19130000
2023-10-06,312.68414306640625,313.5564874187688,298.2905520081828,298.81593709513936,21803900
2023-10-09,315.588623046875,317.5414751678971,309.10557632186953,309.7796495788927,22503700
2023-10-10,319.0383605957031,321.83381959341597,315.3904024685447,316.34203714260326,19038000
2023-10-11,324.9663391113281,325.97744913604026,320.13873722808717,320.19821250883945,22036300
2023-10-12,321.3381042480469,327.66256948427394,319.880899780603,325.1446723921644,20530500
2023-10-13,311.95062255859375,322.2204241253581,309.6508109232836,320.7136666325285,21341000
2023-10-16,318.3543395996094,319.0185204694929,312.7733446736432,315.8662100616769,16536100
2023-10-17,321.1795349121094,321.57604680606164,314.5378472437151,315.4101915615611,16387800
2023-10-18,314.2107238769531,323.10263972349975,312.8129945346358,318.5922603419994,16851000
2023-10-19,310.0869140625,319.08788750004817,309.03614402821887,317.09537533508325,18709200
2023-10-20,305.9631652832031,312.5552703274842,303.80214965849547,311.4053948634876,22312300
2023-10-23,311.2765197753906,314.59733347334077,304.5852792316508,306.80577011666287,17796800
2023-10-24,309.8292236328125,315.5787524774694,307.9259542753489,314.02241214997355,19525500
2023-10-25,296.9225769042969,308.17378070314754,296.2385809646329,307.3014363017255,42192500
2023-10-26,285.83990478515625,292.4320101500182,276.9678028849212,292.4320101500182,66684100
2023-10-27,294.14697265625,296.70450041423834,290.419693821055,291.9165589334296,29596300
2023-10-30,300.02532958984375,306.7066477918955,296.4467391323724,296.4863994004334,28435100
2023-10-31,298.6473693847656,301.03639345003336,294.2757557468523,300.66961921940054,19434200
2023-11-01,309.13531494140625,310.0175516552152,299.222366123352,299.222366123352,20434600
2023-11-02,308.16387939453125,316.04468693927066,305.64598156201987,314.5378991409536,21631800
2023-11-03,311.86138916015625,312.8031011868626,308.31253639094047,309.82921641467783,16764300
2023-11-06,313.0508728027344,315.5588473330183,311.7126490795683,313.22932885081644,12887700
2023-11-07,316.0446472167969,318.20566283791453,312.3768439867447,314.299958512523,14055600
2023-11-08,316.99627685546875,318.53277182519207,312.13893797333276,315.37056897639883,13609700
2023-11-09,317.7595520019531,321.35795714702647,316.0247860148068,316.63941423329265,16103100
2023-11-10,325.9079895019531,326.23513373605715,316.67903707934255,317.1548694871678,19096200
2023-11-13,326.3243408203125,329.4369907917262,322.8647316151257,323.36037901996815,16908900
2023-11-14,333.38238525390625,335.1568115946723,330.4283155624995,331.62780417236013,17179400
2023-11-15,329.813720703125,335.4541911554932,327.1471349777592,334.9882813381861,14531200
2023-11-16,331.2808532714844,331.667442561079,323.5388423305294,326.5028044744622,18932600
2023-11-17,332.1234436035156,332.5794307757708,326.4829733409951,327.38505530805384,14494400
2023-11-20,337.0105285644531,338.89398282519466,331.2808452491062,331.97476378028864,16960500
2023-11-21,334.04656982421875,336.94113402174503,332.9759543798253,335.3847937518308,12027900
2023-11-22,338.5173034667969,339.9348782395706,335.6326315263406,336.2571521863876,10702700
2023-11-24,335.28570556640625,338.8840808634013,333.83839314189083,337.1691599420157,5467500
2023-11-27,331.7864074707031,336.9411226805428,331.2907600321463,333.25350452760324,15684500
2023-11-28,336.03900146484375,336.42562094268436,330.4976673792026,330.4976673792026,12637200
2023-11-29,329.3081970214844,336.94115004399055,327.90054487082136,336.7329865734287,16024500
2023-11-30,324.3021240234375,330.5968527575102,319.5934731970562,329.0008824720162,23146400
2023-12-01,321.992431640625,324.01465154921027,317.96777657976315,322.64668993525703,15276400
2023-12-04,317.23419189453125,318.0668760036283,310.92957067483053,314.52797610294596,19037100
2023-12-05,315.5192565917969,319.078001589407,312.644507483201,316.2032524808111,16952100
2023-12-06,314.6865539550781,319.4447570091409,314.2801194470397,319.12753540502547,11294300
2023-12-07,323.74700927734375,325.38263987014375,315.0037806878623,315.0037806878623,15905100
2023-12-08,329.8534240722656,330.2697812992964,320.1882974465569,320.2775103697941,14087400
2023-12-11,322.4483947753906,327.0182798666103,317.2143590609615,326.5325248079935,25802500
2023-12-12,331.3105773925781,331.55840111361704,321.73466518140424,321.77432544730783,18485500
2023-12-13,331.8260192871094,335.4244243340028,329.74432436086573,331.02307290083434,16353300
2023-12-14,330.26971435546875,331.7863942469266,325.77914995119795,330.9437875845794,19607300
2023-12-15,332.0044860839844,335.7119191603619,328.33668302041815,329.0999691679317,31776900
2023-12-18,341.62005615234375,344.53446568560287,334.08620858508846,334.54222603722934,18993900
2023-12-19,347.31011962890625,350.5219361662081,342.1157432410635,342.5717304940917,17729400
2023-12-20,346.239501953125,351.8700500578923,344.76248214532603,345.6149812888574,16369900
2023-12-21,351.0075988769531,353.30741024884486,346.17007504363573,349.90727608593943,15289600
2023-12-22,350.313720703125,354.0905518678329,348.1625974502464,352.4846287114761,11772800
2023-12-26,351.74114990234375,353.8724581015916,350.3731883758891,351.8997607137992,9898600
2023-12-27,354.7150573730469,355.8748857712245,352.2170049987148,352.9703988386223,13207900
2023-12-28,355.2008361816406,358.7496590159659,354.6952660445902,356.56882813936073,11798800
2023-12-29,350.87872314453125,356.8661526201397,348.7573678571759,355.8649351224526,14987100
2024-01-02,343.2755432128906,350.0857348081717,337.05021201896517,348.2617556958284,19042200
2024-01-03,341.47137451171875,344.921091847354,340.19259554865863,341.97694461960975,15451100
2024-01-04,344.0982971191406,345.11932970434566,340.41067870668667,341.501109198634,12099900
2024-01-05,348.88623046875,350.42272536747254,343.24576041821206,343.96938628900244,13920700
2024-01-08,355.537841796875,355.85506343366256,348.9853666048785,351.61232236037006,13890200
2024-01-09,354.31854248046875,357.500621013295,352.266554698049,353.2975099042569,13463900
2024-01-10,367.24505615234375,369.69355598770045,355.9541916954143,357.03472985619703,22117200
2024-01-11,366.4519958496094,369.5349084412359,359.7706477096314,368.8905728121484,17205400
2024-01-12,371.2299499511719,373.7775846416125,366.3230592391268,366.93765712511953,19310000
2024-01-16,364.26116943359375,372.3402157968574,364.03319099664327,370.39728650901986,15306900
2024-01-17,365.1632995605469,365.33183300535507,355.48825160061466,363.1113118453537,12724800
2024-01-18,372.85577392578125,373.5695074989813,367.72087335155015,368.25615084250944,16354300
2024-01-19,380.11199951171875,381.0140511493726,374.67969316917856,375.7007255933001,21670800
2024-01-22,378.4565734863281,386.95197821430475,377.8419754760099,384.57287645581624,17680500
2024-01-23,381.8467712402344,384.9990814617669,378.75390603497135,381.2718033118794,15506100
2024-01-24,387.2989196777344,392.70145859414,384.4340629686961,386.60500116462015,15698500
2024-01-25,389.75732421875,392.047213033443,382.302797409854,386.7735471204069,15091100
2024-01-26,390.708984375,393.3359097959545,388.18116424199445,390.91714783237995,13163700
2024-01-29,397.5290832519531,399.42246020474215,389.6780443214767,391.5515760143711,18742400
2024-01-30,396.5774230957031,402.8225686731587,396.09169829023307,400.0766927751704,18614700
2024-01-31,386.74383544921875,394.53539941934156,383.73029025949774,385.6137446586027,20180800
2024-02-01,391.3433837890625,397.01359160077834,389.6284327898342,390.51069973653455,29727100
2024-02-02,470.8551330566406,481.72963881592403,449.0664915252919,455.59912098341835,84707600
2024-02-05,455.4107666015625,467.7920294868746,455.2224181615912,465.7896247984481,40832400
2024-02-06,450.76165771484375,463.05370950369905,449.0566291270659,459.960873984456,21655200
2024-02-07,465.5021057128906,467.4152973515391,452.20883926554103,454.01300300080743,23066000
2024-02-08,465.9085998535156,466.49346021033546,460.98186302371124,464.24323169322327,18815100
2024-02-09,464.03497314453125,469.4672792914781,463.4005602324606,468.83286637940745,18413100
2024-02-12,464.81817626953125,474.9789490756288,462.5183648227148,464.1143653554513,19382000
2024-02-13,456.11456298828125,463.81694302069843,451.12835130568254,452.892854856831,20916600
2024-02-14,469.1600341796875,469.982795609744,462.03262165462274,463.85660058253393,16858400
2024-02-15,479.8164367675781,484.366476420445,468.10924721096126,471.1426069795392,24212300
2024-02-16,469.19970703125,474.7905945088787,465.12546928119934,473.9479877976202,23324600
2024-02-20,467.643310546875,472.03473914380294,462.4984882396242,465.6309833618056,18015500
2024-02-21,464.447998046875,465.41057550181085,458.25576468630754,462.92970889465835,12921800
2024-02-22,482.40948486328125,486.23992842019754,472.41654676636847,476.5645485214587,21625800
2024-02-23,480.3255310058594,490.57645821723105,478.658395960272,484.31475349723246,18374300
2024-02-26,478.0530700683594,482.41941959747976,476.92181062419036,479.7698406915825,12101400
2024-02-27,483.3224792480469,483.5407967474676,476.2470722599557,476.30661064306867,10809600
2024-02-28,480.31561279296875,487.29180850441577,479.0553434545367,481.2881234084936,12715500
2024-02-29,486.3788757324219,487.93686726454155,478.91640943030325,484.70180744595217,17732000
2024-03-01,498.4556884765625,500.3907764734073,488.0856846060254,488.34367413066025,16273600
2024-03-04,494.377197265625,500.5595280134549,492.62075453598,499.1503823962354,12324100
2024-03-05,486.46820068359375,491.7871644614326,484.15604619661946,491.21161670016596,15325300
2024-03-06,492.2932434082031,499.120593170195,490.50703156108455,493.8214657207925,11757900
2024-03-07,508.2700500488281,515.8713989915751,497.5427848270461,499.42823746816646,18586400
2024-03-08,502.07781982421875,519.5629636532714,495.52832561465306,510.2547468573878,18597100
2024-03-11,479.888916015625,493.51384651254926,472.3570085263561,493.2062214717345,20428300
2024-03-12,495.92523193359375,498.46563690206807,481.0201963453091,489.48491194914317,15448200
2024-03-13,491.7772521972656,497.14585137802413,487.27198978393096,491.59863706276775,12090700
2024-03-14,488.0658874511719,497.5130478682387,484.42399184724684,496.43139354764975,12620000
2024-03-15,480.3950500488281,488.06587076219864,477.6164610806942,485.2674760460602,29153600
2024-03-18,493.1764831542969,493.61311813323977,483.0843037003027,488.14527802239974,11755300
2024-03-19,492.44207763671875,492.82910735533255,477.59658066238825,484.4338634191074,10903100
2024-03-20,501.65106201171875,504.3105740199144,491.3802985259637,495.6771461475813,11711100
2024-03-21,503.8739318847656,511.09818381772453,502.13732529141583,510.7707530405325,9712500
2024-03-22,505.6800231933594,506.0670529466161,500.4801361234696,503.11978200634246,8120600
2024-03-25,499.1701965332031,503.33806453967446,496.4114740821437,501.91901611098194,8380600
2024-03-26,492.0948181152344,506.09681547367757,491.41999934541593,501.2640919046953,11205400
2024-03-27,490.080322265625,496.0642018848251,484.3346567294072,495.4786906872178,9989700
2024-03-28,481.8636779785156,489.1177599265289,481.4369761827551,489.06812442310434,15212800
2024-04-01,487.58953857421875,493.62299295598973,478.0927737479156,483.4713059825083,9247000
2024-04-02,493.5634765625,493.7222556696209,480.94082524456064,481.3873933760893,11081000
2024-04-03,502.8617248535156,503.3578981717305,494.9328849193272,495.11150004572073,12099200
2024-04-04,507.0097351074219,525.9436947950782,506.6723106155449,512.4676110901486,26476300
2024-04-05,523.3040771484375,526.6383471527769,510.4729824465434,512.9042437043852,19263300
2024-04-08,515.276123046875,527.4224392993552,514.9188927025191,525.229391434242,13260600
2024-04-09,512.9440307617188,521.8453515412855,502.8617544246005,518.2331950359386,10863800
2024-04-10,515.8515625,518.5606494016819,501.928910292975,505.3922206037786,11418500
2024-04-11,519.1560668945312,519.8507216900733,513.3309966786047,517.1217682967572,10369500
2024-04-12,507.98223876953125,516.2088008915841,505.43190063751956,513.787472668167,11984500
2024-04-15,496.4015808105469,514.5615428654139,493.4741460488993,512.7653372648631,13512900
2024-04-16,495.9351806640625,500.90681687935023,493.3054377657289,494.2977844340761,9847900
2024-04-17,490.3879699707031,499.30915689281545,483.41177405310106,499.2496185150052,12193700
2024-04-18,497.95953369140625,508.28989617034574,495.22067754794534,495.994706718665,14808700
2024-04-19,477.38818359375,498.9518557154104,472.0890564119866,498.9518557154104,25215400
2024-04-22,478.0431213378906,488.24444280786287,469.7768574979575,485.97196069601875,17271100
2024-04-23,492.30316162109375,494.9428072503399,485.2277254126733,487.4902744828821,15079200
2024-04-24,489.72308349609375,506.09680361298444,480.87133784126775,504.17164864318624,37772700
2024-04-25,438.00201416015625,442.35840065292007,411.32772862601064,418.1749151567085,82890700
2024-04-26,439.8973388671875,443.02322464354364,428.65403477490287,438.0813276050655,32691400
2024-04-29,429.30902099609375,436.3943909124522,425.2800958497785,436.19590946046895,21502600
2024-04-30,426.8778076171875,436.2554660770885,426.4312394735651,427.751047303974,18429500
2024-05-01,435.82867431640625,446.51623552713096,423.84111129193025,425.31972821266555,20344900
2024-05-02,438.2996520996094,440.562201203768,428.9715998380439,435.48139130558843,15221300
2024-05-03,448.5009765625,450.694084429791,440.4530598909977,442.5171275663126,16489100
2024-05-06,462.1159973144531,462.59233462582085,449.87044284737243,452.0932897323867,15094600
2024-05-07,464.6563720703125,467.9212009325345,457.7794172557727,462.7213143300044,13406800
2024-05-08,468.98309326171875,471.94026727789463,459.4565581376968,459.95273152661434,11683900
2024-05-09,471.7815246582031,472.4364468902638,464.05113467750806,466.40299172651544,9437700
2024-05-10,472.5555114746094,473.8455500732435,466.00601718642696,473.4386842914545,10750000
2024-05-13,464.42816162109375,469.7272890553807,459.30764931420595,469.13187501336745,14668800
2024-05-14,468.23876953125,468.9234911376046,456.55883016199584,459.82365909681533,10478600
2024-05-15,477.8546142578125,478.8072585621629,467.59375353224107,471.34482265738814,13100500
2024-05-16,469.60821533203125,474.0340729044409,469.1318780385458,471.36465799748123,16608200
2024-05-17,468.29833984375,469.1815126685142,464.83505951456476,467.2265884372279,10807300
2024-05-20,465.2518005371094,469.5784476860999,463.4655886777014,466.3533210681569,11745100
2024-05-21,461.0740051269531,467.0975562508918,458.73205140568564,463.54493846751484,11742200
2024-05-22,464.19989013671875,470.094431348203,462.0861870387401,464.28919769640606,10078600
2024-05-23,462.2152099609375,470.72953068178265,458.0076699601858,469.26087705798136,11747900
2024-05-24,474.55999755859375,476.1775273800848,462.7312126296393,464.04111742441904,12024300
2024-05-28,476.2470397949219,477.17981782811154,471.205901618862,472.9325751794718,10175800
2024-05-29,470.72955322265625,476.17755705003367,470.07463106847433,471.0272753949379,9226200
2024-05-30,463.47552490234375,468.11973058222674,461.1534372044116,468.06019220156327,10719600
2024-05-31,463.2571716308594,465.52965393072293,450.9818484598858,462.2350557963907,16919800
2024-06-03,473.8355712890625,475.9294383757683,464.65636518199324,467.2563084447153,11279400
2024-06-04,473.3393859863281,475.2248687174636,469.6081834348504,473.34931914302285,7088700
2024-06-05,491.2711181640625,492.8489456650612,480.2064593427849,480.74233500026116,15690500
2024-06-06,489.98114013671875,498.9717992536911,487.1331098145105,489.20711088439725,10667300
2024-06-07,489.1872253417969,495.091700375797,486.41859982731586,492.11466024786785,9380700
2024-06-10,498.75341796875,498.8129563433123,489.6337500954303,490.0802879046476,11220900
2024-06-11,503.5861511230469,503.71516103182034,494.4565499121785,496.332099600009,9673700
2024-06-12,504.9456787109375,510.07612434807345,500.60912858458613,510.0562580327931,11983200
2024-06-13,500.241943359375,505.4616660517263,497.52289299395886,501.83960690092306,9954600
2024-06-14,500.7981872558594,503.7682397757163,497.41092202237064,499.2982464674773,10243300
2024-06-17,503.2517395019531,507.3442620321648,492.70255969673593,498.3248218231231,11266600
2024-06-18,496.1593322753906,502.6259325307895,491.71913754817786,501.19553219490325,13060400
2024-06-20,498.3546447753906,500.31150990328194,493.45749528868265,498.652632230771,11801200
2024-06-21,491.4807434082031,500.09294409403304,489.1066959926516,500.09294409403304,22359200
2024-06-24,495.5832214355469,504.4139262555408,490.9940329117928,495.8712961742398,13525300
2024-06-25,507.1952819824219,507.3045339423374,492.1959639995384,493.73561634252076,12063200
2024-06-26,509.698486328125,510.383887800089,501.3147622286422,503.27162738652333,8882300
2024-06-27,516.0955200195312,519.3933892059828,510.47328813668884,510.8209300507455,10121200
2024-06-28,500.8578186035156,518.4000638324243,500.48034762615777,513.7016232829023,15855100
2024-07-01,501.3147277832031,503.2020522993896,489.8814984155555,501.58294679281164,10328200
2024-07-02,506.1026306152344,507.0959625693369,496.11965660213826,497.4209190368857,7739500
2024-07-03,506.5595397949219,507.87074521081,502.6458095867641,502.9934818232005,6005600
2024-07-05,536.309814453125,537.2634349299381,508.18862031678924,508.18862031678924,21354100
2024-07-08,525.7904663085938,539.190504390823,523.1382870220716,538.733549875278,14917500
2024-07-09,526.4658813476562,533.8959841966067,524.667953121388,530.1908757911539,8753200
2024-07-10,531.1246948242188,535.2867583710278,524.8368862253591,527.2506757341519,10983300
2024-07-11,509.2812805175781,531.8895244068907,504.98013638714235,527.3499903194348,16458300
2024-07-12,495.5434875488281,504.70200901700827,490.93444322689584,494.4409036740209,19750500
2024-07-15,492.8515930175781,503.3014344107721,490.0801883381436,495.3051241917836,12539200
2024-07-16,486.5240783691406,500.5896628261979,482.5507504540652,498.15598735257976,14075800
2024-07-17,458.9093933105469,475.9748583365877,456.0585356169319,475.9748583365877,28076600
2024-07-18,472.677001953125,476.04438141112735,461.4424203212603,471.83266375516723,19267200
2024-07-19,473.6106872558594,483.464521940826,472.5378719136713,472.88554411371524,15149400
2024-07-22,484.14996337890625,488.77889368380687,480.67330171898413,483.3354239432015,12023100
2024-07-23,485.431396484375,491.91785295092694,484.4678632735356,486.5737221720912,9455500
2024-07-24,458.1941833496094,473.1239602274661,457.5087819303117,469.16057574428834,17649700
2024-07-25,450.3865966796875,460.4589658515136,439.69833629849063,460.17092144183493,18240500
2024-07-26,462.5946960449219,466.63753399730916,456.3565726815499,461.1046981366571,14222400
2024-07-29,462.6046142578125,470.7996028508264,461.9192127867245,466.74682183029705,11339600
2024-07-30,460.1014099121094,469.57780482339075,453.6546955153981,463.88600206485654,11390400
2024-07-31,471.6637878417969,473.3226655061121,463.6376791709923,467.87919560673834,24285800
2024-08-01,494.4210205078125,523.6547716585801,488.8186442383986,517.5259306837595,43083100
2024-08-02,484.8850402832031,497.80826747717975,472.9749703834954,485.73929115246585,24044700
2024-08-05,472.5578308105469,480.256153607523,447.7940416649235,448.340392438967,21396200
2024-08-06,490.79534912109375,499.2088714287347,475.4583023384702,475.8059745622405,20955000
2024-08-07,485.6598815917969,506.74829997819876,483.6135898383969,499.77512044060245,20105300
2024-08-08,506.23175048828125,506.55953668319745,491.4211679453795,494.18262946631637,16156800
2024-08-09,514.3175659179688,514.883772473947,502.32804054292995,504.3246173925069,13696600
2024-08-12,512.5097045898438,514.5659092940476,505.70537370217875,513.4136101164537,9767400
2024-08-13,525.0156860351562,527.9559706517589,514.6950123852472,516.5425953987603,13743800
2024-08-14,523.2476196289062,530.4393342352577,519.6418193043561,524.5389392158282,11444200
2024-08-15,533.7471313476562,536.1708639926986,523.1880067278528,528.2440329479462,13482100
2024-08-16,523.9031372070312,530.1015190770014,521.1615312349661,528.3533057155574,14776700
2024-08-19,525.7506713867188,528.1147452351695,519.2741288076174,523.3567078553176,9879700
2024-08-20,523.2176513671875,527.5486241898866,522.3733435694845,524.8268440690854,7944400
2024-08-21,531.591552734375,535.8033315503418,523.4164493710769,523.6350139485368,13423300
2024-08-22,528.383056640625,540.6010274942679,525.0653618809546,533.4192569001465,15708300
2024-08-23,524.479248046875,536.2700929585844,521.55884980876,533.3397517008707,11323900
2024-08-26,517.6452026367188,524.4793321175962,511.51636075055256,524.0819750389632,9584000
2024-08-27,515.6385498046875,520.5158432413665,511.87384384105246,515.5193548304624,6282700
2024-08-28,513.3340454101562,517.6153031156273,509.0329016673362,514.2180646497437,9106100
2024-08-29,514.7645263671875,523.6846897588916,512.2414846857666,515.5890089774397,8317400
2024-08-30,517.8338623046875,520.0489730917525,511.7646188064961,517.8735737554629,9157500
2024-09-03,508.3475036621094,521.9859301968734,505.22842718576123,516.174963281038,12459100
2024-09-04,509.3210144042969,513.1453787891634,500.70884337263965,502.6955072728807,8335200
2024-09-05,513.41357421875,518.1517873635855,507.74165686241577,508.3078633902029,8640900
2024-09-06,496.9341735839844,521.0821016570909,494.92765391819984,518.4000932131843,14744500
2024-09-09,501.42401123046875,507.92037993887993,498.7320599932226,502.7848710640587,11047800
2024-09-10,501.42401123046875,510.7513818768451,496.6957417525211,504.7715348360927,9899000
2024-09-11,508.4170837402344,509.6984904565573,492.29532543071457,503.6292467318183,10782500
2024-09-12,522.09521484375,523.1978593142228,511.7844250205015,513.6022393471186,11970500
2024-09-13,521.1217651367188,524.0620493225885,513.6618330302761,516.8703362242966,10321400
2024-09-16,530.2294311523438,531.0446869851908,514.4402669362904,521.5393768501115,9527600
2024-09-17,533.2520141601562,538.9989183875797,527.5349067624319,534.5246604241431,11690800
2024-09-18,534.87255859375,541.0868041841459,530.8457395883719,533.9975879597429,10323500
2024-09-19,555.9017333984375,558.8547755441265,543.393738974814,546.8538127706381,15647000
2024-09-20,558.1387939453125,561.2707987619654,553.1176944195414,556.7965408444652,22066800
2024-09-23,561.1812744140625,570.6965366558616,559.1927153838685,566.2421838477487,12830700
2024-09-24,560.1074829101562,564.5021812702805,551.0197537936696,563.4382949321094,12993000
2024-09-25,565.0589599609375,573.5799422527921,560.4951905177006,560.8233197330189,16543400
2024-09-26,564.591796875,574.0971081324976,559.1331504876267,572.436617382725,14400800
2024-09-27,564.1144409179688,567.5745750797583,561.2807684246667,566.8387572234752,9398400
2024-09-30,569.1653442382812,571.3925205491627,561.5690344960939,564.4524692436476,12792300
2024-10-01,573.17236328125,579.7047878934193,566.8388067371769,574.6737352692572,15259300
2024-10-02,569.5332641601562,572.705018338464,566.0831432657689,571.5715250916941,6524700
2024-10-03,579.436279296875,580.0228702133212,565.4765563823341,566.8884769556879,11581000
2024-10-04,592.5309448242188,593.4357124935896,578.1039391514795,580.3907699305325,14169500
2024-10-07,581.4347534179688,599.5007936445444,580.698935664524,594.7978106805275,12014200
2024-10-08,589.4983520507812,590.1645022838451,582.6178946285061,586.3166457039373,7857400
2024-10-09,587.1319580078125,590.9897670648169,578.2828467749312,590.5920310170018,9529700
2024-10-10,580.4901733398438,586.8535252444071,579.187669721319,584.2087686773417,7740400
2024-10-11,586.5753173828125,587.8281195065246,579.376742110834,581.4846102064073,8587100
2024-10-14,587.04248046875,596.6670986656153,586.585150741633,590.8207303998246,8252000
2024-10-15,582.9163208007812,587.2314602827565,576.821381994876,586.7840223253323,9564200
2024-10-16,573.490478515625,578.7502561624128,570.7463179400054,578.074153352245,11268400
2024-10-17,573.6297607421875,581.6237474143095,571.9096763385753,579.9931748825336,8701200
2024-10-18,573.17236328125,580.6294606897518,571.9593712320872,577.7758829363129,7694300
2024-10-21,571.8697509765625,573.9378692579733,565.8543723443174,572.7348299431258,8171900
2024-10-22,578.6807250976562,580.1920496277285,568.8472845176756,571.004854426833,8544500
2024-10-23,560.4653930664062,581.6534860008076,559.2821980776996,576.6522311713827,14248400
2024-10-24,564.5320434570312,565.6257266322763,558.3078440792799,563.885737507838,7184700
2024-10-25,569.970703125,577.9646881740268,568.4494264147659,570.6468058786587,11337900
2024-10-28,574.8526611328125,580.410710743533,570.8357934356153,578.67072146079,10925100
2024-10-29,589.8862915039062,590.2740144668209,572.108565553997,576.8313941446783,13019100
2024-10-30,588.41455078125,597.7608016379978,586.0084115680872,597.5420286080739,26864900
2024-10-31,564.3331298828125,586.525453807229,559.7892656536117,581.6534603775302,26838400
2024-11-01,563.9156494140625,570.3884199876283,559.341987056596,564.3630874174274,15303200
2024-11-04,557.4725952148438,565.4367833258351,554.6985773939598,560.8730139446373,12064600
2024-11-05,569.1554565429688,570.1994379718212,563.4283964137084,564.0547974082218,9775400
2024-11-06,568.7774658203125,569.7220432998057,551.9940262518193,559.5306803961006,18305400
2024-11-07,588.3152465820312,591.3974890420855,571.9195858236583,573.5899682554951,14653700
2024-11-08,585.96875,589.707190216614,581.1763151778936,588.1561165108458,9415700
2024-11-11,579.833984375,583.6420920185832,573.2121093173138,583.0057385461188,10209100
2024-11-12,581.4745483398438,596.2296222338206,577.059944903041,585.1732389751623,16287700
2024-11-13,576.6820678710938,582.2898184060665,571.8796812448458,579.2771226118736,10757600
2024-11-14,573.8583374023438,577.4377800631241,569.7321138322568,573.6992793820006,11053700
2024-11-15,550.9104614257812,569.2946816423462,548.3452030486293,567.9523677618081,17712900
2024-11-18,551.2285766601562,556.6971138862053,546.9432344613651,553.8534284072965,14327300
2024-11-19,557.8804321289062,558.2184532479198,547.4503869397267,548.7031890906989,9522400
2024-11-20,562.2849731445312,563.1101814515828,551.0297217043255,559.7097624878369,9797300
2024-11-21,559.8689575195312,566.7394032323083,545.9092323271811,566.2621684175319,11154700
2024-11-22,555.9414672851562,560.6046406773982,551.4175075908335,560.32621328156,9164000
2024-11-25,561.8772583007812,569.3145100236936,553.2071704273792,558.8844673779386,13599800
2024-11-26,570.2591552734375,574.196524718473,561.9668965889452,562.7623082089277,10356600
2024-11-27,565.9439086914062,571.6908126970225,560.8730467836217,571.6013615253704,7200200
2024-11-29,571.0346069335938,575.1509386081322,563.6570700717043,565.7450327371056,7130500
2024-12-02,589.438720703125,591.0991504414684,572.2774471807156,574.1963992934365,12522400
2024-12-03,610.1397094726562,610.6865511232141,587.8678218422003,591.5963703951107,14907200
2024-12-04,610.2689208984375,614.2460390304662,601.6385211482492,609.4536043990507,14697000
2024-12-05,605.4465942382812,616.3538716503245,603.5773439679037,613.5499962447583,8081200
2024-12-06,620.2017211914062,626.1872423031517,605.0489118572826,606.6098772133706,16935500
2024-12-09,610.0601196289062,622.8167434326103,602.7024265777296,620.350888846341,11426000
2024-12-10,615.7772827148438,622.0114355661352,609.2349055981941,614.0273408137083,10938900
2024-12-11,629.060791015625,634.7481017123007,617.9746102226054,619.804050647096,10837200
2024-12-12,627.1815185546875,633.017934128409,623.6220417827839,627.887478818055,7474700
2024-12-13,616.80126953125,627.469929936179,613.3611012669363,623.6319649076017,8453300
2024-12-16,621.169677734375,628.0457250425881,615.5375430599308,626.8814359361309,10885600
2024-12-17,616.3933715820312,629.2597698587709,613.5076105410767,623.0902515630854,12897800
2024-12-18,594.2528076171875,624.2744037203172,593.387091448316,617.945699059959,17075500
2024-12-19,592.6406860351562,608.5122478337648,592.0734823017316,607.3878008993366,14958100
2024-12-20,582.3715209960938,600.1436642411298,577.1473424651591,587.675323062813,48989400
2024-12-23,596.8995971679688,598.1335492116074,583.366513431805,586.7000120717197,10205800
2024-12-24,604.7608642578125,604.99967413285,596.3325519539701,599.7555744761255,4726100
2024-12-26,600.3823852539062,603.3178877600023,595.9941026607926,602.5019136601244,6081400
2024-12-27,596.8599853515625,598.8899302682426,586.8992072611702,596.4619283553646,8084200
2024-12-30,588.33203125,594.0040084763427,582.6998961577467,585.854287801351,7025900
2024-12-31,582.6302490234375,591.0486006579675,580.9783795227164,589.3570104919964,6019500
2025-01-02,596.2926635742188,601.9347590067932,584.9288491785778,586.8194676993116,12682300
2025-01-03,601.6561889648438,606.5022314682295,593.4765866809927,601.7855544308446,11436800
2025-01-06,627.1004028320312,627.8864953892827,602.641281410124,608.8207596792694,14560800
2025-01-07,614.8510131835938,628.9910845111622,605.2384904660217,628.5930882935072,12071500
2025-01-08,607.7162475585938,613.4081462857669,599.8252572139608,610.3831198774918,10085800
2025-01-10,612.8308715820312,626.8117543633127,594.4020036952091,607.0295902270824,19256600
2025-01-13,605.3380126953125,605.9748187670136,595.5066015316934,604.1140210154849,10785000
2025-01-14,591.3272705078125,602.5119785361296,585.6552929558646,602.0940612489228,13598000
2025-01-15,614.0846557617188,619.3984173951854,603.516895686969,607.2086697081857,15524300
2025-01-16,608.2933349609375,613.2190007447427,606.7111893194766,608.4923634164871,8355300
2025-01-17,609.7561645507812,621.8961113451103,600.7008856525179,620.9806532892833,17280600
2025-01-21,613.4281005859375,618.443290603313,606.014729605485,614.7913576871184,11674000
2025-01-22,620.4332885742188,630.583131584813,616.3832997551551,620.2342601357851,12274000
2025-01-23,633.3197021484375,633.4689279487995,618.0949656788501,624.27438359991,9910200
2025-01-24,644.3053588867188,648.7931865048288,631.0807466276091,633.2699382382675,19065300
2025-01-27,656.6344604492188,660.6048263723562,622.025492753922,623.5280757089856,28399200
2025-01-28,671.0133666992188,679.222789585596,656.2264085295512,662.7243202820943,20950100
2025-01-29,673.1627197265625,677.7002892439266,662.3959298804792,671.6800579089199,21377800
2025-01-30,683.6209716796875,707.2939380483791,672.7745593343109,693.3926790288638,29322900
2025-01-31,685.7902221679688,701.8309301836515,682.2079532641749,687.6012776839267,19303900
2025-02-03,694.0296020507812,700.5374135449807,671.9288188867163,672.5855459885331,21415700
2025-02-04,700.7264404296875,704.2291467274541,688.2082982161528,699.0447502736523,13826300
2025-02-05,701.4031982421875,714.6079511816394,695.5720343457091,700.0896831751202,17778200
2025-02-06,708.488037109375,715.3640839913177,700.0398052539664,702.4081039812835,13080700
2025-02-07,711.0057373046875,721.4441337624995,708.2493417869568,713.2744918121093,16427100
2025-02-10,713.87158203125,717.6528800590577,707.8314292796238,715.0258499928055,12904300
2025-02-11,716.2597045898438,720.1007048878689,706.5476987131067,709.8115954275665,12998000
2025-02-12,721.8123168945312,723.5238281436095,709.0951445232752,711.7818770685368,12016500
2025-02-13,724.9766235351562,725.4144618537392,714.5083460221898,717.9712711727863,12569100
2025-02-14,733.0466918945312,737.2658278537506,722.0510531620941,722.5685149916063,16901200
2025-02-18,712.8465576171875,733.3750946365709,702.9654052178096,732.3800130970368,21938700
2025-02-19,700.3086547851562,703.5227491828676,691.9698654310938,700.6369880110449,17535500
2025-02-20,691.4225463867188,702.1594553078776,690.2284362839436,693.8505479928752,12587400
2025-02-21,680.18798828125,700.4080528713276,679.0038387952945,693.1539301625503,15660400
2025-02-24,664.8438720703125,683.8897484077801,659.1918158891808,682.9046273446285,15677000
2025-02-25,654.2660522460938,664.7144074530656,638.7029638185587,662.6943629602742,20579700
2025-02-26,670.386474609375,679.6506817176414,654.763681609393,656.4055905153153,14488700
2025-02-27,655.0025024414062,685.2629678985895,654.3358147754243,679.0934498337167,12500000
2025-02-28,664.9135131835938,666.3364725318584,639.4393887052988,654.8034504822056,17534200
2025-03-03,651.8281860351562,677.8993359462462,647.6389313945824,670.3665609910959,10843800
2025-03-04,636.8522338867188,646.5542796373367,620.5826737681288,642.3351433054311,21495200
2025-03-05,653.2411499023438,656.256276123591,634.523668550264,637.847267619745,13770000
2025-03-06,624.8414916992188,647.3601899188754,621.0402732471497,644.8127838196035,13446500
2025-03-07,622.5827026367188,631.6678021460568,597.6559216844704,622.294150848658,21375700
2025-03-10,595.048828125,607.109212093194,583.9835257431913,605.0792675215534,21999900
2025-03-11,602.7308959960938,611.9055191678449,590.4117809661785,592.1232921602733,17401500
2025-03-12,616.5126953125,630.2149870827395,606.352891273559,626.8018648059933,15747000
2025-03-13,587.7349853515625,617.4481060645986,583.6252936627146,617.1993356753703,16480300
2025-03-14,605.1494750976562,606.4044031406513,592.381232702444,600.3688460487675,12364500
2025-03-17,602.4603881835938,610.6272679434014,595.5881924170304,605.01006095703,15473900
2025-03-18,580.0112915039062,597.8291546165306,572.3423339224544,597.6299490711036,20297700
2025-03-19,581.7044067382812,589.9311027976759,572.4518964146898,581.9235510596104,20537500
2025-03-20,583.6366577148438,607.7390710956802,577.1728416585424,580.4097343847766,24336500
2025-03-21,593.84521484375,595.1299901540924,578.6069346961235,581.0669435562578,25015900
2025-03-24,616.35400390625,620.0291236750295,609.7308614385815,612.4896480218807,15741300
2025-03-25,623.7839965820312,631.3234729455945,618.674681768664,624.2321938231848,15312500
2025-03-26,608.5158081054688,624.2222248223229,604.163437823038,622.3697410659778,12609800
2025-03-27,600.1497192382812,611.7726353131792,597.67968012305,599.5720414465346,10436500
2025-03-28,574.4139404296875,599.3230823357646,571.605306475786,597.8888875675808,17602800
2025-03-31,574.0354614257812,576.3660506926756,551.0684674021583,561.2273418254761,21124700
2025-04-01,583.6366577148438,587.5308619090912,567.7011858318447,568.5378248528625,12836600
2025-04-02,581.5750122070312,590.2697848019704,571.0476335559673,572.5913702725657,13470800
2025-04-03,529.4759521484375,550.3315027907909,528.1612684622463,544.0170454965238,34777500
2025-04-04,502.6943359375,515.9108044848922,492.20680670689774,504.5766973919698,38589800
2025-04-07,514.1678466796875,537.1945936136326,479.9563819403582,483.14348777248983,36606100
2025-04-08,508.39129638671875,545.2221314563009,500.8318811641039,541.0589972717423,28034200
2025-04-09,583.4075927734375,585.5190378914372,500.0849618351514,507.21608900363117,39216600
2025-04-10,544.086669921875,578.9554765876964,533.1410047447706,573.1689120321386,28173500
2025-04-11,541.377685546875,545.1922554454453,526.4581222037267,533.3501954996136,17642300
2025-04-14,529.33642578125,555.520432371149,526.149380590007,553.9268489865372,14130900
2025-04-15,519.4166870117188,535.7704467995947,515.41288054515,529.9639426413264,15558700
2025-04-16,500.2840881347656,511.29947867102186,493.6310371089192,506.459094542153,18735100
2025-04-17,499.45745849609375,505.25396236597624,496.0014523688267,503.21224251554713,14593500
2025-04-21,482.70526123046875,491.5096038816375,477.86484689470427,489.3483426044671,16166000
2025-04-22,498.2622985839844,504.8356859267328,484.3984265448332,489.886213659528,17399400
2025-04-23,518.1716918945312,533.1809196011152,514.4368162114096,526.398387792126,18173900
2025-04-24,530.999755859375,531.7467310045646,515.4128501808216,516.6378699664548,13910000
2025-04-25,545.0628662109375,547.6423866360049,534.0872906869056,544.5947301221067,17098900
2025-04-28,547.5227661132812,556.2374754096683,538.409706579595,553.3989944115831,15179000
2025-04-29,552.2039184570312,554.3253329246786,541.9255322333729,543.7979549633997,11835000
2025-04-30,546.7858276367188,546.8854000110363,527.3644731031741,536.2286028212618,29244000
2025-05-01,569.9022216796875,590.5585647326062,568.1990964565776,589.6920784232152,31159000
2025-05-02,594.6121826171875,601.9026676753685,575.9975586829169,581.1068737819331,24739300
2025-05-05,596.8531494140625,600.7772617327329,585.6783683283057,588.8355666226496,13887700
2025-05-06,584.9412841796875,593.6261466616496,584.2142478367141,590.140262710858,10600700
2025-05-07,594.4030151367188,600.6477471780503,584.3038959778277,587.9790163444538,13139100
2025-05-08,595.5982055664062,608.8345844494372,594.2137969163823,603.8447803031055,14622800
2025-05-09,590.1004028320312,604.5219836999701,589.3235802814015,601.2850913628599,10427300
2025-05-12,636.8511352539062,637.8072854035049,618.52537997075,628.3754468402599,21965100
2025-05-13,653.3842163085938,658.2544484118764,640.2374406337076,642.9364721174845,18570800
2025-05-14,656.70068359375,659.9973314154452,651.671063189936,658.5432587283299,12348200
2025-05-15,641.283203125,654.6590319374474,636.0045904601806,651.6412836963046,14341800
2025-05-16,637.7574462890625,637.8570186595293,623.6246741050281,635.3870402976211,18519000
2025-05-19,637.8470458984375,640.4066880114517,625.2679796518272,625.7161768945482,9592400
2025-05-20,634.5304565429688,636.7713819580241,629.7100110253076,633.4448867170665,6743500
2025-05-21,632.9368896484375,644.0020660016361,627.6283696820823,629.2418310050065,11464600
2025-05-22,634.0026245117188,640.6556757699244,628.1662733645643,631.492768599171,8228400
2025-05-23,624.531005859375,629.8992820739184,620.1388185495641,621.4833495575277,8454100
2025-05-27,639.7294311523438,640.4863756807556,630.1980211513535,632.8472662118028,9508400
2025-05-28,640.984375,648.2549209907568,639.958499945528,640.0082861312126,9042900
2025-05-29,642.448486328125,650.6851526800369,636.9208817638153,649.0219048494392,8858800
2025-05-30,644.8785400390625,646.7907792932219,630.227907169861,639.9086753837215,16241000
2025-06-02,668.1942138671875,670.5446811489596,641.6616412070963,641.791121766507,15766300
2025-06-03,664.1605224609375,672.8553550898889,662.3479161440031,668.7420068089284,11585000
2025-06-04,685.1754760742188,686.2212292149324,665.8736317013958,666.6206069146197,14031900
2025-06-05,681.8587646484375,691.5794100418087,679.4983282686153,688.8703488193835,13083100
2025-06-06,694.8960571289062,699.9754637799698,689.0795839414949,693.3622292653906,11728000
2025-06-09,691.2607421875,702.3458579741853,691.1412310298801,695.6430205968694,12773200
2025-06-10,699.567138671875,700.3937473880201,688.7708312874433,698.5213248498013,10850100
2025-06-11,691.3404541015625,706.0110265671628,689.1991010267074,700.871864292101,9582500
2025-06-12,690.5636596679688,692.5755324462824,684.229324181933,690.5039040799495,7322700
2025-06-13,680.1158447265625,691.7686684593297,678.2633610655403,685.175373097979,9274400
2025-06-16,699.8262939453125,704.839891030923,691.2444358848513,697.0454302800655,13720300
2025-06-17,694.9522705078125,703.6637089538638,693.7861096962511,699.7067073456836,10066100
2025-06-18,693.4970092773438,699.2980032265184,692.6298563461756,695.8991092834594,10068300
2025-06-20,680.120849609375,699.5272759324512,676.4528788689065,698.4607641474819,22538600
2025-06-23,696.2481079101562,696.7663678330139,676.5326949790629,681.4565596787132,11080100
2025-06-24,709.8733520507812,710.8601081222891,699.8162879347926,702.5872352556954,13823200
2025-06-25,706.3649291992188,714.2391463968028,703.0757215627262,710.989786190386,9320400
2025-06-26,723.7180786132812,725.8410644855094,708.7271714667934,712.026356119824,13964800
2025-06-27,731.2333984375,733.0275060697373,723.4887618360168,724.1466398304902,18775700
2025-06-30,735.6788330078125,745.4567832484664,731.851350759088,742.1176905331245,15402100
2025-07-01,716.8704223632812,735.3399177465482,713.0330238804761,734.4727647300622,13431200
2025-07-02,711.2389526367188,717.9469479430355,710.4714485666279,712.9932128907722,9336700
2025-07-03,716.6611328125,726.6484187341657,712.0861007528597,724.23628063908,8601700
2025-07-07,716.0032348632812,724.6250009558648,711.1790804792781,715.2556849998467,9457100
2025-07-08,718.3157348632812,720.5484076114845,712.4748926138262,719.2128191233631,7770700
2025-07-09,730.3861694335938,735.1206520424314,720.3589752323313,720.3589752323313,11418000
2025-07-10,724.8642578125,733.3962917497249,717.2492014044612,729.1601755610233,9913600
2025-07-11,715.1660766601562,722.791049443565,707.3815924903404,720.1397657932962,10873900
2025-07-14,718.5648803710938,725.6217684499236,714.2091611608587,715.2557188520466,8939400
2025-07-15,708.0693359375,722.1032960553172,707.501190694441,721.5352116480268,11529500
2025-07-16,700.6136474609375,711.6375132851348,696.985585155631,711.0394977501286,13067600
2025-07-17,699.1185913085938,703.5939743779064,694.8326508122145,702.0888975460598,11803300
2025-07-18,701.979248046875,702.407835998619,689.3905035678976,699.8960490076172,12779800
2025-07-21,710.640869140625,714.657733300232,703.4544614129026,704.4910420819451,9404400
2025-07-22,702.507568359375,714.2590316242121,699.1186509323247,713.8503977542969,8921100
2025-07-23,711.2489013671875,712.2954590710364,702.6271347622425,704.062433018762,8771600
2025-07-24,712.46484375,721.2560374369583,711.6674693968201,714.7074933384354,10920800
2025-07-25,710.351806640625,718.2958018452817,709.5743863825453,714.5779456568456,8271700
2025-07-28,715.28564453125,722.3724029167645,710.3518030699777,712.8635901780652,8715700
2025-07-29,697.7132568359375,722.1032896273051,697.6235240780348,717.6479213169642,13267000
2025-07-30,692.9389038085938,706.1854660197899,688.9419939778502,705.7768321791035,27077300
2025-07-31,770.913330078125,782.1863801577031,763.0092430876867,772.667590247117,38831100
2025-08-01,747.5598754882812,763.497629588928,742.8752172910131,758.2448261685668,19028700
2025-08-04,773.833740234375,774.3121526971289,755.9323902785536,757.5172228150747,15801700
2025-08-05,760.9659423828125,780.571667176634,760.507423214992,773.913496774336,11640300
2025-08-06,769.4680786132812,771.1127127816184,757.9757760743282,767.4845892138412,9733900
2025-08-07,759.3412475585938,772.4682063669705,757.0686667309535,770.9631295472946,9019700
2025-08-08,766.7869262695312,767.3850027593771,756.1019743449502,760.2583352301862,7320800
2025-08-11,763.3679809570312,770.9332120184496,762.1718890596524,767.5642492447836,7612000
2025-08-12,787.4192504882812,791.077244402737,769.9066403638383,770.4747856043563,14563100
2025-08-13,777.5316772460938,792.861439232817,775.687684264025,788.5655214330485,8811800
2025-08-14,779.5748901367188,785.2363270315518,769.986322264654,775.3387743217048,8116200
2025-08-15,782.6647338867188,793.6487524142633,778.2691675641597,781.5883059112525,13375400
2025-08-18,764.8631591796875,773.2755899130946,754.0884756033142,772.5579712024165,16513700
2025-08-19,749.0250244140625,764.6637703117248,746.9119549568848,764.613945820292,12286700
2025-08-20,745.27734375,747.7492835360712,728.611993296026,745.1278702665168,11898200
2025-08-21,736.6854858398438,743.0646026719377,730.7150636889187,742.2772053426181,8876300
2025-08-22,752.32421875,754.4273720053774,731.9908982789533,736.81505282597,10612700
2025-08-25,750.839111328125,756.40089964729,747.6794841015795,752.354165267511,6861200
2025-08-26,751.636474609375,752.4039786334924,745.4966249237331,748.3472672479323,7601800
2025-08-27,744.9384765625,751.6863799088018,740.4133296583533,749.8423869559551,8315400
2025-08-28,748.65625,750.5899148175357,738.3799332684189,741.5694916361576,7468000
2025-08-29,736.2868041992188,744.6992345800578,732.9477115811937,742.8453254860702,9070500
2025-09-02,732.70849609375,733.5956032036421,719.3722015925617,723.6681190637612,9350900
2025-09-03,734.6421508789062,737.8317091036498,731.5921498947655,733.5955932459119,7699300
2025-09-04,746.2042846679688,758.673365064992,743.3835128663812,746.1245289832817,11439100
2025-09-05,749.991943359375,755.4739762141257,742.5961997057085,750.1613709772337,9663400
2025-09-08,749.8424072265625,764.0060085234048,749.5633535528676,753.5303323961845,13087800
2025-09-09,763.1986083984375,763.7966239723705,750.9686728075005,755.0154070864886,10999000
2025-09-10,749.5234375,763.1986490989516,748.5466583985636,762.6305038555339,12478300
2025-09-11,748.4468994140625,754.6265958852796,745.9251355026145,752.1846484905694,7923300
2025-09-12,753.1217041015625,755.0952164716484,741.3303327049176,746.2840677626042,8248600
2025-09-15,762.2018432617188,771.5412279036273,749.5333431691193,754.9954213012545,10533800
2025-09-16,776.4552001953125,778.8074760600178,762.6005837137456,764.4944012192615,11782500
2025-09-17,773.1858520507812,780.7311297077449,763.8066193659058,777.4419223006557,9400900
2025-09-18,777.7010498046875,786.2032128794,770.8335437165625,778.1994163857863,10955000
2025-09-19,775.837158203125,788.2165669565625,766.6771780735046,783.8508708699721,23696800
2025-09-22,763.1751098632812,783.6917575585782,762.4868973227559,779.8218176027002,11706900
2025-09-23,753.4404296875,768.6009504341728,749.1216451610411,767.254476840496,10872600
2025-09-24,758.686767578125,759.1356124217834,750.5779133776451,755.5349916265823,8828200
2025-09-25,746.9672241210938,754.8068807440363,742.6185490172081,751.4954858581857,10591100
2025-09-26,741.8206176757812,749.9793904076555,735.4371957410184,748.0544043789391,9696300
2025-09-29,741.4715576171875,748.8324179023273,737.2325826153279,746.777703342028,9246800
2025-09-30,732.4749755859375,741.0426584785586,724.4159185837501,740.3245554260684,16226800
2025-10-01,715.4791259765625,719.9773751402398,708.357633728991,719.6183236513255,20419600
2025-10-02,725.1639404296875,725.8821043267139,716.2770807321521,720.7055653205383,11415300
2025-10-03,708.7167358398438,729.1037149276121,708.3377167266436,727.7372737109582,16154300
2025-10-06,713.8035278320312,715.0203947681905,688.718804278428,703.3607165744016,21654700
2025-10-07,711.230224609375,716.636147605649,703.9192222306009,715.8581417735932,12062900
2025-10-08,715.9779052734375,717.7832075860277,705.9738944950672,711.599278595462,10790600
2025-10-09,731.6072387695312,731.6072387695312,710.5918883665408,716.4167658258609,12717200
2025-10-10,703.4703979492188,733.3626856542741,702.6824691715568,729.0239332852144,16980100
2025-10-13,713.8433837890625,718.072374881022,705.8042950194317,711.1603595995662,9251800
2025-10-14,706.8117065429688,713.6937706407739,697.5158763660478,705.9439682909708,8829800
2025-10-15,715.6885986328125,722.0221626881838,707.6694770310874,715.1998794771447,10246800
2025-10-16,710.2228393554688,723.6080097298942,702.0540824517458,715.6886043056783,9017000
2025-10-17,715.0602416992188,716.6760344343375,704.2882698394852,705.2458014471516,12232400
2025-10-20,730.2706909179688,731.8665769499745,718.3118034233538,719.3191931642514,8900200
2025-10-21,731.3678588867188,736.5842723709278,726.8595646449745,734.110725168398,7647300
2025-10-22,731.5074462890625,738.6787972623451,722.1518348008319,731.9264006052239,8734500
2025-10-23,732.095947265625,740.4841042897723,731.1982575844598,732.7941435868839,9856000
2025-10-24,736.4446411132812,739.2872845910176,729.253383189777,734.8787064697904,9151300
2025-10-27,748.8722534179688,753.7894568601143,746.0695454676272,747.7850542762595,11321100
2025-10-28,749.49072265625,756.4326899204912,743.5860965317024,750.6776381609803,12193800
2025-10-29,749.7200927734375,757.1906533932021,740.5838813084906,752.7921200604676,26818600
2025-10-30,664.7411499023438,679.1936140289573,648.4834442213796,667.4142515632169,88440100
2025-10-31,646.6680908203125,673.1392823636344,643.8953340746643,672.7602632515434,56953200
2025-11-03,636.0557861328125,657.6196984387726,634.5297257704245,654.298319497033,33003600
2025-11-04,625.6926879882812,640.0752642850032,624.3860886703497,626.410791028598,27356600
2025-11-05,634.30029296875,640.5639703518489,624.9146693781357,630.6697208898194,20219900
2025-11-06,617.3344116210938,634.3501538797125,616.3968476378337,634.2005186436334,23628800
2025-11-07,620.0972290039062,620.5161224262619,599.640424749484,614.8907386759073,29946800
2025-11-10,630.1212158203125,633.3528014765299,616.5065997528014,629.4529708548182,19245000
2025-11-11,625.453369140625,627.9269165306073,617.7833145947981,626.3709656116134,13302200
2025-11-12,607.43017578125,627.3583261459861,606.1934022078184,626.5005716840028,24493300
2025-11-13,608.3079223632812,616.0478021853295,601.4357808374693,611.4796659420805,20973800
2025-11-14,607.8790283203125,612.088052043071,593.6560102918138,600.2288811530552,20724100
2025-11-17,600.4483032226562,610.1031845088386,593.8554651895852,607.4600346656293,16501300
2025-11-18,596.1395874023438,602.0940719298206,582.2656968950795,590.065358149623,25500600
2025-11-19,588.7886352539062,593.7856483585136,579.7421567881397,592.1797786556917,24744700
2025-11-20,587.6217041015625,605.1460720070379,581.8367012414765,601.9344542639864,20603000
2025-11-21,592.70849609375,596.5684523172222,580.3506215479276,586.9734117815261,21052600
2025-11-24,611.459716796875,615.1002729325323,596.0797338085368,597.1668722231478,23554900
2025-11-25,634.5695190429688,635.3973829418613,616.6960233021972,622.3812488080194,25213000
2025-11-26,631.9663696289062,636.7040478933542,629.9915253276793,636.0358029520913,15209500
2025-11-28,646.2691650390625,646.3688812783262,633.8514494094911,634.4299618769652,11033200
2025-12-01,639.20751953125,643.6459879981971,636.1056017671217,637.8909364271796,13029900
2025-12-02,645.4213256835938,646.1893476978298,636.4147821721649,640.6737247939117,11640900
2025-12-03,637.9407958984375,647.1668005690203,635.8961259576193,642.7383158920676,11134300
2025-12-04,659.8140258789062,674.3461778479464,658.3378235904052,674.246461597851,29874600
2025-12-05,671.673095703125,672.9398207362489,660.6717397649775,662.2775487290173,21207900
2025-12-08,665.0702514648438,674.9545781663558,663.344758713728,667.603701448277,13161000
2025-12-09,655.255859375,662.7563110037405,651.645254570885,662.0481917138827,12997100
2025-12-10,648.4434814453125,652.8121240146866,641.730959438269,648.2639556943986,16910900
2025-12-11,651.0167846679688,653.5801249698833,639.1376470786419,641.6211778682233,13056700
2025-12-12,642.558837890625,709.1556549538686,636.9534211280841,648.1143965293088,14016900
2025-12-15,646.3570556640625,651.8372704406642,637.5627451568915,644.5502809809109,15549100
2025-12-16,655.9799194335938,661.3602758295988,642.054746271156,642.3541999133257,14309100
2025-12-17,648.343505859375,660.0526000253047,648.0440522221027,654.4426118233187,15598500
2025-12-18,663.266845703125,669.3659511843067,655.2910830082761,655.8600753372949,20260300
2025-12-19,657.5969848632812,669.8051880946751,657.0080086354003,665.2333263832898,49977100
2025-12-22,660.3221435546875,672.3806511570199,655.4808037586267,660.4719008376494,15659400
2025-12-23,663.7559814453125,664.8140915262984,657.0778915122911,658.8746741689592,8486800
2025-12-24,666.361328125,666.9902112020924,661.0208788671576,661.3503083186049,5627500
2025-12-26,662.1089477539062,667.7589038803495,660.1424847097468,666.8704739599774,7133800
2025-12-29,657.5171508789062,659.0743707339258,653.2248195668056,656.8383689858442,8506500
2025-12-30,664.7642211914062,671.0230153954109,656.6686764849229,657.5171386037911,9187500
2025-12-31,658.9146118164062,663.8158418258488,658.2657448936569,663.5662869980947,7940400
