Date,Close,High,Low,Open,Volume
2018-01-02,78.55204010009766,78.88105445012054,78.14077564892463,78.7165472751091,22483800
2018-01-03,78.91759490966797,79.06382657629845,78.57030516048502,78.65255524343243,26061400
2018-01-04,79.6121826171875,80.11484526314953,79.11866119370926,79.13693666596708,21912000
2018-01-05,80.59919738769531,80.80026237603984,79.90461114778894,80.11481735543295,23407100
2018-01-08,80.68148803710938,80.95566897238564,80.06001729349926,80.60837219134093,22113000
2018-01-09,80.62664031982422,81.09274503792919,80.29762604501008,81.01962920514615,19484300
2018-01-10,80.26106262207031,80.59921809595957,79.8863562070068,80.29762053595367,18652200
2018-01-11,80.49869537353516,80.54438754191877,79.73099303396495,80.54438754191877,17808900
2018-01-12,81.88787078857422,82.0523779535648,80.8368531773961,81.037918264908,24271500
2018-01-16,80.7454605102539,82.97544493787335,80.43472863307318,82.34483298714574,36599700
2018-01-17,82.38139343261719,82.5093426768711,81.11103524130267,81.41263287677727,25621200
2018-01-18,82.3448257446289,82.86576388380405,81.9427025843932,82.07065181347411,24159700
2018-01-19,82.25343322753906,82.8109292772314,81.9427013822469,82.38138245474288,36875000
2018-01-22,83.72486114501953,83.73400236826448,82.01581497915045,82.25343797454691,23601600
2018-01-23,83.98990631103516,84.35547856484388,83.66089197987839,83.98990631103516,23412800
2018-01-24,83.9167709350586,85.38819385896645,83.69743042290668,84.58394066593667,33277500
2018-01-25,84.38287353515625,85.21454340002397,84.01730137548196,84.5108227451359,26383200
2018-01-26,85.9639663696289,85.9639663696289,84.61135839331988,85.10487978123022,29172200
2018-01-29,85.83604431152344,87.23435186664142,85.65326165345093,86.95103665481558,31569900
2018-01-30,84.75762176513672,85.59844023908111,84.1727088101308,85.26942583030123,38635100
2018-01-31,86.83222198486328,87.18865302174882,85.46133123600784,85.68067180346564,48756300
2018-02-01,86.14675903320312,87.80096463470002,85.52528840828398,86.63113921666623,47227900
2018-02-02,83.88021087646484,85.88171304522024,83.62431245671162,85.58011549077865,47867800
2018-02-05,80.42557525634766,85.21455073970785,80.42557525634766,82.76522612344706,51031500
2018-02-06,83.46898651123047,83.60607700821097,77.91230655229063,79.4111468477963,67998600
2018-02-07,81.8969955444336,83.87107415465968,81.5222821434709,82.70124876005025,41107600
2018-02-08,77.69294738769531,82.14376805479334,77.46446560485995,81.98840211591585,55628700
2018-02-09,80.59010314941406,81.27554856961001,76.61452110681981,78.87192247296564,63499100
2018-02-12,81.45829010009766,82.0523438922234,80.36158077056388,81.10185921936377,35720300
2018-02-13,82.09809112548828,82.25345709321348,80.24281982001972,81.27555516001377,26407700
2018-02-14,83.3835678100586,83.54884771376932,81.17984510120039,81.27166571315887,34960900
2018-02-15,85.08228302001953,85.13737398763269,83.20911306107021,83.7508595905031,27823900
2018-02-16,84.47627258300781,85.85360311425251,84.29263131436133,84.88946894019509,30596900
2018-02-20,85.13739776611328,85.44958934373325,83.56724170142667,83.99880641616726,30911700
2018-02-21,84.00797271728516,85.72504718863917,84.00797271728516,85.37612599896646,26922500
2018-02-22,84.22834777832031,85.14656804100335,83.8886037591603,84.5221779821603,24392800
2018-02-23,86.36778259277344,86.37696675554017,84.80681118468154,85.9454021765305,26329200
2018-02-26,87.61658477783203,87.64413026766574,86.54226864152479,86.68000309615876,30199800
2018-02-27,86.49634552001953,88.00222618302628,86.49634552001953,87.91040555829944,25869100
2018-02-28,86.10148620605469,87.88283524549506,85.97293596665824,87.0839813245634,31167300
2018-03-01,85.25675201416016,86.83609202436394,84.32934756529123,86.30352257804596,37135600
2018-03-02,85.4404067993164,85.53222743368505,83.42950198095582,84.09062175715466,32830400
2018-03-05,85.9821548461914,86.56063115705356,84.71501325815099,84.78846556356292,23901600
2018-03-06,85.68830871582031,86.76262466765685,85.33938756206416,86.62489023667327,22175800
2018-03-07,86.18414306640625,86.25760235905867,84.87108798346519,85.54139176935695,26716100
2018-03-08,86.70755004882812,87.32275601704482,86.10152124040059,86.56063142661581,25887800
2018-03-09,88.64495849609375,88.64495849609375,87.23089887369622,87.49718351091353,36937300
2018-03-12,88.8561782836914,89.26019747078574,88.18588136561053,88.6082618769068,26073700
2018-03-13,86.68919372558594,89.28775220534229,86.28517449665642,89.06738126477433,35387800
2018-03-14,86.17497253417969,87.60740094562114,85.85359683482145,87.34111622173435,32132000
2018-03-15,86.47798156738281,86.84527106058512,85.23838565760639,85.88113701661212,27611000
2018-03-16,86.8636474609375,87.57985824399941,86.23925731574867,86.93710677342222,49081300
2018-03-19,85.29347229003906,86.22087663696011,84.57726166773998,86.07395804496848,33344100
2018-03-20,85.51385498046875,86.1015154186524,85.3944888620913,85.44040267979456,23075200
2018-03-21,84.91699981689453,86.35860512570227,84.66907646132722,85.33019606888861,24457100
2018-03-22,82.44699096679688,84.24670168251981,82.32762486512657,83.80595291283925,38604700
2018-03-23,80.05043029785156,83.0621911689232,79.9586096869947,82.18070069486299,44068900
2018-03-26,86.11070251464844,86.31271211067552,83.00712028199803,83.1999457130788,56396800
2018-03-27,82.15316772460938,87.35947491379275,81.27167711629245,87.1758336641093,56569000
2018-03-28,82.07970428466797,83.76923311953303,81.60223285628295,82.47453925650076,52501100
2018-03-29,83.80596923828125,84.74255792925136,81.17068128658278,82.80511240774645,45867500
2018-04-02,81.28085327148438,83.4478536172263,80.35345586492824,83.07138695838356,48515400
2018-04-03,82.37354278564453,82.68574133243172,80.7023821094495,82.2541766678681,37213800
2018-04-04,84.7792739868164,85.17410895880761,80.55546240615551,80.66564434826935,35560000
2018-04-05,84.8251724243164,85.45874655081184,83.92532062701059,84.88027039540096,29771900
2018-04-06,82.85101318359375,84.8986403424982,82.16234802149808,84.00796561198018,38026000
2018-04-09,83.34683990478516,85.55056966512937,83.20911248670298,83.59476326826066,31533900
2018-04-10,85.2843017578125,85.65159129103206,84.1457105097505,84.83437575748775,26812000
2018-04-11,84.34773254394531,85.660788090182,83.99881128892933,84.48546701490059,24872100
2018-04-12,85.92704010009766,86.45960944846273,84.87108556605342,84.87108556605342,26758900
2018-04-13,85.46794128417969,86.4779821431121,84.8802808933294,86.35861603434904,23346100
2018-04-16,86.46878814697266,86.91872105557526,85.78012304798983,86.37696753486767,20288100
2018-04-17,88.21341705322266,88.64498168140119,87.12073273978888,87.23092168915288,26771000
2018-04-18,88.55313873291016,88.81023921113947,87.70837101170476,88.35112921274066,21043300
2018-04-19,88.25016784667969,89.13165863639306,87.54313417842666,88.553182275931,23552500
2018-04-20,87.2309341430664,88.25015930243842,86.3586276038219,88.06651803274443,31154400
2018-04-23,87.55229949951172,88.4154287768825,86.89117979816088,87.91040483683267,22331800
2018-04-24,85.5046615600586,88.58069761362229,84.85272610435422,88.36950390000305,34524800
2018-04-25,84.76091003417969,85.66995313632209,82.89692402559747,85.66995313632209,33729300
2018-04-26,86.55144500732422,87.36866049092222,85.48630612663281,85.89950945330023,42529000
2018-04-27,87.9838638305664,89.89376362657663,86.23006680077594,89.61829475015541,48272800
2018-04-30,85.87196350097656,88.51644257557932,85.53222645714487,88.45216743170857,41523600
2018-05-01,87.2309341430664,87.49721888794845,85.2016679894467,85.58731885908331,31408900
2018-05-02,85.86277770996094,87.38701968515375,85.56894750959458,87.22173975960612,27471000
2018-05-03,86.37699127197266,87.16666136291786,84.88947172742027,85.35776608494955,31142500
2018-05-04,87.37782287597656,87.57064824483976,85.32100493050986,85.68829434973341,22531300
2018-05-07,88.35114288330078,88.80106878981906,87.32273380579532,87.38700893529793,24242000
2018-05-08,87.97467041015625,88.29605306732101,87.28600529702683,88.01140005684547,23484600
2018-05-09,89.01226043701172,89.03980591966405,87.27682497527996,88.158315447472,27327400
2018-05-10,89.9029541015625,89.9396767492296,89.11328407288417,89.48975075792475,22388100
2018-05-11,89.71011352539062,89.866216288394,89.10409181740098,89.80194115261534,16778300
2018-05-14,90.01311492919922,90.61914355544552,89.35199533891722,89.91211015815817,19454100
2018-05-15,89.36119079589844,89.84784638762528,88.46133190528829,89.28773149759061,24594000
2018-05-16,89.59175109863281,89.82230114930566,89.10298611693905,89.7854122968985,17384700
2018-05-17,88.69721221923828,89.95140500746761,88.37444356840622,89.23209000394792,17246700
2018-05-18,88.86319732666016,89.38885107340639,88.54042871652265,88.54042871652265,17865800
2018-05-21,90.00674438476562,90.38484987031111,89.26898839485415,89.45342563337461,19422500
2018-05-22,89.91451263427734,90.53238503249864,89.6378497810712,90.08050893903531,15441200
2018-05-23,90.98426055908203,91.04881428132549,88.82630877754845,89.18596623516605,21251200
2018-05-24,90.6614990234375,91.2424896498875,89.27819872934377,91.04882845301388,26649300
2018-05-25,90.7076187133789,91.27938541111409,90.24651858044625,90.65228894889249,18363900
2018-05-29,90.38485717773438,91.18716696957601,89.66554203918797,90.22807777290409,28671000
2018-05-30,91.25169372558594,91.52835655974513,90.29261184837782,90.66148624615256,22158500
2018-05-31,91.15026092529297,92.21079252213768,90.93815882742138,91.56525522101249,34140900
2018-06-01,92.94853973388672,93.01309345307145,91.45457318669038,91.55601575052748,28655600
2018-06-04,93.76008605957031,93.93530633672795,93.00388223012023,93.3819876627596,27281600
2018-06-05,94.2396240234375,94.36873146573886,93.6309686218786,94.06440376495941,23514400
2018-06-06,94.51627349853516,94.61771605868442,93.97217889030493,94.50705656457791,21122900
2018-06-07,93.03153228759766,94.70071905079759,92.57043229344373,94.66383020696597,28232200
2018-06-08,93.72317504882812,94.01827874088862,92.71798051631258,93.22518624925847,22165100
2018-06-11,93.18832397460938,93.6863058427196,92.83788342971076,93.15143512589223,23490900
2018-06-12,93.42810821533203,93.55721569180383,92.91167830944481,93.23444700062433,18325200
2018-06-13,93.00392150878906,94.0736774946398,92.73648251232638,93.80623849817711,29492900
2018-06-14,93.52952575683594,94.09206834042506,93.14220343116642,93.74163486041375,25691800
2018-06-15,92.33991241455078,93.63099422645489,92.28458264867042,93.61255331643804,65738600
2018-06-18,93.01307678222656,93.24362674311135,91.6851067560657,92.22920832238356,23586000
2018-06-19,93.01307678222656,93.14218419745593,91.75888443214718,91.89721581584334,28653100
2018-06-20,93.94451904296875,94.54394343032246,93.25286902448879,93.48341903064878,26180800
2018-06-21,93.27133178710938,94.48863582347299,93.03155775448079,94.13820226488464,23198200
2018-06-22,92.59812927246094,92.93011488516953,91.8788071767422,92.59812927246094,38923100
2018-06-25,90.73526000976562,92.32144518047141,89.73006535846244,92.220002614729,35433300
2018-06-26,91.37158966064453,92.29378978147665,91.06726193217108,91.13181565919619,26897200
2018-06-27,89.95142364501953,92.23847658977907,89.82231615793619,91.83271321715871,31298400
2018-06-28,90.95659637451172,91.39925553309246,89.69318669815428,89.80384621092799,26650700
2018-06-29,90.93815612792969,92.13701912109275,90.67994121514471,91.23325989051662,28053200
2018-07-02,92.2292251586914,92.27533093778904,90.37560116476998,90.46781975879297,19564500
2018-07-03,91.34391784667969,92.80098857972409,91.24247527822476,92.66266420076559,14670300
2018-07-05,91.99869537353516,92.14624374923193,91.32548612114881,91.75892134771998,18977400
2018-07-06,93.28975677490234,93.53874768286866,91.91567368851936,92.1185588172915,19234600
2018-07-09,93.92607879638672,94.29496024362525,93.3727601434431,93.74164159068165,18212000
2018-07-10,94.17508697509766,94.53474449030082,93.93531295301916,94.06442041817778,19293100
2018-07-11,94.04596710205078,94.37795265735183,93.23442653003333,93.28053934829003,19644600
2018-07-12,96.08403015136719,96.28691529800363,94.73761885694064,94.7745006692124,24335900
2018-07-13,97.2275619506836,97.38433428735048,95.99181009289873,96.25003204460914,24635200
2018-07-16,96.74801635742188,97.58721479403467,96.38835184364103,97.19989243867491,21786900
2018-07-17,97.70709991455078,98.21431279495945,96.2039162516201,96.47135513076026,25901700
2018-07-18,96.9416732788086,97.799319619923,96.5727918459736,97.69787704999767,29493900
2018-07-19,96.27770233154297,97.11690085529861,95.80737825929401,96.76646731203559,40171600
2018-07-20,98.0022201538086,99.7820669664517,97.82700688587754,99.67140743635413,56004000
2018-07-23,99.5699691772461,99.72674154226138,97.87311693831639,98.02989633916171,29707000
2018-07-24,99.28406524658203,100.35381369429057,98.91518380274765,100.12326367137263,26316600
2018-07-25,102.20746612548828,102.50256995503409,99.2287559095285,99.56074859724632,30702100
2018-07-26,101.0915756225586,102.36420920408963,100.98090907971005,102.1244352124986,31372100
2018-07-27,99.30248260498047,101.6079822874551,97.8822939562769,101.6079822874551,37005300
2018-07-30,97.17220306396484,99.16415112923272,96.60966057907203,98.85060654989006,34668300
2018-07-31,97.8270034790039,98.41721107173576,97.18145908732066,98.20510192005268,27655200
2018-08-01,98.01142883300781,98.16820116673662,97.21833615718973,97.78087880017299,23628700
2018-08-02,99.20106506347656,99.68060602255403,96.68345567979159,97.19989252321554,26104300
2018-08-03,99.63451385498047,99.64373782732766,98.5094284468243,99.413187769454,18659600
2018-08-06,99.71749114990234,99.98493001480666,99.1918373908361,99.70827421498812,20265900
2018-08-07,100.40917205810547,100.61205726181426,99.75441065075546,100.11406822611912,16080200
2018-08-08,100.97168731689453,101.21146131372895,100.2984851817054,100.8241389590315,15487500
2018-08-09,101.1376724243164,101.5895554906168,101.07311870567743,101.1745612686569,13677200
2018-08-10,100.51981353759766,101.15613387475953,99.94804692769652,100.90713590116202,18183700
2018-08-13,99.7912826538086,101.05469945888534,99.68984006908853,100.7411477327063,18472500
2018-08-14,101.03621673583984,101.21143696473766,99.63447601213753,100.11401685461216,16788300
2018-08-15,99.66612243652344,100.89736301272248,98.8884897465473,100.43448859768287,29982800
2018-08-16,99.64763641357422,100.77705148932749,99.33288509759336,100.25863423340353,21384300
2018-08-17,99.59207153320312,99.8883109081344,98.76815555095979,99.38840563864342,18061500
2018-08-20,98.93479919433594,99.88831954411815,98.57375764563984,99.52727799542205,17914200
2018-08-21,98.11089324951172,99.379165003024,97.99054134560987,98.98109260538241,22881900
2018-08-22,99.11067962646484,99.36988820056841,97.92572210890347,97.99052425242935,18000600
2018-08-23,99.57356262207031,100.14752955879334,98.93480059917863,99.19400919547144,18167700
2018-08-24,100.35118865966797,100.4993048205329,99.57355586068891,99.67538881130407,17234000
2018-08-27,101.46209716796875,101.49912797850294,100.45303406680546,101.15659827824035,19662300
2018-08-28,102.07308959960938,102.29526738826925,101.63798642725969,101.77685019376133,19151500
2018-08-29,103.7024154663086,103.71167493531418,102.08235447269605,102.24898960026955,20818000
2018-08-30,103.63760375976562,104.24860152553876,103.1654768275643,103.37839515473632,22798700
2018-08-31,103.9893798828125,104.40596407967955,103.23951844038639,103.39690112762636,23222700
2018-09-04,103.41542053222656,103.64685778354644,102.03605649197331,102.61927582265382,22634600
2018-09-05,100.43450164794922,103.14694635504733,100.07346012233752,102.767392958106,32872400
2018-09-06,100.66593933105469,100.89737656967127,99.52727207228735,100.2123243209793,23477600
2018-09-07,100.17530059814453,100.6474345759177,99.2680705138481,100.19381953376949,22498600
2018-09-10,101.25843811035156,101.49913486369903,100.31417709784292,100.75853272858626,20727900
2018-09-11,102.98033142089844,103.30434220437525,100.80482237423371,100.81408184316315,24301800
2018-09-12,103.41542053222656,103.54502482793335,102.30452455105289,103.156211940813,18891100
2018-09-13,104.52632904052734,105.28544298202384,103.7949864405763,103.7949864405763,26055600
2018-09-14,104.9521713256836,105.28544154549142,104.09122443499749,104.94291185765987,19122300
2018-09-17,103.81350708007812,105.25767346562678,103.55429845322635,105.24842105960019,20736500
2018-09-18,104.80403137207031,105.25764635221383,103.4246674985462,103.85977060849966,22170900
2018-09-19,103.40614318847656,104.9058588604153,102.79515262332586,104.65590977987709,21728400
2018-09-20,105.1373062133789,105.35023157600118,103.61907852576292,103.94308924027172,23714500
2018-09-21,105.77608489990234,106.72960525950992,105.08177313557785,105.53538817732326,71229700
2018-09-24,106.1556396484375,106.36856503316281,103.88755734853035,104.6374118032196,27334500
2018-09-25,105.95198059082031,106.55371891227321,105.30395905258183,106.27599842284461,22668000
2018-09-26,105.51687622070312,106.51667979272784,105.29469137100475,105.97049126208778,19352000
2018-09-27,105.91495513916016,106.37782967700198,105.72054161791026,106.25747777690395,19091300
2018-09-28,105.8779067993164,106.063053758638,105.23913778272043,105.71127171076544,21647800
2018-10-01,107.02582550048828,107.09062763770645,106.21116905218801,106.22968092157754,18883100
2018-10-02,106.5999755859375,107.23873745428486,105.94269478639002,106.73883931832704,20787200
2018-10-03,106.61852264404297,107.5535312169723,106.39634483663085,106.84995992011126,16648000
2018-10-04,104.41522216796875,106.23894868150022,103.3413500240584,106.1000849300768,34821700
2018-10-05,103.80423736572266,104.76701721536435,102.42487327302946,104.26711188595975,29068900
2018-10-08,102.61929321289062,103.71167750675603,101.22141000041496,103.36915483701628,29640600
2018-10-09,103.92459869384766,104.68371269342045,102.57300581962805,102.8877571317631,26198600
2018-10-10,98.27751159667969,103.22100758311196,97.93498194366879,102.98031087929608,61376300
2018-10-11,98.04607391357422,100.84183261290819,96.4630370061691,97.52764970287686,63904300
2018-10-12,101.43434143066406,102.98034092805554,99.16625867403134,100.91592412924082,47742100
2018-10-15,99.610595703125,101.35100842577738,99.00885741205698,100.82333175331259,32068100
2018-10-16,102.75813293457031,103.13769339236036,100.86034477142793,101.40654032189832,31610200
2018-10-17,102.48966217041016,103.50798457067155,101.41579709503202,103.38763975361738,26548200
2018-10-18,100.44377136230469,102.32304079321209,99.82352119737652,101.92496842142594,32506200
2018-10-19,100.59187316894531,102.62851780847438,100.17528194978946,100.84182225011627,32785500
2018-10-22,101.48985290527344,102.3322878238592,100.2030624544104,101.20287299639004,26545600
2018-10-23,100.07347869873047,100.87888297770238,97.3054908009247,99.76797979330264,43770400
2018-10-24,94.72264099121094,100.43451084281922,94.04684108789353,100.36045628781694,63897800
2018-10-25,100.25862121582031,101.1565918281231,98.26825941967601,98.63856043850126,61646800
2018-10-26,99.01811981201172,100.6752114970754,96.98147468045124,97.84242159921828,55523100
2018-10-29,96.13903045654297,100.62891161079169,94.08386658454805,100.08272310110335,55162000
2018-10-30,96.0279541015625,96.62968534650538,92.6767399268155,95.9631519492038,65350900
2018-10-31,98.8792495727539,100.11049745208217,97.56468767265675,97.61097794835354,51062400
2018-11-01,98.05534362792969,99.35139378911569,97.69430204156501,99.10144463813442,33384200
2018-11-02,98.27751159667969,99.35137670241276,97.18512755678172,98.57375097718233,37680200
2018-11-05,99.52726745605469,99.74018575048021,98.03681114346132,98.47191426194436,27922100
2018-11-06,99.72169494628906,100.75852942597564,98.38861397194327,99.40693657716623,24340200
2018-11-07,103.64686584472656,103.90607445630019,101.27695046701919,101.313981277659,37901700
2018-11-08,103.45243072509766,103.87827433512017,102.67480510581385,103.49872099129917,25644100
2018-11-09,101.43434143066406,103.17474741608926,100.684486824976,102.61929929843492,32039200
2018-11-12,98.93479919433594,101.7953602436826,98.22196850174817,101.29545493097159,33621800
2018-11-13,98.99958801269531,100.66593176779611,98.7218605220601,99.56429539752435,35374600
2018-11-14,97.59568786621094,100.65456086513805,97.13081367962779,100.5057977205912,39495100
2018-11-15,99.74340057373047,100.22687368184289,96.61015321420481,97.61427602832889,38505200
2018-11-16,100.68245697021484,101.23100513163368,99.29713381446281,99.55746223638481,33502100
2018-11-19,97.270263671875,100.93346692334615,96.27543333626045,100.66383908184476,44773900
2018-11-20,94.564697265625,95.73618209149464,92.37049074440347,94.64837829989536,64052500
2018-11-21,95.86634063720703,97.09360801802328,95.0574571228492,96.32191528410425,28130600
2018-11-23,95.82918548583984,96.51719744621882,94.8343547928283,94.99241034839585,13823100
2018-11-26,98.99028778076172,99.1390437978617,97.23306432493646,97.42831058742644,32336200
2018-11-27,99.61322784423828,99.78988228323944,97.95827707912099,98.80434430574573,29124500
2018-11-28,103.31365966796875,103.50890600892927,100.28267746049464,100.31056878157209,46788500
2018-11-29,102.44894409179688,103.31361009741723,101.37043290482312,102.57910825665027,28123200
2018-11-30,103.09980773925781,103.17418931961605,101.67729370864151,102.92315325926145,33665600
2018-12-03,104.21549224853516,105.45205929326048,102.95104098084359,105.06156667705791,34732800
2018-12-04,100.89629364013672,104.72685961669649,100.60807390490695,104.07603857152688,45197000
2018-12-06,101.51922607421875,101.56570923634064,97.62357816149972,98.38597153578618,49107400
2018-12-07,97.45621490478516,101.76094690870966,96.97274891791253,100.7661165279575,45044900
2018-12-10,100.03163146972656,100.39423988805007,96.59156507170096,97.43763955875964,40801500
2018-12-11,100.96136474609375,103.15557130708585,99.89215987313781,102.08636643412991,42381900
2018-12-12,101.4169692993164,103.45311371522365,101.37977850765998,103.09981183461493,36183000
2018-12-13,101.76094818115234,103.08119615274552,100.99855486200929,101.88181999944426,31333400
2018-12-14,98.58120727539062,101.58429728855633,98.08844183052511,100.64524955596535,47043100
2018-12-17,95.66180419921875,98.36737521870621,94.56470089648415,98.00477394091753,56957300
2018-12-18,96.66593170166016,97.16799663391299,95.31779241318033,96.46138594110346,49319200
2018-12-19,96.4056167602539,99.37150942177432,94.23000175035897,96.36842597192725,68198200
2018-12-20,94.3787612915039,96.98205253397556,91.84054505934131,95.8105746669011,70334200
2018-12-21,91.32917785644531,95.7640740887736,90.61326769919656,94.49031637493374,111242100
2018-12-24,87.5172119140625,91.08744935974066,87.37775533265946,90.81782147999952,43935200
2018-12-26,93.49549102783203,93.61636285211273,87.35915338759548,88.45625671519967,51634800
2018-12-27,94.0719223022461,94.08122177031775,89.62772708170264,92.32399825580859,49498500
2018-12-28,93.33744049072266,95.21553621458088,92.52855683617967,94.91800991950707,38196300
2018-12-31,94.43453216552734,95.20622493748444,93.38391916665485,94.17420378303974,33173800
2019-01-02,94.01615905761719,94.6018979853706,91.98930729861654,92.55645437981056,35329300
2019-01-03,90.55747985839844,93.15147829530453,90.37152595462861,93.06779726525407,42579100
2019-01-04,94.76924133300781,95.30849703139141,91.97999652629915,92.7144985099424,44060600
2019-01-07,94.89012908935547,96.01512391661572,93.88600610618126,94.49963642404227,35656100
2019-01-08,95.578125,96.66592877355556,94.56469569705315,95.80126259865891,31514400
2019-01-09,96.94486236572266,97.51200945613614,95.9872226504591,96.56366921101207,32280800
2019-01-10,96.32192993164062,96.46139360614016,95.18763578272288,95.96862810386999,30067600
2019-01-11,95.578125,96.173163325368,94.49961360188529,95.94072625785186,28314200
2019-01-14,94.88082122802734,95.64321458545031,94.146319185944,94.74135755791232,28437100
2019-01-15,97.63286590576172,97.67005668704293,94.72274933789835,95.30849527630726,31587600
2019-01-16,97.97687530517578,98.79505836570408,97.58638271360549,97.86531004667955,29853900
2019-01-17,98.66487884521484,99.13904530701616,97.40042076024672,97.6235583360012,28393000
2019-01-18,100.14317321777344,100.31982763763489,98.46963078991067,99.9107361783412,37427600
2019-01-22,98.25582885742188,99.57607012031777,97.49343531611679,99.25065954050802,32371300
2019-01-23,99.21343994140625,99.5202585818973,97.93968222063278,98.66489185090703,25874300
2019-01-24,98.73927307128906,99.48307459723334,97.93968891359495,99.35291039420565,23164800
2019-01-25,99.64112091064453,100.30124133456077,98.73926394911703,99.70620300614567,31225600
2019-01-28,97.69795227050781,98.99960129858704,97.30745969010901,98.79505553930674,29476700
2019-01-29,95.70829772949219,97.59568575117054,94.99238752535535,97.51200471082214,31490500
2019-01-30,98.90663146972656,98.90663146972656,97.00065152058912,97.27027940570382,49471900
2019-01-31,97.0936050415039,97.8281069724671,95.93141978872971,96.50786622773542,55636400
2019-02-01,95.55952453613281,96.78679194928101,95.15973250265337,96.48927279134861,35535700
2019-02-04,98.31158447265625,98.36737419487005,95.55023085253204,95.64321135841614,31315100
2019-02-05,99.68761444091797,99.73409760013845,98.51612958994576,98.60910300180335,27325400
2019-02-06,98.58120727539062,99.48306422621978,98.1163331434924,99.48306422621978,20609800
2019-02-07,97.87462615966797,98.17214541017505,96.9634765583606,97.80025166710504,29760700
2019-02-08,98.24649047851562,98.3487633478712,96.93554920660053,97.05641391883174,21461100
2019-02-11,97.85601043701172,99.0925774019612,97.59568204300483,98.73926850145178,18914100
2019-02-12,99.38079833984375,99.61323542214171,98.06985688425999,98.68348709294986,25056600
2019-02-13,99.30643463134766,100.20829180780943,99.21346120039057,99.94796336376234,18394900
2019-02-14,99.39009094238281,99.75269219824199,98.23720507999506,98.84153577748282,21784700
2019-02-15,100.61737060546875,100.69175217813137,99.81778643288865,100.32915087817263,26606900
2019-02-19,100.57086181640625,101.02644354494907,100.20826058326621,100.21756005148966,18038500
2019-02-20,100.0479965209961,100.78563541714837,99.24499757701822,100.71093618428742,21607700
2019-02-21,102.15818786621094,102.22354790400524,99.7865410147023,99.81455144179846,29063200
2019-02-22,103.61480712890625,103.82955852736787,102.54102876546455,102.75578728763738,27763200
2019-02-25,104.19369506835938,104.74459295772115,103.88557322634414,104.35243270518517,23750600
2019-02-26,104.91267395019531,105.73434415688274,103.80154599133975,103.88558441090827,21536700
2019-02-27,104.73526763916016,104.91267654419379,103.53076916944435,104.28708646941689,21487100
2019-02-28,104.6045150756836,105.39817462374509,104.32440371244903,104.61385425823745,29083900
2019-03-01,105.0714111328125,105.52893150566263,104.26841212201589,105.40755058494649,23501200
2019-03-04,104.81929016113281,105.74366991675967,103.45606136407102,105.52891142620486,26608000
2019-03-05,104.29642486572266,104.94069335053415,103.85758285477792,104.80997324111033,19538300
2019-03-06,104.34310150146484,105.1927892373233,104.04431169710259,104.45515034949226,17687000
2019-03-07,103.0732421875,104.15635967154809,102.58771143087516,104.01630039361625,25339000
2019-03-08,103.18529510498047,103.37203606711552,101.58863637047928,101.92477580129122,22818400
2019-03-11,105.35152435302734,105.46356608222585,103.6241454986756,103.63347756030137,26491600
2019-03-12,106.08914184570312,106.43461327257037,105.1834333911522,105.3421638912647,26132700
2019-03-13,106.91082000732422,107.37767948333872,106.23854122206967,106.56534143053777,35513800
2019-03-14,106.9948501586914,107.5644192832843,106.75208836281031,106.94816848581128,30763400
2019-03-15,108.22735595703125,109.4785358039819,106.9948402290483,107.6951293706516,54681100
2019-03-18,109.77735137939453,109.81470099724551,108.35810151961293,108.4701432494547,31207600
2019-03-19,109.85203552246094,110.58967434532315,109.23577759815444,110.26286701495503,37588700
2019-03-20,109.73062896728516,110.8791062123801,108.97431902765497,109.60924808923001,28113300
2019-03-21,112.25171661376953,112.81194667533883,109.32917113433497,109.3758599410123,29854400
2019-03-22,109.29182434082031,111.66346460410283,109.28248515510965,111.57943330384127,33624500
2019-03-25,109.86140441894531,110.18820471398742,108.61021698743996,108.8343076006528,27067100
2019-03-26,110.09481811523438,110.84178909125521,109.10507106453288,110.75775779498369,26097700
2019-03-27,109.03035736083984,110.3749149124421,107.8632086872157,110.06678595291488,22733400
2019-03-28,109.17977905273438,109.7866979169624,108.43280089311348,109.65597780758549,18334800
2019-03-29,110.12283325195312,110.47764394644278,109.20778539687471,110.24421417076793,25399800
2019-04-01,111.13124084472656,111.21527926555886,110.27222100794752,111.06588079461754,22789100
2019-04-02,111.28997039794922,111.5607497640314,110.66437325107148,111.16858236821993,18142300
2019-04-03,112.01827239990234,112.44778229590851,111.25262308550687,111.91556273741057,22860700
2019-04-04,111.44869995117188,112.2610380423641,110.53365220050554,112.13965001368894,20112800
2019-04-05,111.94357299804688,112.26104116991424,111.4580422409513,111.47671348696194,15826200
2019-04-08,111.98090362548828,112.06493490385344,110.77640543628729,111.86885479729182,15116200
2019-04-09,111.37401580810547,111.61678477462979,110.72041527174561,110.76709695365042,17612000
2019-04-10,112.22367095947266,112.37306227127469,111.61675228169868,111.82217156867229,16477200
2019-04-11,112.35441589355469,112.83994666899973,111.97158766061578,112.55049604077544,14209100
2019-04-12,112.93331909179688,112.96133664791964,112.3917674431804,112.64386845859573,19745100
2019-04-15,113.02669525146484,113.52156521429849,112.57850696748258,112.92398558479621,15792600
2019-04-16,112.7652359008789,113.58691314657396,112.1396459060595,113.57757396231553,14071800
2019-04-17,113.6989517211914,113.77365094577425,112.55048141899813,113.20408182482275,19300900
2019-04-18,115.19290924072266,115.33296138402915,113.2601113022804,114.09112059654672,27991000
2019-04-22,115.55706787109375,115.78115844117958,114.44593995807884,114.4926287585475,15648700
2019-04-23,117.12570190429688,117.25642198130265,115.62241389502043,115.87451486532875,24025500
2019-04-24,116.72421264648438,117.50853317676774,116.26668521344186,117.45251231709337,31257000
2019-04-25,120.58980560302734,122.6626629649692,120.29102292561114,121.43949332968546,38033900
2019-04-26,121.28073120117188,121.86897858901425,120.46840042551742,121.10332235420876,23654900
2019-04-29,121.16870880126953,121.55152273221088,120.77654856273588,121.29008257318844,16324200
2019-04-30,121.9437255859375,122.03708895163885,120.8139191557907,121.20607948555262,24166500
2019-05-01,119.40399169921875,121.99039037985155,119.23592198224438,121.87834865100939,26821700
2019-05-02,117.84468841552734,119.51604648290713,117.20041994786774,119.49737523507723,27350200
2019-05-03,120.35638427734375,120.85125425227024,118.81575348708921,118.91846315626768,24911100
2019-05-06,119.65608978271484,120.03891801011397,117.7513092019306,118.01274939444173,24239800
2019-05-07,117.2004165649414,118.75039366740887,115.98658602711284,118.07811478555365,36017700
2019-05-08,117.1910629272461,117.99406176343277,116.48143455774648,117.12570288819416,28419000
2019-05-09,117.18172454833984,117.45250389018918,115.37964674643291,116.05192550913333,27235800
2019-05-10,118.70368194580078,119.45065992002532,115.61307464677384,116.63083195856203,30915100
2019-05-13,115.17424774169922,117.22843400349122,114.88479710485718,115.88387624113363,33944900
2019-05-14,116.4627685546875,117.53653965547308,115.50103204577395,115.65976968236609,25266300
2019-05-15,118.10282897949219,118.74948222900501,115.92858255440808,116.45340558810436,24722700
2019-05-16,120.83000183105469,121.25174214664068,118.51518489849643,118.78696658735679,30112200
2019-05-17,120.02405548095703,122.26390402423397,119.88347059655385,120.24896841574427,25770500
2019-05-20,118.2902603149414,119.57418582179464,117.8591605611729,118.57140859779234,23706900
2019-05-21,118.92753601074219,119.51795382115691,118.6276402284567,119.4242377298326,15293300
2019-05-22,119.64917755126953,120.18337437526199,118.57142444774058,118.66514770463229,15396500
2019-05-23,118.25276184082031,118.35585168030983,116.90322732392407,118.2715021979643,23603800
2019-05-24,118.30901336669922,119.4148805580818,118.05597916997831,118.93692628093338,14123400
2019-05-28,118.23403930664062,119.95843842699016,118.13094945161102,119.00252276681033,23128400
2019-05-29,117.09069061279297,117.5124166606057,116.24723136708701,117.50304290507549,22763100
2019-05-30,117.83104705810547,117.8591611715282,116.94072628260098,117.39057354760364,16829600
2019-05-31,115.90982818603516,116.79077515570697,115.5724445444621,116.42527740234937,26646800
2019-06-03,112.31109619140625,116.55650674765947,111.53324604563242,116.0691715369704,37983600
2019-06-04,115.42252349853516,115.53497996834237,113.07021128729767,113.66062920402771,29382600
2019-06-05,117.92475891113281,117.9622467777079,116.40653249019898,117.10004014663961,24926100
2019-06-06,119.78974914550781,119.93032687355803,117.70921879058938,118.49644977762242,21459000
2019-06-07,123.14482116699219,123.94142584332684,120.20209147700956,121.07367188877706,33885600
2019-06-10,124.26943969726562,125.6564550166469,123.70712884608348,124.08199321343226,26477100
2019-06-11,123.80084228515625,125.80639652200156,123.03235180273548,125.4690128980389,23913700
2019-06-12,123.22920227050781,123.67904247224821,122.49820658011886,123.14484561379972,17092500
2019-06-13,124.00701904296875,124.6442912620374,123.29475679794201,123.68836863327692,17200800
2019-06-14,124.12884521484375,125.3846564783161,123.36973563468743,123.95077964909689,17821700
2019-06-17,124.50373840332031,125.32844290398613,124.20383545750764,124.29755870311398,14517800
2019-06-18,126.66862487792969,126.7436006226237,125.17851949005886,125.75956363623617,25934500
2019-06-19,127.16532135009766,127.39023427460262,125.40342717395274,126.51866809182488,23744400
2019-06-20,128.34617614746094,129.0115770148908,127.19345433785757,128.8147638765865,33042600
2019-06-21,128.3649139404297,129.07716208670809,127.88695964097253,127.99941611139504,36727900
2019-06-24,129.1240234375,129.70506760031128,128.39302778100793,128.39302778100793,20628800
2019-06-25,125.04727172851562,128.94592373242773,124.39125199231833,128.62728761772584,33327400
2019-06-26,125.51590728759766,127.21220694712169,125.20665195812929,125.9095335799747,23657700
2019-06-27,125.72207641601562,126.24690666144433,125.12228472140197,125.712709809908,16557500
2019-06-28,125.54399871826172,126.14379028684033,124.7942556824987,126.11567617426313,30043000
2019-07-01,127.15592193603516,128.11184462651903,126.49053556434735,128.04624979980656,22613500
2019-07-02,127.99939727783203,128.00876388226854,126.83729482052988,127.56829037104205,15237800
2019-07-03,128.82415771484375,129.086565725482,127.72764973447762,128.20561841826904,13629300
2019-07-05,128.44924926757812,128.70229061234994,127.19343774934305,127.39961746728143,18141100
2019-07-08,128.35556030273438,128.4867642982037,126.8654404182776,127.83073002069405,16779700
2019-07-09,127.88693237304688,128.3648865705951,127.26839331728434,127.45582549474491,19953100
2019-07-10,129.18960571289062,129.87373959781803,128.41174858886257,128.51483843180986,24204400
2019-07-11,129.7050323486328,130.4735228197629,129.2083306734517,129.5176001825535,22327900
2019-07-12,130.17364501953125,130.38920563724577,129.3395595644805,130.12679769409456,18936800
2019-07-15,130.17364501953125,130.77343664675695,129.7612998946939,130.67972769572316,16651500
2019-07-16,128.46795654296875,130.31419252072135,127.94314080718947,130.22985019893315,22726100
2019-07-17,127.70890045166016,129.2646008046643,127.662038819907,129.04905445879447,20211000
2019-07-18,127.84945678710938,128.03688899305456,126.20939995980784,127.03411882615946,30381800
2019-07-19,128.0369110107422,131.83247460951378,127.87759289328382,131.4107484985754,48992400
2019-07-22,129.73316955566406,130.4454319337942,128.70228530861493,128.77726104842654,25074900
2019-07-23,130.53915405273438,131.19518826722913,129.35831820693474,130.9796276309641,18034600
2019-07-24,131.87933349609375,131.89808100956972,130.1268199404063,130.17366727385195,20738300
2019-07-25,131.38265991210938,131.776271978828,130.5673216524898,131.60757292156805,18356900
2019-07-26,132.46034240722656,132.77897855057645,131.4856864686977,131.5512812981361,19037600
2019-07-29,132.16981506347656,132.61965514777933,130.61410082590473,132.61028854399578,16605900
2019-07-30,131.53253173828125,132.347869503776,131.0170825703765,131.335718674115,16846500
2019-07-31,127.70890045166016,131.6637819289008,126.59365939668136,131.5138304273556,38598800
2019-08-01,129.38638305664062,132.08545173375273,128.3273706909378,128.39297980746915,40557500
2019-08-02,128.2992706298828,129.63007190954335,126.7623039760753,129.41451133176076,30791600
2019-08-05,123.90394592285156,125.5158741944709,122.56377788112599,124.92546351189758,42749600
2019-08-06,126.22816467285156,127.15595922377649,124.8411489996416,125.39407908758956,32696700
2019-08-07,126.7811050415039,127.1278554128838,123.54785231061389,125.38470834837975,33414500
2019-08-08,130.164306640625,130.2580299121431,127.39026082555365,128.0181810044305,27496500
2019-08-09,129.05844116210938,130.62352249185966,127.88697181647328,129.9018933709022,23466700
2019-08-12,127.25901794433594,129.19897753077302,126.74358300895678,128.45861539257012,20484300
2019-08-13,129.89251708984375,130.07994931115306,126.51867990562891,127.50271694270506,25154600
2019-08-14,125.9808349609375,128.74530707742247,125.68934554077875,128.2187436929065,32527300
2019-08-15,125.69876098632812,126.54503598552417,124.35414460830978,126.36637745187906,28074400
2019-08-16,128.0025177001953,128.31281714708828,126.67669670377454,126.82714752913726,24449100
2019-08-19,130.14637756347656,130.2780184343801,128.7171235738247,129.6198140798624,24355700
2019-08-20,129.06500244140625,130.42844289405204,129.0462068549163,129.95829497183652,21170800
2019-08-21,130.50364685058594,131.16186538417406,129.76081948683455,130.27798504275015,14970300
2019-08-22,129.55398559570312,130.88920423378826,128.1529393487213,130.38145069166865,18697000
2019-08-23,125.42611694335938,130.08999268351948,124.87134559609925,128.99924558370546,38508600
2019-08-26,127.36311340332031,127.46654655596922,125.90565146973343,126.93058519972013,20312600
2019-08-27,127.63578033447266,128.5572663691494,126.62025896353632,128.24696697682626,23102100
2019-08-28,127.466552734375,127.65460910800253,125.5765625055786,126.82715819448505,17393300
2019-08-29,129.87368774414062,130.17458937149848,128.73593754166947,129.05563475990274,20168700
2019-08-30,129.62924194335938,130.8704255358107,128.13417434535444,130.84221779605835,23940100
2019-09-03,127.91790008544922,129.00864721770145,127.59820279254922,128.45387585394275,18869300
2019-09-04,129.41297912597656,129.4693946060495,128.33162981604372,129.10267963779316,17995900
2019-09-05,131.68846130371094,131.99876071400755,130.47547139548067,130.8045807436743,26101800
2019-09-06,130.79513549804688,131.8106422116155,129.9488607730417,131.66960359800137,20824500
2019-09-09,129.3095703125,131.40642735415247,128.312858382776,131.25597648043959,25773900
2019-09-10,127.95549774169922,128.7171353033161,126.47922594624515,128.63251209597647,28903400
2019-09-11,127.99308776855469,128.1341407781472,127.02458403002198,127.79563364201492,24726100
2019-09-12,129.3095703125,130.15583136851112,128.69836901846082,129.6198698591134,27010000
2019-09-13,129.12144470214844,129.8172545115842,128.41622275078365,129.55397279756352,23363100
2019-09-16,128.19052124023438,128.53842607623213,127.56052480985556,127.72037336552411,16731400
2019-09-17,129.18728637695312,129.3095294667043,128.28459576759934,128.7829659228231,17814200
2019-09-18,130.24981689453125,130.3908555672847,128.37862253191844,129.1590699993063,23982100
2019-09-19,132.64755249023438,133.86992570956915,131.70725656903707,131.92352061353486,35772100
2019-09-20,131.1149139404297,133.19296065850412,129.99595908556697,132.5911716207354,39167300
2019-09-23,130.83279418945312,131.29354442748715,130.17458981210405,130.91741739201672,17139300
2019-09-24,129.1779022216797,132.29028048475192,128.70775410102752,131.97998100338765,29773200
2019-09-25,131.03964233398438,131.60382563520815,127.90845514252489,129.2906913175235,21382000
2019-09-26,131.20892333984375,131.8107123243232,130.17460614502846,131.1149023300139,17456600
2019-09-27,129.50697326660156,131.979956513644,128.4914517926957,131.78248802658757,22477700
2019-09-30,130.72935485839844,130.90801339831535,129.553984830291,129.80786877374024,17280900
2019-10-01,128.8863983154297,131.8765331425289,128.82057069894088,131.32176186546792,21466600
2019-10-02,126.61083221435547,128.22814224654417,125.604723101785,128.1153113342721,30521700
2019-10-03,128.14349365234375,128.58543376814387,125.26619117774602,126.8928986808001,24132900
2019-10-04,129.87368774414062,129.99593082372718,128.27518730519495,128.5854867279905,22897700
2019-10-07,128.9333953857422,129.93010694639597,128.83937438532524,128.95220532493747,15303700
2019-10-08,127.5699691772461,129.53518456755847,127.52295150305427,128.89579011144485,25550500
2019-10-09,129.9865264892578,130.41905462210212,128.79234653089637,129.25309674419262,19749900
2019-10-10,130.79513549804688,131.331096577554,129.99587842683758,130.22155455639364,17654600
2019-10-11,131.34056091308594,132.60996646985308,131.17131449100006,131.75429351967023,25446000
2019-10-14,131.2183380126953,131.91414802041203,131.19013027442472,131.3499789072186,13304300
2019-10-15,133.11767578125,133.32452764562433,131.46274608405966,131.6978200207947,19695700
2019-10-16,132.0269775390625,132.57235099340375,131.19951238795443,132.3842802970394,20751600
2019-10-17,131.34994506835938,132.97665306327167,130.71994849631562,132.53471281384464,21460600
2019-10-18,129.2061004638672,131.64146410636755,128.4068429783947,131.41578785984123,32273500
2019-10-21,130.16519165039062,130.231019269086,128.82997281355318,130.18400159112943,20078200
2019-10-22,128.22816467285156,131.65084163887934,128.12473153592026,130.672940083348,27431000
2019-10-23,129.04624938964844,129.24370354730698,127.51356206675086,128.70774220016742,29844600
2019-10-24,131.58505249023438,132.036390648741,130.39087229915881,131.0678867108094,37029300
2019-10-25,132.3278350830078,132.7133598370061,130.8891835354303,131.0208243846277,25959700
2019-10-28,135.58126831054688,136.97290222715964,134.94185963678848,135.77872241507427,35280100
2019-10-29,134.3025360107422,135.87282927089313,134.1332751985534,135.47790650616514,20589500
2019-10-30,135.97622680664062,136.34294173117877,134.26488092694217,134.95130744674947,18496600
2019-10-31,134.8102569580078,136.27711668382418,134.45295417080953,136.24890894661854,24605100
2019-11-01,135.1393280029297,135.79753226389602,134.43410607737076,135.64708147631032,33128400
2019-11-04,135.91978454589844,136.34291486039237,135.55306969363332,136.18306626815146,16912000
2019-11-05,135.8351287841797,136.3616921024348,135.31796325811686,136.31467444592465,18250200
2019-11-06,135.45904541015625,135.89158790216462,134.65039024075023,135.75053488730626,16575800
2019-11-07,135.64710998535156,136.23010332282993,135.1863740797304,135.25218734577064,17786700
2019-11-08,137.24560546875,137.27381319989922,135.17694286595528,135.38380912623475,16732700
2019-11-11,137.38665771484375,137.67814719740517,136.08904456250804,136.66262573224404,14362600
2019-11-12,138.2893524169922,138.75950046054308,137.3396441864404,137.54651047342517,18641600
2019-11-13,138.51502990722656,138.6560829448576,137.54652597617488,137.97906853801624,16919200
2019-11-14,139.22023010253906,139.5493394573427,138.2235185906592,138.24232852893402,19729800
2019-11-15,141.01620483398438,141.03501477303848,139.4177043610953,140.03828887208496,23485700
2019-11-18,141.36407470703125,141.5615431486386,140.0852717765639,141.11020515781956,21534000
2019-11-19,141.4111328125,142.29501346031734,141.232474254182,141.87188307617376,23935700
2019-11-20,141.16583251953125,142.31689851081478,140.07138836760183,141.81684690437555,25696800
2019-11-21,141.03369140625,141.33561685113608,140.10906992533216,140.9582100450285,18576100
2019-11-22,141.13751220703125,141.8074004595796,140.41103091498735,141.59040048900815,15901800
2019-11-25,142.68479919433594,142.79802842716816,141.4488225767754,141.52430393313134,22420900
2019-11-26,143.4396514892578,143.80761423990813,142.76977759795693,142.8075110918125,24620100
2019-11-27,143.71327209472656,143.88309441054716,142.95847265456396,143.72270186896043,15184400
2019-11-29,142.82640075683594,143.6944151770697,142.73204541690905,143.5057188938195,11977300
2019-12-02,141.0998077392578,143.25097713303703,139.93931187075685,143.232103184922,27418400
2019-12-03,140.87335205078125,140.98656693702017,138.36364983072966,139.15619722421118,24066000
2019-12-04,141.38282775878906,141.69416865174247,140.769546953327,141.6564351605545,17574700
2019-12-05,141.4582977294922,141.8262748585036,141.0337275608038,141.57152699865006,17869100
2019-12-06,143.1754608154297,143.28867568329738,141.7790913241923,142.45840932459984,16403500
2019-12-09,142.80747985839844,143.6094567942985,142.38290976152146,142.5338724971307,16687400
2019-12-10,142.59051513671875,143.307566713041,142.24141192483611,142.741463513006,16476100
2019-12-11,143.1282958984375,143.28868844106424,141.8357113865266,142.97733313010576,18856600
2019-12-12,144.58126831054688,144.76996454781232,142.48670696472038,143.0810993922765,24612100
2019-12-13,145.7983856201172,146.13804463924706,144.1944458506823,144.35483838796566,23845400
2019-12-16,146.74183654785156,147.09092523450985,146.07196288444794,146.34557021247258,24144200
2019-12-17,145.94937133789062,146.91174110955072,145.72292715732243,146.66642298145092,25425600
2019-12-18,145.6473846435547,146.69466514471506,145.468118208742,145.58134744981186,24129200
2019-12-19,146.91172790527344,146.96833534617673,145.0624699216854,145.2983438565174,24958900
2019-12-20,148.51559448242188,149.534571105569,147.45886998623484,148.45898706945738,53477500
2019-12-23,148.51559448242188,149.18546806462896,148.38350571997293,149.18546806462896,17718200
2019-12-24,148.48733520507812,148.79869046613936,148.24201714670278,148.58167612271507,8989200
2019-12-26,149.70443725585938,149.761044685428,148.5061938757916,148.65715661904102,14520600
2019-12-27,149.9781036376953,150.53476272282796,149.27991153994333,150.44040738108174,18412800
2019-12-30,148.6854705810547,150.03467679735755,147.87406377591745,150.00637308062258,16348400
2019-12-31,148.78927612304688,148.85532773557313,147.6099064416711,147.91183199047254,18369400
2020-01-02,151.54425048828125,151.64803557454536,149.38365201536385,149.80822213313544,22622100
2020-01-03,149.65725708007812,150.9121078685936,149.12890188419777,149.3742199369989,21116200
2020-01-06,150.04405212402344,150.11010370350385,147.6664400048494,148.204239220863,20813700
2020-01-07,148.676025390625,150.64792756722025,148.4307217388253,150.31771277402052,21634100
2020-01-08,151.04421997070312,151.71410823807295,149.02513979117086,149.94976152661232,27746500
2020-01-09,152.93116760253906,153.053826612791,151.9310647710623,152.69529374996068,21385000
2020-01-10,152.2235565185547,153.99733261890012,152.07259378733414,153.61994018744716,20725900
2020-01-13,154.053955078125,154.08225879341623,152.14809000111734,152.61983778477074,21626500
2020-01-14,152.9689483642578,154.3558880672922,152.5821117076889,154.15774765402992,23477400
2020-01-15,153.9595947265625,154.67666054808353,153.38407627006706,153.43123952960977,21417900
2020-01-16,156.7807159423828,156.84676756742445,154.7616352411588,155.0635608471687,23865400
2020-01-17,157.65814208984375,158.0072309026949,156.08249155325078,157.96005323691986,34371700
2020-01-21,157.09201049804688,158.68652029544697,157.02595889858074,157.26183278821745,29517200
2020-01-22,156.33724975585938,158.02611528456538,156.31837580898244,157.94118972192078,24138800
2020-01-23,157.29959106445312,157.37507244171542,155.93152529350064,156.799539537116,19680800
2020-01-24,155.71450805664062,158.06381729197344,155.15784910579725,158.04494334885658,24918100
2020-01-27,153.1104736328125,154.1483246112151,151.14800094421565,152.04431893650815,32078100
2020-01-28,156.11080932617188,156.3938465269941,153.8558551144735,154.52572901855586,24899900
2020-01-29,158.5449676513672,159.21485574931927,156.32776200185393,158.3562714423913,34754500
2020-01-30,163.01718139648438,164.2154249334723,161.1396198225113,164.2154249334723,51597500
2020-01-31,160.6112823486328,162.65866646045717,159.99801585122756,162.47941435568245,36142700
2020-02-03,164.52679443359375,164.6400093173289,160.77167096154713,160.79997468248092,30107000
2020-02-04,169.9424591064453,170.43308095412178,166.34774240730417,167.13084564989816,36433300
2020-02-05,169.73484802246094,173.79188187042314,168.32904883087167,173.63148935041767,39186300
2020-02-06,173.2541046142578,173.4333710847966,169.88581835396727,170.7444028199159,27751400
2020-02-07,173.4993896484375,175.1410770270383,172.16905751732648,172.51816064750537,33529100
2020-02-10,178.0376434326172,178.16973226048214,172.89559452391404,173.20694984601053,35844300
2020-02-11,174.01834106445312,179.9246186871627,173.1314528445182,179.87744102505104,53159900
2020-02-12,174.2730712890625,175.34865565201176,171.57467341056173,175.09390781966596,47062900
2020-02-13,173.32957458496094,175.70717301583375,172.53702737807038,172.73516777894292,35295800
2020-02-14,174.87692260742188,174.93353004235755,172.32947286250848,172.89557600506723,23149500
2020-02-18,176.65066528320312,177.09410933712462,175.01842203596405,175.12220712085204,27792200
2020-02-19,177.1804962158203,178.0319558816132,176.41417962942194,177.91843177575387,29997500
2020-02-20,174.47474670410156,177.15213450123773,171.33379246688904,176.86830976972487,36862400
2020-02-21,168.95913696289062,173.60435785009562,167.6914028824493,173.29215209549287,48572600
2020-02-24,161.67431640625,165.1369449522698,154.4273981537831,158.72257505471552,68311100
2020-02-25,159.00643920898438,165.41134073594938,158.60907598738845,164.80585480979238,68073300
2020-02-26,160.9932098388672,163.9165713842641,159.13891519818378,160.55802442634837,56206100
2020-02-27,149.64976501464844,158.02251375085504,149.460553371622,154.5125922995576,93174900
2020-02-28,153.273193359375,154.88152808288865,143.80301327423336,144.1909064457123,97012700
2020-03-02,163.47189331054688,163.5948873794093,153.5570555882588,156.39527365057177,71030800
2020-03-03,155.63841247558594,165.56272015494937,153.50974893073658,164.42743581821443,71677000
2020-03-04,161.35267639160156,161.4945814998226,156.68853121047633,159.403769247118,49814400
2020-03-05,157.3035125732422,161.65543835111438,156.75478867248188,157.09537542343918,47817300
2020-03-06,152.85699462890625,154.31394044060374,147.58736201737483,153.8409040238814,72821100
2020-03-09,142.49745178222656,149.24295410550792,141.9108913840012,142.85696399322785,70419300
2020-03-10,152.2419891357422,152.3460576910282,144.3517477343456,149.63083416118593,65354400
2020-03-11,145.34512329101562,149.19563087249077,142.9988530891375,148.65637705232737,56371600
2020-03-12,131.5608673095703,145.19377837676913,131.1067564557763,137.46436615258762,93226400
2020-03-13,150.2646942138672,153.17859919394692,133.1407764964393,139.54569124869116,92727400
2020-03-16,128.11715698242188,141.2959565500694,127.71980820033161,132.45017146701056,87905900
2020-03-17,138.66586303710938,139.54570359494014,127.71979651062317,132.45015934434994,81059800
2020-03-18,132.82862854003906,138.1266425206825,127.73876618687149,130.5580593688643,81593200
2020-03-19,135.01405334472656,142.0528227308985,131.50411696458423,135.07081540201364,85922700
2020-03-20,129.94309997558594,139.16730942925798,128.53344635957905,138.126623613961,84866200
2020-03-23,128.64694213867188,132.98942614254727,125.37353917862465,129.62139571659822,78975200
2020-03-24,140.3404083251953,141.5324690597713,133.65168243997798,135.99793848446913,82516700
2020-03-25,138.99697875976562,146.00737989282055,136.650722853414,140.87966835078421,75638200
2020-03-26,147.69139099121094,148.21173379721907,140.36878402755934,140.39716505007598,64568100
2020-03-27,141.62705993652344,146.53717885318503,141.15402365454713,143.56651157981065,57042300
2020-03-30,151.58920288085938,151.93925954595042,141.92034012233952,144.21930395943565,63420300
2020-03-31,149.20510864257812,155.89383408368766,148.11711654538772,150.80395913051478,77927200
2020-04-01,143.90711975097656,149.24296923033248,142.68669231319745,144.74912388108316,57969900
2020-04-02,146.88720703125,147.0953441302831,142.25145768570258,143.6705663958808,49630700
2020-04-03,145.5343475341797,148.8929080992984,143.98278907166946,146.73586375961153,41243300
2020-04-06,156.35745239257812,157.52111786991853,149.0821504046339,151.67439501876555,67111700
2020-04-07,154.67343139648438,160.8323594955276,154.4558242809488,160.4444662227108,62769000
2020-04-08,156.22499084472656,157.68193646280352,154.68288771165297,156.735863755087,48318200
2020-04-09,156.2344512939453,158.34418945652004,154.52206194881128,157.38866118857393,51385100
2020-04-13,156.58445739746094,156.64123387476542,153.54757269607734,155.48702424689822,41905300
2020-04-14,164.33277893066406,164.38008543955723,158.94016894299634,159.88624137718085,52874300
2020-04-15,162.61097717285156,164.2098423148961,160.11334587025092,161.9676402425253,40940800
2020-04-16,167.49273681640625,167.71979950520816,163.5759956591144,164.900506356569,50479600
2020-04-17,168.96859741210938,170.2930934758854,166.38580843385955,169.82005710511905,52765600
2020-04-20,165.61947631835938,169.11048671754907,165.5532587393318,167.10481731275797,36669600
2020-04-21,158.7698974609375,164.3044130492384,157.1521070976366,164.1435824529207,56203700
2020-04-22,164.16253662109375,164.6166474686037,161.60814325445529,162.1473971791377,34620200
2020-04-23,162.17576599121094,165.6194697336528,161.69327415431388,164.72070363625357,32790800
2020-04-24,165.1370086669922,165.14646419797546,161.50409261173763,162.78128221888915,34277600
2020-04-27,164.66392517089844,167.3602231942558,163.95437078013265,167.06694302248667,33194400
2020-04-28,160.65260314941406,166.19658975824308,160.25525434705176,166.12090220980403,34392700
2020-04-29,167.8616180419922,168.09813614063847,162.6109278007802,163.87866134490363,51286600
2020-04-30,169.54568481445312,170.6714991341824,166.72637794260925,170.29307585110467,53875900
2020-05-01,165.15589904785156,169.00640698439105,164.62608627101295,166.3195642920733,39370500
2020-05-04,169.19564819335938,169.34702329891886,164.4274478556324,165.08024036692368,30372900
2020-05-05,171.01210021972656,173.74624981187438,170.19847710047543,170.87965061593798,36839200
2020-05-06,172.69610595703125,174.26659011866553,171.83519076310364,172.26092059498853,32139300
2020-05-07,173.69894409179688,174.5977102209606,172.73394594797495,174.23819799492594,28316000
2020-05-08,174.720703125,175.02345332485953,173.47189464038965,175.0045278283873,30877800
2020-05-11,176.6696319580078,177.39809758752233,172.98940950823808,173.27321978678938,30892700
2020-05-12,172.66773986816406,176.95344845601588,172.46907266619553,176.72640022519468,32038200
2020-05-13,170.0565643310547,174.12467974465682,167.0196646746437,172.70557072381354,44711500
2020-05-14,170.7945098876953,170.94588499008822,166.20605134339007,167.96574720991572,41873900
2020-05-15,173.28269958496094,176.97237777471676,167.45488760264234,169.40379528420186,46610400
2020-05-18,174.93824768066406,176.15867470206126,174.0394818046374,175.732945017198,35264500
2020-05-19,173.72731018066406,176.53714686086957,173.59486059865768,175.05180600072785,26799100
2020-05-20,176.13706970214844,176.31732647585,174.50529134965993,175.3306623912089,31261300
2020-05-21,174.02137756347656,177.09519450589028,173.8885591171076,175.89033215060581,29119500
2020-05-22,174.09732055664062,174.99860432695908,173.17707305777867,173.79374166252967,20826900
2020-05-26,172.2568359375,176.93395718698432,171.81094223314764,176.78216050547536,36073600
2020-05-27,172.4845428466797,172.65531775851107,167.54178388715303,170.9571228863452,39517100
2020-05-28,172.09552001953125,174.70446542183254,171.12784887494325,171.46938412483502,33810200
2020-05-29,173.8506622314453,174.81834800632248,171.1563362064676,173.35733024164716,42130400
2020-06-01,173.45220947265625,173.61348802494285,172.15248471379252,173.1770761664217,22622400
2020-06-02,175.4254608154297,175.5108409935352,172.0480653265447,174.79931055707493,30794600
2020-06-03,175.85247802734375,176.4027302873541,174.16377930488852,175.3401821858898,27311000
2020-06-04,173.53759765625,176.30782219414553,172.94940355898157,174.84681881585217,28761800
2020-06-05,177.59805297851562,178.10086682904225,172.67425840814317,173.25297060087948,39893600
2020-06-08,178.69854736328125,178.87880410656408,174.9796156570411,176.40267692363886,33211600
2020-06-09,180.064697265625,180.91852827671923,177.65497196351984,178.35702076730806,29783900
2020-06-10,186.7435760498047,188.33741213662907,181.2126097291226,181.32646446997757,43872300
2020-06-11,176.71575927734375,185.7189846562895,176.52602066269233,183.2238936451731,52854700
2020-06-12,178.11038208007812,181.88623453010308,175.68167829988911,180.76675195881117,43373600
2020-06-15,179.24876403808594,181.03233843882307,174.5716294051289,175.11239952812366,32770200
2020-06-16,183.64134216308594,185.54823928045562,181.63956849263874,182.99621344964388,42556700
2020-06-17,184.27694702148438,186.25026032660236,183.755155009725,185.0264195648279,25687800
2020-06-18,186.2502899169922,186.41156847786314,184.04928125447887,184.04928125447887,23061600
2020-06-19,185.14027404785156,189.06792275669048,184.4002833111231,188.40383036169425,44441100
2020-06-22,190.2823028564453,190.46254515240918,185.21619293576407,185.74746691069572,32818900
2020-06-23,191.5535430908203,193.48890010509766,191.0981530482965,191.72430349967055,30917400
2020-06-24,187.69229125976562,192.8248023892685,186.477946798873,191.25944078024958,36740600
2020-06-25,190.06407165527344,190.32022675323847,185.44387040822522,187.6543607899241,27803900
2020-06-26,186.2597198486328,189.63711577254304,184.8840970561807,189.48531911894298,54675800
2020-06-29,188.26153564453125,188.3469158529833,183.62235612896023,185.73796999200283,26701600
2020-06-30,193.07147216796875,193.91582132538687,187.5974399173059,187.73025839792913,34310300
2020-07-01,194.20045471191406,195.76583103340928,191.42074822230836,192.72047308150405,32061200
2020-07-02,195.68040466308594,197.35013913569628,194.48503841884437,195.13015257335095,29315800
2020-07-06,199.89268493652344,200.3006367249916,197.41655756468825,198.11860638784356,31897600
2020-07-07,197.56834411621094,203.65904475231002,197.32168536857642,199.6554977974831,33600700
2020-07-08,201.91343688964844,202.32137420232715,197.985788069965,199.29500916856912,33600000
2020-07-09,203.32699584960938,205.28133095940976,200.62317371738888,205.23389268976726,33121700
2020-07-10,202.7103271484375,203.09930069264342,200.2531782297019,202.66288887882965,26177600
2020-07-13,196.4489288330078,204.73114377834528,195.90815844468975,203.4788425482184,38135600
2020-07-14,197.66323852539062,198.13759233564966,191.66739941517432,195.55710644975017,37591800
2020-07-15,197.36912536621094,200.4903815184619,194.513520663541,198.81116499075517,32179400
2020-07-16,193.46041870117188,195.14911677994027,191.93299914946266,194.86450165378372,29940700
2020-07-17,192.47378540039062,194.52298263226248,191.06020599071783,193.98222687594824,31635300
2020-07-20,200.74655151367188,201.41064399654718,192.59714151482572,194.4850750154066,36884800
2020-07-21,198.042724609375,202.96651969548472,197.35965393406903,202.7008827079913,37990400
2020-07-22,200.8888397216797,201.41063181098787,197.70118152060454,198.46963238116317,49605700
2020-07-23,192.15118408203125,200.10135646389176,191.78118878729285,196.5626820320475,67457000
2020-07-24,190.974853515625,192.4548351386783,187.37924340277607,190.13998614831087,39827000
2020-07-27,193.39407348632812,193.5079137797622,190.55743220717181,191.1361444923465,30160900
2020-07-28,191.65785217285156,194.20038078000113,191.39221528780982,193.1662933006511,23251400
2020-07-29,193.59324645996094,194.15298040006812,191.6483932266433,192.11326510422728,19632600
2020-07-30,193.4414825439453,193.97277098377302,189.33359119030618,190.69023617073978,25079600
2020-07-31,194.49453735351562,194.57993203827127,188.80229182700702,193.9158251459421,51044000
2020-08-03,205.43312072753906,206.47670479362864,199.64601352103927,200.6706193833469,78983000
2020-08-04,202.34982299804688,203.75392056729805,199.5226786078573,203.18469025802023,49280100
2020-08-05,202.0177764892578,203.97211161459398,200.71805185226052,203.87723507455476,28806400
2020-08-06,205.2528839111328,205.27184763929066,200.6990847830471,201.4485573768755,32656800
2020-08-07,201.5813751220703,204.6362145752695,200.11087553199408,203.82982184764134,27820400
2020-08-10,197.56834411621094,201.01215709979328,195.76580559059593,200.81292214799484,36716500
2020-08-11,192.9481658935547,196.9991371237321,192.72047084685101,196.5342796413907,36446500
2020-08-12,198.4601287841797,199.4942165085806,194.2478650715753,194.76016076380623,28013100
2020-08-13,197.99526977539062,200.5093535572689,197.47347770925523,198.69731859856634,22588900
2020-08-14,198.1850128173828,198.83962338076026,196.8663098259881,198.05219433177936,17958900
2020-08-17,199.4942169189453,200.35754423975445,198.20397410771088,198.84910275139208,20184800
2020-08-18,200.64218139648438,201.46755240023344,198.4791291633885,199.73141570438264,21336200
2020-08-19,199.42489624023438,201.7073072260779,198.99694871511463,201.12719606634397,27627600
2020-08-20,204.06578063964844,204.46519928761978,198.67360712535148,199.27272784174724,26981500
2020-08-21,202.5822296142578,205.65395866789385,202.42056119155308,203.38106694213636,36249300
2020-08-24,203.2193603515625,204.95969353187164,202.021090073676,204.26545250984773,25460100
2020-08-25,205.86318969726562,205.9963292581571,202.65832093865595,202.65832093865595,23043700
2020-08-26,210.3137969970703,211.20773996833353,206.70951076329771,207.20403518570012,39600800
2020-08-27,215.477783203125,219.82384972072043,208.64958927330213,211.96858760041155,57602200
2020-08-28,217.69358825683594,219.3388155145878,215.47775473653246,216.9993472514701,26292900
2020-08-31,214.4792022705078,217.49387296688693,213.31898017144454,215.87717456181977,28774200
2020-09-01,216.13394165039062,216.3051148177839,213.43308852774393,214.4601710654626,25725500
2020-09-02,220.29937744140625,221.4500950446365,216.2100847206822,216.79970070139385,34080800
2020-09-03,206.65248107910156,218.07399570279384,204.42714264306883,218.03596205488873,58400300
2020-09-04,203.75192260742188,207.66053649902892,195.13585763014288,204.5602790966604,59664100
2020-09-08,192.72984313964844,199.73871502955402,192.2923763469673,196.3816830611181,52924300
2020-09-09,200.93698120117188,204.31303742314904,196.57189039154144,197.42779993984246,45679000
2020-09-10,195.3070526123047,204.21794102341093,194.1087966874438,202.94358877314926,35461500
2020-09-11,194.03271484375,198.4073248418045,191.37942868513088,197.04738599235657,33620100
2020-09-14,195.34510803222656,198.9493952369475,194.03272208163065,194.23243866542157,30375800
2020-09-15,198.54995727539062,199.5009581300524,196.79059988981783,198.20759638726756,21823900
2020-09-16,195.0027313232422,200.32832748932069,194.61281748381796,200.29979862410642,26328100
2020-09-17,192.96759033203125,194.3180098283197,190.16214066313728,190.24772725890895,34011300
2020-09-18,190.571044921875,193.6713022276265,186.63390228968643,192.86296027470001,55225300
2020-09-21,192.61572265625,192.7774055847078,186.75756793525397,187.5278763694896,39839700
2020-09-22,197.2566375732422,197.9033258380218,192.1782954096878,195.01227449746213,33517100
2020-09-23,190.76126098632812,197.90328680548734,190.22870282103128,197.71307502263417,30803800
2020-09-24,193.23387145996094,195.49725820179677,189.43937271825766,190.05753199798957,31202500
2020-09-25,197.63697814941406,198.79718568670492,192.6156809581105,193.57620097997778,29437300
2020-09-28,199.17759704589844,202.154234001749,197.86521138286304,200.5470404314798,32004900
2020-09-29,197.1044464111328,199.77677119863617,196.67649889728182,199.09204937202554,24221900
2020-09-30,200.02403259277344,201.59317836396667,196.41973084734164,197.55142430549373,33829100
2020-10-01,202.04966735839844,203.50469764479027,200.96552686047664,203.02919717182243,27158400
2020-10-02,196.08685302734375,200.65165967071292,195.46869381405818,197.80816211628797,33154800
2020-10-05,200.0715789794922,200.10010784631453,196.83816713211058,197.06641257781172,21331600
2020-10-06,195.8206329345703,199.88139703738187,194.78404525555516,198.5880495186196,28554300
2020-10-07,199.54852294921875,199.81480204347935,196.59090953478196,196.9142463619381,25681100
2020-10-08,200.26177978515625,200.84189093928686,198.112522883702,200.19520275398455,19925800
2020-10-09,205.2354736328125,205.28302657348576,200.8798883695281,200.8798883695281,26458000
2020-10-12,210.55157470703125,212.89104309760754,206.1864844473891,208.06946199860556,40461400
2020-10-13,211.94007873535156,214.17493684018692,209.6291388108704,211.80693917875223,28950800
2020-10-14,210.0380096435547,213.23337249173488,208.39278253905414,212.07315050744143,23421700
2020-10-15,208.89686584472656,209.56256358737795,205.42570377548589,206.46230580810285,22733100
2020-10-16,208.89686584472656,211.39798840005417,208.5735290141705,209.36284700902132,26057900
2020-10-19,203.7234344482422,211.40752423439918,203.24793395041902,209.61963771902458,27625800
2020-10-20,204.13230895996094,206.71903220871076,202.64875008429092,205.22596854936802,22753500
2020-10-21,204.2749481201172,206.29106490980843,202.67725943855305,202.67725943855305,22724900
2020-10-22,204.360595703125,205.47326508493126,201.32690031910607,203.44762839667925,22351500
2020-10-23,205.63491821289062,205.682471159576,202.71535302876916,204.49372004805122,18879600
2020-10-26,199.7862548828125,205.73951481810852,197.90327731407123,203.3715320530445,37111600
2020-10-27,202.8009490966797,204.1513686811001,200.0240281118137,201.2222840641838,36700300
2020-10-28,192.7488555908203,198.607024621871,192.19728783819525,197.49435530937347,51195600
2020-10-29,194.6889190673828,197.19956103907322,193.40506195786438,194.07077424346542,31432600
2020-10-30,192.54913330078125,194.27994721247174,189.83877521402604,193.52866296472536,36953700
2020-11-02,192.41600036621094,195.22144992256125,190.31428213947027,194.2799538734767,30842200
2020-11-03,196.3151397705078,197.92233386665959,193.1673286170387,193.89960348859515,27512000
2020-11-04,205.78709411621094,207.62253348770093,202.0116191998531,203.53322651784097,42311800
2020-11-05,212.34896850585938,213.13830093445856,210.31382731432063,211.16021747082223,36080100
2020-11-06,212.7579345703125,213.36657460037193,207.3467368207677,211.3694667927054,25231900
2020-11-09,207.68910217285156,216.94233758860318,207.20409690001915,213.44266096892412,44395000
2020-11-10,200.6707000732422,205.8917003784362,199.4439152641953,203.9896985273652,44045100
2020-11-11,205.9392547607422,207.3562368625371,201.80239490141182,201.9830874003012,29440800
2020-11-12,204.88363647460938,208.37380804064978,203.9516596545553,206.56691213283364,21593900
2020-11-13,205.90121459960938,206.7666289641758,203.66637102885733,205.75857025869104,18621100
2020-11-16,206.58592224121094,207.07094198920106,204.00871791849252,204.34155952810386,24953300
2020-11-17,203.95166015625,207.01386971538886,203.59027516934893,205.51130105759668,24154100
2020-11-18,201.26280212402344,205.16257527401476,201.11976980133684,203.71326545564156,28372800
2020-11-19,202.5404815673828,203.12211144423998,200.16628461776338,201.54885769573278,24792700
2020-11-20,200.60487365722656,203.3699903970843,200.23301292946485,202.33068920271324,22843100
2020-11-23,200.3379669189453,202.41657002824772,198.47866263559774,201.13889575652334,25683500
2020-11-24,203.91351318359375,204.28537395912775,199.14605988233055,199.84210399056337,33979700
2020-11-25,203.92306518554688,205.2770203254931,202.57865426468067,205.10539897142638,21012900
2020-11-27,205.21975708007812,206.21139535163326,204.0851010525826,204.85744058199225,14512200
2020-11-30,204.11375427246094,204.77165061209422,201.03396893960857,204.14235782857054,33064800
2020-12-01,206.15423583984375,207.21261112545957,203.4272517872102,204.53328996973545,30904500
2020-12-02,205.353271484375,205.4486263666285,202.902808140873,204.88607038902487,23724500
2020-12-03,204.2758331298828,206.31630244938077,203.71326261374324,204.62861999918616,25120900
2020-12-04,204.3902587890625,205.36282333758197,203.26513224291,204.2567706784118,24666000
2020-12-07,204.32351684570312,205.51538022737813,203.08399056805192,204.39979784802395,24620000
2020-12-08,205.96348571777344,206.85976915066394,202.98859989721,204.01837142335373,23284100
2020-12-09,201.94931030273438,205.21977604983914,201.38675434522085,205.15303927393487,32440600
2020-12-10,200.72882080078125,203.1697541123935,200.57625883152795,201.92068390599115,26733300
2020-12-11,203.34141540527344,203.3986370668293,199.38443493743736,200.28071849667674,30979400
2020-12-14,204.23770141601562,206.15422700053367,202.97910127982664,203.18887039404368,28798400
2020-12-15,204.17095947265625,205.40095602118834,202.36886270906425,205.16258335643218,27000600
2020-12-16,209.0814208984375,209.8728198548005,204.733506021788,204.76210957630974,35023300
2020-12-17,209.21490478515625,210.6165371249153,207.78466889145207,209.64397264344512,32515800
2020-12-18,208.42355346679688,209.4723991814722,205.973089641223,208.42355346679688,63354900
2020-12-21,212.23748779296875,213.58191314877274,207.1744545903805,207.43190114873119,37181900
2020-12-22,213.5247039794922,215.13610554728626,211.53191196153603,212.3328406363443,22612200
2020-12-23,210.74049377441406,213.16235346564574,210.53072468118395,212.73328561098842,18699600
2020-12-24,212.3900146484375,213.2100170826922,210.91210142344104,211.12187050307205,10550600
2020-12-28,214.49729919433594,215.51752679632904,212.64752469356728,214.01100956940522,17933500
2020-12-29,213.72491455078125,216.61398993703023,213.18143246826625,215.7844577615069,17403200
2020-12-30,211.3697967529297,215.13609639636613,211.16957186730082,214.7546914133142,20272300
2020-12-31,212.0753936767578,212.62842001281925,209.46282399587028,211.38887922848244,20942100
2021-01-04,207.56536865234375,212.6284013521997,204.81931110024084,212.1802596114298,37130100
2021-01-05,207.76564025878906,208.3568144503453,205.66796340095462,207.15540672652605,23823000
2021-01-06,202.37835693359375,206.42116185748517,202.08277720892175,202.30207594833803,35930700
2021-01-07,208.13746643066406,209.138634517425,203.77049208114227,204.08513119067524,27694500
2021-01-08,209.4056396484375,210.3209971953534,206.93610202945297,208.50935599080088,22956200
2021-01-11,207.3747100830078,208.72866521274221,206.65004779588634,208.3091269515907,23031300
2021-01-12,204.93373107910156,207.00281851869494,203.39862515474547,206.43071832954556,23249300
2021-01-13,206.27816772460938,206.67863205947245,203.98025172181406,204.06607693930206,20087100
2021-01-14,203.1126251220703,207.34612682770805,202.84564884776125,205.86821309906557,29480800
2021-01-15,202.75978088378906,204.5332740745868,202.1686213365607,203.58932764260769,31746500
2021-01-19,206.3734893798828,206.88836785633777,202.74069284584706,203.80859756685624,30480900
2021-01-20,213.90611267089844,215.28867135702768,207.18399993248087,207.5749346341582,37777300
2021-01-21,214.5067901611328,215.77493445654972,212.07538612252483,214.24934361492166,30709400
2021-01-22,215.44122314453125,219.3696147654963,215.2982053575905,216.51867230319704,30172700
2021-01-25,218.8546905517578,219.09306319554696,213.7916579255343,218.46375592415686,33152100
2021-01-26,221.52447509765625,223.2884239961353,219.3791212258297,221.07633334716795,49169600
2021-01-27,222.06797790527344,229.25730592090014,219.43634881456967,226.9307862882382,69870600
2021-01-28,227.81752014160156,231.3549769497505,224.15611943901934,224.65193866409186,49111200
2021-01-29,221.171630859375,226.94978012754314,220.5900011563586,225.01419585583952,42503100
2021-02-01,228.5040283203125,231.22148249088136,221.61982466737663,224.12750973113813,33314200
2021-02-02,228.3705596923828,231.04033664840065,227.58870485867922,230.0773162479899,25916300
2021-02-03,231.69821166992188,233.691003496613,228.13215165180748,228.42774595379248,27158100
2021-02-04,230.75425720214844,231.92706112737068,229.19053318429755,231.374034827884,25296100
2021-02-05,230.93540954589844,231.9651810913466,229.23819752167216,230.96401309862384,18054800
2021-02-08,231.19288635253906,232.34660192788067,229.61008833189024,231.84125303139,22211900
2021-02-09,232.43243408203125,233.37638057200232,230.1535918707079,230.62079300643464,23565000
2021-02-10,231.526611328125,234.48242367380797,229.68636677063753,233.60521400385034,22186700
2021-02-11,233.118896484375,233.74818915408628,230.88771766756295,233.3954023264637,15751100
2021-02-12,233.59567260742188,233.89125237223962,231.44077449132203,232.58496032734098,16561100
2021-02-16,232.3656768798828,234.68266680852793,231.6219553099753,233.6338212360362,26728500
2021-02-17,233.37869262695312,233.4838187487911,230.2631591892616,230.62632480699676,21653500
2021-02-18,232.98684692382812,233.12064247435825,230.18669197965465,231.0850397829088,16925600
2021-02-19,230.29183959960938,233.05377375121492,229.53683889334786,232.9486476243667,25262600
2021-02-22,224.11810302734375,227.386550086894,222.101603324749,226.89915507557774,36446900
2021-02-23,222.9329833984375,224.42385193473407,218.59415872729943,220.12326288805482,30228700
2021-02-24,224.15631103515625,224.7775015366936,218.85224710793744,219.81748539347333,26339700
2021-02-25,218.8426971435547,224.1945337785198,217.78188435010034,221.79576547197954,39542200
2021-02-26,222.08248901367188,224.93998302961114,219.36832759287157,221.2701494526982,37819200
2021-03-01,226.44039916992188,226.9469119322539,222.8183385683915,225.4464768789382,25324000
2021-03-02,223.50643920898438,226.78445210469692,223.10505255325617,226.50729480119938,22812500
2021-03-03,217.47607421875,223.22931252952912,217.18936527759203,221.87223909617876,34029500
2021-03-04,216.68283081054688,222.18759526620298,214.32228361038455,216.69239700995695,44727800
2021-03-05,221.3370361328125,222.9330311039714,216.42480728718476,219.34920613150112,41872800
2021-03-08,217.3135986328125,223.0286010289096,217.06512533998108,221.11722762448446,35267400
2021-03-09,223.42044067382812,224.9495452618804,221.40394110736247,222.56032845718752,33080500
2021-03-10,222.12071228027344,226.49775933721102,221.75754664949608,226.49775933721102,29746800
2021-03-11,226.62200927734375,228.571603879023,223.92696557628574,224.54817072866422,29907600
2021-03-12,225.30313110351562,225.37003616967326,222.89479662640136,223.64023105792842,22653700
2021-03-15,224.40478515625,224.76795075810895,221.53772513977538,224.54814690664654,26034900
2021-03-16,227.17628479003906,229.42213971544066,225.4847153006478,225.80964526868732,28092200
2021-03-17,226.53594970703125,227.9790458343157,222.89478602257378,225.6853891995927,29562100
2021-03-18,220.4960174560547,223.812251183883,220.1233002587038,222.25447733162704,34833000
2021-03-19,220.14244079589844,222.16849196675588,219.18675408019257,220.78274914550676,46430700
2021-03-22,225.53248596191406,226.4021496850385,219.9417135194071,220.06595744383355,30127000
2021-03-23,227.05206298828125,230.36829722374003,226.56466798871335,226.9660546794086,31638400
2021-03-24,225.02598571777344,227.45342339988957,224.89219016966658,227.3100762349969,25620100
2021-03-25,222.0442352294922,226.4403997014099,221.30836700029914,224.87307416129178,34061900
2021-03-26,226.00082397460938,226.22064245132003,221.28929476687435,221.28929476687435,25479900
2021-03-29,224.8157501220703,226.30661907775075,221.60464214728856,226.1059184494297,25227500
2021-03-30,221.5759735107422,223.48734696493838,220.85920846541862,223.18152021260835,24792000
2021-03-31,225.322265625,228.50470420290134,222.09203979381766,222.5890009792201,43623500
2021-04-01,231.61062622070312,232.07890326698944,227.50117140540937,227.9025579804913,30338000
2021-04-05,238.03289794921875,238.88345854528154,231.9451636368873,232.0025025067712,36910600
2021-04-06,236.87649536132812,238.3482463965933,235.93992652070483,236.63757369710436,22931900
2021-04-07,238.8261260986328,239.8104823385441,236.23622303026858,236.8287441813467,22719800
2021-04-08,242.0276641845703,242.87822479030498,240.8330557729979,241.56893863766072,23625200
2021-04-09,244.51246643066406,244.646261995429,241.25357103856228,241.66450935083208,24326800
2021-04-12,244.56980895996094,246.25182703657708,243.33696483947543,243.42298773302826,27148700
2021-04-13,247.0354766845703,247.70446912444078,245.44903306408236,245.8600005621299,23837500
2021-04-14,244.26397705078125,247.36039284010613,243.85303874101194,246.0702390380511,23070900
2021-04-15,248.00067138671875,248.41160962288492,246.3091166131629,246.50023643300656,25627500
2021-04-16,249.1857147216797,249.43420257052728,246.18487396395932,247.9720032393097,24878600
2021-04-19,247.27435302734375,249.89295426523887,246.39513764707326,248.66011032775415,23209300
2021-04-20,246.81568908691406,248.66972386310928,245.45860096089334,246.39518455013285,19722900
2021-04-21,249.0327911376953,249.12836562680673,245.85036772348437,247.4654803441775,24030400
2021-04-22,245.77394104003906,250.17964236146761,244.31172709458374,248.67920736754326,25606200
2021-04-23,249.5775604248047,249.9216227814362,245.86949159186986,246.45247560871377,21462600
2021-04-26,249.95982360839844,250.8103986988795,248.64100057258497,250.06496430244533,19763300
2021-04-27,250.3612518310547,251.52719079897994,248.5932255615848,249.98852001000546,31014200
2021-04-28,243.2795867919922,245.171856823487,241.74093073064057,244.7322199736426,46903100
2021-04-29,241.32046508789062,244.75139173249204,237.96600971870856,244.13975277274488,40589000
2021-04-30,241.00506591796875,241.86519270079532,238.53940705534927,238.6732026105505,30945100
2021-05-03,240.6992645263672,243.07892977459548,239.99205108430252,242.17101569943725,19626600
2021-05-04,236.8096160888672,240.07807764415418,234.8695731306713,239.84870757177288,32756100
2021-05-05,235.548095703125,238.44382515868284,234.9269051980848,238.02332068891104,21901300
2021-05-06,238.6636199951172,238.7878639244805,233.8469657565455,235.52896898947418,26491100
2021-05-07,241.27267456054688,243.03113461686635,240.03983053154383,240.97639942940194,27032900
2021-05-10,236.2266387939453,240.57501632961734,236.1692999233959,239.75312515895706,29299900
2021-05-11,235.3187255859375,235.67233957139493,231.82092344292948,233.71317897375303,33641600
2021-05-12,228.4091339111328,233.55073330745444,227.52035223071903,231.4386591674871,36684400
2021-05-13,232.26055908203125,234.7166811285529,230.72190276897973,231.08506841511087,29624300
2021-05-14,237.1536865234375,238.13804281452326,234.61157057956143,234.6975788964235,23901100
2021-05-17,234.3152313232422,235.6627529160447,232.7288026653694,235.62453186876706,24970200
2021-05-18,232.30833435058594,235.4907729425289,232.1363031545397,235.35697738232508,20168000
2021-05-19,232.883056640625,232.9884255073801,228.55338866338369,229.23348484456213,25739800
2021-05-20,236.10159301757812,237.50969767500212,233.59191664793866,233.68771184739012,21800700
2021-05-21,234.8467559814453,237.87370305685576,234.434868777639,237.14570923286777,21863100
2021-05-24,240.2205352783203,240.5845394923802,237.08821938185093,237.35642839759134,21411500
2021-05-25,241.12091064453125,242.1075396069595,240.25881249244773,241.16880823437864,17704300
2021-05-26,240.9005889892578,242.28953133779842,240.1917426921299,240.84310311411906,17771600
2021-05-27,238.8124237060547,240.89105082585857,238.75495243524915,240.59410618250013,24426200
2021-05-28,239.1668243408203,241.46577734023427,239.05188180655244,240.43125068294205,18270200
2021-06-01,236.98284912109375,240.70905429967564,236.56138825332587,240.65158302753886,23213300
2021-06-02,236.88705444335938,238.77410571979837,235.48852356730782,237.6821077652956,19406700
2021-06-03,235.36399841308594,235.9674613279748,232.76810081643305,234.89462537591137,25307700
2021-06-04,240.23011779785156,241.05390683833082,237.08822811237158,237.3277015006935,25281100
2021-06-07,243.12290954589844,243.39111851539042,239.29133613453553,239.45417625056334,23079200
2021-06-08,241.93519592285156,245.23035227753448,241.87771002860302,244.41613686309023,22455000
2021-06-09,242.9121856689453,244.77050121786456,242.54819611322142,243.12292338787182,17937600
2021-06-10,246.4085235595703,246.6192613065488,242.98885124050196,243.58274055491657,24563600
2021-06-11,247.03118896484375,247.60590172580916,245.80505712120518,247.1269549366099,18999700
2021-06-14,248.9469451904297,249.00441645938554,245.98702867626147,247.04071732809936,19150500
2021-06-15,247.48135375976562,249.0427248617362,246.82999318734542,248.8319871197661,18038900
2021-06-16,246.5426025390625,249.60784381199792,243.70723170634307,248.47753664071396,27220000
2021-06-17,249.9143829345703,250.72859817343692,245.23029939600022,245.2877706615591,27565500
2021-06-18,248.50628662109375,251.25543610006036,247.8549261016525,248.6978770009707,37202200
2021-06-21,251.5716094970703,252.42411962944095,247.05993867103442,248.87993072710762,26696100
2021-06-22,254.33033752441406,254.5985465614589,251.35127324580915,251.65780621174397,24694100
2021-06-23,254.10037231445312,255.59468368349337,253.29574536439966,254.7900567334399,19518700
2021-06-24,255.46066284179688,256.57182299669046,254.2920314058393,254.9529803706691,21446900
2021-06-25,253.86099243164062,255.99710602907012,253.61195993350177,255.02006492268492,25611100
2021-06-28,257.4051208496094,257.5775346492932,254.7134426795022,254.98165166765068,19590000
2021-06-29,259.9722900390625,260.2117634140492,256.6963106394944,257.5488206535005,19937800
2021-06-30,259.49334716796875,259.9339699994056,258.2480972924599,259.29219771509827,21656500
2021-07-01,260.1639404296875,260.3938255682609,258.24815298798524,258.2577120470281,16725300
2021-07-02,265.9591064453125,266.2943749941608,261.02596110039144,261.33249401548636,26458000
2021-07-06,265.9687194824219,267.6067092239565,262.75018203961656,266.32313540922155,31565600
2021-07-07,268.14312744140625,268.871135874846,265.48018461117033,267.6354450424523,23260000
2021-07-08,265.73883056640625,266.99366872665394,263.2961845748827,265.240707232049,24618600
2021-07-09,266.2369079589844,266.3422622068924,263.72723179599774,264.1103833296634,23916700
2021-07-12,265.6430358886719,267.9898574546222,264.93417481129705,267.4055564436705,18931700
2021-07-13,269.14892578125,270.94018194655666,265.7100916289199,265.83459322837217,26120100
2021-07-14,270.614501953125,271.71607363125577,268.7370096462592,270.4612354852631,23113700
2021-07-15,269.19677734375,270.61447008005376,268.0472935864673,270.1259350983207,22604200
2021-07-16,268.9285888671875,272.1375378043733,267.69289811879054,270.19301525007796,26186800
2021-07-19,265.3460998535156,268.5646081282036,262.89389472063215,267.18523908688275,32935600
2021-07-20,267.558837890625,269.13935642812294,264.6276859170567,266.3231470052684,26259700
2021-07-21,269.5512390136719,269.66618156241043,265.6143105564195,267.15650513964744,24364300
2021-07-22,274.0915832519531,274.35979218742966,271.4861124933605,271.8884112802845,23384100
2021-07-23,277.4730529785156,277.7795567148543,274.43651739318557,275.2698801509867,22768100
2021-07-26,276.8791198730469,277.4921857787689,274.5706221344017,276.8312368884211,23176100
2021-07-27,274.4747619628906,277.3867366280159,271.035928428635,277.2430584755565,33604100
2021-07-28,274.1683044433594,277.9328192354718,271.87892473208046,276.82165916338664,33566900
2021-07-29,274.4365234375,276.4672532443601,274.0341952528421,274.18746174068355,18168300
2021-07-30,272.91339111328125,274.589704434363,271.95549778694885,273.1624527325547,20944800
2021-08-02,272.8272705078125,274.69514554535544,271.79272901793587,274.30240564943875,16267400
2021-08-03,275.0304260253906,275.135809530106,272.04180245033456,273.402024324928,17879000
2021-08-04,274.4460144042969,275.48052628962654,272.66431769348395,274.1682171665595,16191300
2021-08-05,277.329345703125,277.4347292005121,274.0533659477351,274.8005217895427,13900200
2021-08-06,277.2718200683594,277.3101439901318,275.50929969046035,276.3618388625209,16589300
2021-08-09,276.18939208984375,279.2738100175353,275.6912980438974,277.549613584763,16117600
2021-08-10,274.3789978027344,277.0706760159155,273.19121929801037,276.6396122772204,18616600
2021-08-11,274.8675231933594,276.5055127244419,273.8233936612764,275.11655559953596,13955900
2021-08-12,277.6071472167969,277.7604137036559,274.28325519156255,274.5610525260316,14561300
2021-08-13,280.5191345214844,280.5670175063844,277.1185948484272,277.29103790576875,18249000
2021-08-16,282.1953430175781,282.40608069121816,277.80817578432055,280.8447100955096,22507600
2021-08-17,280.73944091796875,281.07470952149254,278.8236537350814,280.0785212338577,20075300
2021-08-18,279.0215148925781,282.9467958439038,278.58001926830815,280.2787552513025,21813000
2021-08-19,284.8182373046875,285.490058075922,277.01567958739867,277.0636542331081,29850500
2021-08-20,292.1025085449219,293.52291511144585,286.0562398936637,287.64939029855617,40817600
2021-08-23,292.38092041015625,293.1007158957985,289.6936956458467,291.03730802800146,22830200
2021-08-24,290.4326477050781,293.3406200208981,289.8376215126441,292.73598718389235,18175800
2021-08-25,289.84722900390625,292.32331236094075,288.3212662286274,292.0449832645035,20006100
2021-08-26,287.0448913574219,290.2503776581435,286.9105447389248,288.86836772999834,17666100
2021-08-27,287.6495056152344,288.75318629866223,284.8758792924729,286.9488940495873,22605700
2021-08-30,291.3636169433594,291.9682498481404,288.9355079671407,288.9930892639242,16348100
2021-08-31,289.7224426269531,292.23692312498054,289.35774161636004,292.16015783837884,26285300
2021-09-01,289.6744384765625,292.8991369938273,289.34813475379116,290.6725629329241,18983800
2021-09-02,289.02191162109375,291.14290105479273,288.0909748362211,290.0296430024722,16285600
2021-09-03,289.01226806640625,290.41346160185293,288.16770342962735,288.8682855530755,14747900
2021-09-07,288.0909423828125,288.96429776620096,286.1907010174333,288.8875324668998,17180400
2021-09-08,288.1197204589844,288.50360551584674,285.49007706649724,287.70704475507114,15046800
2021-09-09,285.2789001464844,289.9719800475994,285.0389683549398,288.7051331589924,19927000
2021-09-10,283.80096435546875,287.84143755665605,283.48426721928973,286.40184654237044,19633400
2021-09-13,285.0293884277344,286.51698324787736,282.2365785977501,285.56683334808685,23652900
2021-09-14,287.7165832519531,289.25215240424126,286.09464217897033,287.495835484481,21853400
2021-09-15,292.5440673828125,293.02393100782655,289.66488563272827,291.0468952158528,28356300
2021-09-16,292.927978515625,293.01435046119434,288.6476028000496,291.5267848065768,19550800
2021-09-17,287.7934265136719,292.23696868760265,287.4671227397801,291.9202715592397,41372500
2021-09-20,282.4476623535156,286.68966885034547,277.8601681732073,284.39590711591853,38278700
2021-09-21,282.92755126953125,285.5572235689827,282.22696919676986,283.78172248901336,22364100
2021-09-22,286.55535888671875,288.12932568723215,282.6492911094491,284.7798868463927,26626300
2021-09-23,287.49591064453125,288.78194172532284,285.5476653767462,286.81451245521663,18604600
2021-09-24,287.29437255859375,287.72623226962907,284.9718196101101,286.2194826708354,14999000
2021-09-27,282.3230285644531,284.53038991922193,281.14255329173125,284.21369275698544,23571700
2021-09-28,272.1018371582031,279.0694657966121,271.36285777992146,278.12892262453175,43186200
2021-09-29,272.56256103515625,275.2209951886973,271.6124403531808,273.61826695321446,26353700
2021-09-30,270.56634521484375,276.23830803362955,270.27840943903544,274.20369075422246,32343600
2021-10-01,277.4571533203125,278.301717984921,269.96168585473896,270.7582465838053,30086300
2021-10-04,271.7083740234375,276.16152262576014,268.96356808295144,275.82561222271863,31350700
2021-10-05,277.1308288574219,278.70476619683035,272.6104927683687,272.6104927683687,24993000
2021-10-06,281.3056945800781,281.80477159124865,274.0117895006264,274.27090536434855,28002600
2021-10-07,282.9755859375,284.6935059183277,282.08304662293614,283.2922830435044,20430500
2021-10-08,282.9755859375,284.6935059183277,281.92948674808355,284.2904075857707,17685700
2021-10-11,282.3805236816406,285.9698937714107,280.96011698698385,281.1232834858587,19298600
2021-10-12,281.08489990234375,283.541799129027,280.5762456707699,283.44582055374815,17974100
2021-10-13,284.37677001953125,285.307706593833,281.67033223174053,283.0331577701654,23416300
2021-10-14,290.55743408203125,291.05648172385895,285.83556297646015,287.1599913093113,27262900
2021-10-15,291.9586181640625,292.18897261999524,288.41722227281656,290.1639328949292,25384800
2021-10-18,294.9146728515625,295.79760575348956,290.49992047624994,291.3444853657865,22729300
2021-10-19,295.8167724609375,296.84365846900545,294.8474384623916,295.9319350570906,17682100
2021-10-20,295.02984619140625,297.22763045586345,293.782182817939,296.7573440456716,16537100
2021-10-21,298.2448425292969,298.49435169218145,294.0220192983192,294.79942529790196,16918100
2021-10-22,296.7092590332031,298.5615254647834,295.40401483593905,297.89931136627246,17449300
2021-10-25,295.7207946777344,296.939637875098,294.11803710740327,296.90124058009036,17554500
2021-10-26,297.6209411621094,299.8187243055198,296.1717732340612,298.4751122943795,28107300
2021-10-27,310.1550598144531,312.9670535510442,303.2738027325777,303.2738027325777,52588700
2021-10-28,311.28753662109375,311.7865842427679,308.417932252952,311.2683233315921,26297900
2021-10-29,318.2647399902344,318.6294410245631,310.85564458763923,311.0763923948779,34766000
2021-11-01,316.10540771484375,318.14002510806927,313.2262255270214,318.01525586042806,27073200
2021-11-02,319.7139587402344,320.02107850414706,316.71000761817237,317.00752073679007,26487100
2021-11-03,320.5489501953125,321.41269899381626,317.3338575616903,320.4529715980219,21500100
2021-11-04,322.8906555175781,322.98663410539643,316.2397523503642,319.48363531417436,23992200
2021-11-05,322.5259704589844,325.14603666479826,320.9520328371746,324.8773141787061,22570100
2021-11-08,323.41845703125,324.05188049254014,320.9711644072854,323.7159701176598,20897000
2021-11-09,322.42034912109375,325.07878279395607,321.0575236753706,323.53360684587807,21307400
2021-11-10,317.4778137207031,321.15358608184823,316.633278207057,321.0960047806577,25500900
2021-11-11,319.0420837402344,320.32811458361215,317.1994240467713,317.90961275273645,16849800
2021-11-12,323.15936279296875,323.64883306583664,320.34736896230555,320.47213819174647,23831000
2021-11-15,322.5355224609375,324.2726263246895,320.5776708005054,323.94632259604236,16723000
2021-11-16,325.83697509765625,326.9502621097972,321.998066485535,322.16120369996304,20886800
2021-11-17,326.05816650390625,329.0099268651389,324.9813100529108,325.8851065761686,19053400
2021-11-18,328.1253356933594,329.25990808153233,324.1351865907532,325.15435635646554,22463500
2021-11-19,329.8945007324219,331.8078723346504,329.0195768042026,329.44263177761013,21963400
2021-11-22,326.7408752441406,336.2018972675694,326.4716610787353,331.3463887251055,31031100
2021-11-23,324.673583984375,326.3754277340728,320.7122785777508,324.06784497801704,30427600
2021-11-24,324.8947448730469,325.13511563845185,321.04881262656716,323.3275227878649,21661300
2021-11-26,316.9817199707031,324.91395501030433,315.4818087833129,321.4718586551738,24217200
2021-11-29,323.6640930175781,325.9716468199308,321.84687569261206,322.03918406869917,28563500
2021-11-30,317.8565979003906,324.7696616356436,316.3182195395296,322.40442214431926,42885600
2021-12-01,317.3663024902344,326.21195801552415,316.70290620086416,322.22180934894953,33337600
2021-12-02,316.79901123046875,320.6449430720415,315.17410268003374,317.5778100810167,30766000
2021-12-03,310.5686950683594,319.88546954113923,305.7804982116358,319.20279534885117,41779300
2021-12-06,313.6261901855469,314.8376683407075,306.93427569570224,311.4724773249387,30032600
2021-12-07,322.0198669433594,322.86594725103106,317.38551230648477,318.86620419363703,31021900
2021-12-08,322.0680236816406,322.5776085960502,318.05862588929494,322.394924443513,24761000
2021-12-09,320.2700500488281,323.52946273979535,319.327785978313,321.52959065515364,22214200
2021-12-10,329.346435546875,329.7887095654795,321.894941380308,322.0776255201496,38095700
2021-12-13,326.3273620605469,330.54828700278097,326.0196804228618,327.55805926915104,28899400
2021-12-14,315.6933898925781,321.75075164875943,311.6263053995195,320.38543259627,44438700
2021-12-15,321.76031494140625,322.279524033455,312.0012673025278,315.95294877643335,35381100
2021-12-16,312.3858642578125,323.78906948093504,310.5782712717892,322.7794945853097,35034800
2021-12-17,311.3282165527344,312.405102273891,305.03051397428044,308.5207023277349,47750300
2021-12-20,307.58807373046875,310.36674473714834,305.3382067120296,307.72266611167277,28326500
2021-12-21,314.6838073730469,315.10686227817746,307.48227910762097,310.8378750297764,24740600
2021-12-22,320.36614990234375,320.7603321144237,313.203089758129,315.65485969090975,24831500
2021-12-23,321.798828125,323.4333613707806,319.9143291893332,319.9335482909737,19617800
2021-12-27,329.25994873046875,329.2887920541107,322.51031757686,322.53916090050194,19947000
2021-12-28,328.106201171875,330.56759626040093,327.21202867673,329.93301371290136,15661500
2021-12-29,328.77911376953125,331.0385752783578,326.59652864573826,328.1541263644873,15042000
2021-12-30,326.2504577636719,329.9137060860202,325.76971620596595,328.7406955115323,15994500
2021-12-31,323.36602783203125,326.28891555203285,322.91412956697064,325.4716783285754,18000800
2022-01-03,321.85650634765625,324.9813267976335,317.07793359354395,322.43340214531065,28865100
2022-01-04,316.33758544921875,322.2891685868689,313.5588850186426,321.9333951684874,32674300
2022-01-05,304.1939697265625,313.5107415320477,303.80938242850283,313.30880899330907,40054300
2022-01-06,301.7903137207031,306.42466920650463,299.49235507622586,301.08842050942394,39646100
2022-01-07,301.9441223144531,304.30936222208857,298.1462528184306,302.0498713577004,32720000
2022-01-10,302.16522216796875,302.59790121232373,292.9542288432168,297.56933505306506,44289500
2022-01-11,302.8479309082031,304.41512357671206,297.95398587837894,301.3095522143525,29386800
2022-01-12,306.0112609863281,310.9532989363436,304.86709358053514,307.35736099935986,34372200
2022-01-13,293.05999755859375,308.52066014986855,292.2908229193429,308.1264486110597,45366000
2022-01-14,298.2521057128906,298.8482206128136,292.0505272250826,292.53126883368355,39846400
2022-01-18,290.9928283691406,297.8674260520063,290.1178753051929,292.3581471597959,42333200
2022-01-19,291.6466979980469,301.8192070990576,291.0409882048272,294.49270951204926,45933900
2022-01-20,289.9833068847656,299.6462002381442,289.541032877528,297.16558676731063,35380700
2022-01-21,284.6278076171875,292.39657724568343,284.2239718518976,291.03128783502143,57984400
2022-01-24,284.9547424316406,285.6662305381032,265.4173987440913,280.9453743252705,85731500
2022-01-25,277.37823486328125,283.627874669316,274.18613344698997,280.29152732225515,72848600
2022-01-26,285.2815856933594,296.6174774054617,281.7433356306015,296.12711173242496,90428900
2022-01-27,288.2911071777344,295.4637633356451,286.45467082104994,291.0024967310887,53481300
2022-01-28,296.38677978515625,296.5983072336974,283.1087009699881,288.666071926605,49743700
2022-01-31,299.00201416015625,300.34808458292423,294.56956197195456,297.05020471160907,46444500
2022-02-01,296.8675537109375,298.6655225486515,293.37736510025144,298.45399507702996,40950400
2022-02-02,301.386474609375,302.9825400250582,296.98289506365415,297.7040073654435,36636000
2022-02-03,289.64678955078125,299.24240163998115,288.4064681116785,297.5694010605456,43730000
2022-02-04,294.1561584472656,296.9059861831538,288.41610284488047,288.6468494123292,35096500
2022-02-07,289.3583679199219,295.98297161566165,288.3487929994967,294.37731117460294,28533300
2022-02-08,292.8292541503906,293.79073713074837,288.3968316951647,289.646747832777,32421200
2022-02-09,299.2231750488281,299.91544411863055,295.55033156667764,297.9347910965561,31284700
2022-02-10,290.7332458496094,297.21363213902004,289.1179613871902,292.3293112144285,45386200
2022-02-11,283.6759338378906,292.56965100167986,282.88751078774607,291.51201390296524,39175600
2022-02-14,283.637451171875,285.3296704395343,280.1280445088522,282.4548166597546,36359500
2022-02-15,288.89678955078125,289.21406602076195,285.5796615630517,288.45451559979455,27058300
2022-02-16,288.5596008300781,289.8795515618136,282.95219184742473,287.47087375855756,29982100
2022-02-17,280.1099853515625,285.958233038907,279.40664080865434,285.53430336959343,32461600
2022-02-18,277.4122619628906,283.12563925409984,275.85144328731116,282.34522991631013,34264000
2022-02-22,277.2099609375,280.8904283246642,274.10758220532034,274.5893178506724,41736100
2022-02-23,270.0320739746094,281.04457259903455,269.86830032930663,279.58007749575995,37811200
2022-02-24,283.82904052734375,284.3782262903966,261.6017479336013,262.5556046280653,56989700
2022-02-25,286.4496154785156,286.7579333141939,280.99636504653614,284.35889947396316,32546700
2022-02-28,287.87548828125,288.2127089883334,282.29698334683417,283.5591279167411,34627500
2022-03-01,284.1759033203125,289.0125191995379,281.47816573841146,285.5729192190914,31217800
2022-03-02,289.2244567871094,290.4576988958387,282.97153735333467,284.57087386389,31873000
2022-03-03,285.1103210449219,292.05693798602465,283.3086057674911,291.82571437942323,27314500
2022-03-04,279.27178955078125,284.8599409855132,276.68007868700784,283.5399899491922,32356500
2022-03-07,268.7217712402344,279.1079901922431,268.35564745891236,277.9903600081898,43157200
2022-03-08,265.7735595703125,273.5872975701551,260.13724667838545,267.6523109324147,48159500
2022-03-09,277.9614562988281,279.0212805569592,270.52345705468474,273.0862941142346,35204500
2022-03-10,275.15771484375,276.13083008813146,270.33071510240313,272.68158699777644,30628000
2022-03-11,269.83935546875,278.9345249185214,269.22271985726513,277.441127086034,27209300
2022-03-14,266.34197998046875,274.9746736705197,265.74463254293596,270.0995117672135,30660700
2022-03-15,276.66070556640625,277.3062441058317,268.5482958074122,270.1091142008014,34245100
2022-03-16,283.6362609863281,283.8096787213844,272.8550174149433,278.54910553558244,37826300
2022-03-17,284.4359130859375,284.81165149082653,278.79960179018684,282.5764210911027,30816600
2022-03-18,289.4556579589844,290.0048436231841,282.0369470428673,284.5804958303675,43390600
2022-03-21,288.23199462890625,289.17620681599607,284.12759866402473,287.9718680378315,28351200
2022-03-22,292.9529724121094,293.85863745024557,287.856202893713,288.8485767883346,27599700
2022-03-23,288.5499267578125,292.1533283713497,286.84459363513463,289.5326860173236,25715400
2022-03-24,292.99151611328125,293.08786908697914,287.4226553060156,288.21270852641925,24484500
2022-03-25,292.5869140625,294.3404386258809,288.35729097039587,294.0803119983577,22566500
2022-03-28,299.3504943847656,299.4468179763362,293.21315853638436,293.21315853638436,29578200
2022-03-29,303.8884582519531,304.2834849768808,297.7607660592807,302.4432514351578,30393400
2022-03-30,302.39501953125,304.40869996608586,300.1983066415058,302.2986959453416,28163600
2022-03-31,297.04779052734375,303.6283150055242,296.643149106342,302.4335907750661,33422100
2022-04-01,298.1172790527344,298.8013353889546,294.3790059993479,298.0690878498517,27110500
2022-04-04,303.464599609375,303.59947032105634,298.3967304431673,298.76285429358285,24289600
2022-04-05,299.5239562988281,303.36819729800135,298.550840896908,301.8266373690895,23156700
2022-04-06,288.5596008300781,295.7856342398464,285.8715081688589,294.04175386251336,40110400
2022-04-07,290.361328125,292.55804141565983,285.52471299808303,285.82338673563873,31411200
2022-04-08,286.1220703125,290.1204702874654,285.4572727698381,289.46531686660774,24361900
2022-04-11,274.83978271484375,281.921271966205,274.5892708132743,281.13124798929533,34569300
2022-04-12,271.7567138671875,280.119637735793,270.24405686204636,278.6744307786593,30966700
2022-04-13,277.1136169433594,278.03854117973947,271.0244711313333,272.40225746800036,21907200
2022-04-14,269.6081848144531,277.7784327469066,269.1168344018573,277.56646786602556,28221600
2022-04-18,270.27288818359375,272.14202437159116,268.1725283526451,268.72171390745734,20778000
2022-04-19,274.8782958984375,275.7165404624221,268.2399952405621,269.1745633932946,22297700
2022-04-20,275.89959716796875,279.1176168323527,274.9457700942281,278.8285578322928,22906700
2022-04-21,270.5523376464844,282.5860831842899,269.82973426697856,278.0384980731543,29454600
2022-04-22,264.0199279785156,272.8549690161298,263.39367777780495,271.3904744390606,29405800
2022-04-25,270.4655456542969,270.8412840067147,260.87899867104204,263.30696409785594,35678900
2022-04-26,260.34918212890625,268.19182220528097,260.13721729425794,267.3632511079873,46518400
2022-04-27,272.87432861328125,280.34123080111425,268.9626376903315,271.7952455176826,63477700
2022-04-28,279.0501403808594,280.3508322510041,271.17856852888485,274.7723263295594,33646600
2022-04-29,267.38250732421875,279.2910262219157,266.3997773201998,278.0673990236614,37073900
2022-05-02,274.0787048339844,274.5315375590096,266.13006594349525,267.56562889178645,35151100
2022-05-03,271.48687744140625,273.7510403407447,269.91641488989063,273.5872373213016,25978600
2022-05-04,279.387451171875,280.2545695637729,266.6214549384247,272.2673833102074,33599300
2022-05-05,267.2186584472656,275.8898964970235,264.31860164617336,275.10948742476916,43260400
2022-05-06,264.69451904296875,269.0493993625889,261.3608866937314,264.77158382085645,37780300
2022-05-09,254.9152374267578,262.41104337072954,253.7012835169033,260.19507102180387,47726000
2022-05-10,259.6554260253906,263.7501776417465,255.3872566913671,261.76542979874864,39336400
2022-05-11,251.0324249267578,261.4475468907718,249.82808585226212,255.97503719293763,48975900
2022-05-12,246.02236938476562,250.3868926130945,240.88706627938942,248.27688839647124,51033800
2022-05-13,251.58160400390625,253.43148171105642,246.0223855668309,247.94932803549173,34925100
2022-05-16,251.9476776123047,256.1098795725535,246.4366220731242,250.46392397407843,32550900
2022-05-17,257.07342529296875,258.52824699584437,252.87267503794862,256.3893394840578,28828800
2022-05-18,245.368896484375,254.56250844134237,244.10381205020883,253.98307348210693,31356000
2022-05-19,244.46116638183594,248.83587017478328,243.24437042893047,245.1951046927819,32692300
2022-05-20,243.9010467529297,249.67603468949343,237.99087400334946,248.420587153045,39199300
2022-05-23,251.7136688232422,252.53453266305888,244.74120368329199,246.73058943517603,33175400
2022-05-24,250.7189483642578,252.37031292551026,244.80877669553468,249.04828011075938,29043900
2022-05-25,253.5195770263672,255.50894824222092,248.31438673907394,249.28976865012686,28547900
2022-05-26,256.7836608886719,257.9521680064266,252.46691284814418,253.2781100641193,25002100
2022-05-27,263.8720397949219,263.96861721941957,258.3867839504424,259.2752549960121,26910800
2022-05-31,262.54901123046875,265.3495796777819,259.709805919586,263.1863868585538,37827700
2022-06-01,263.0801696777344,268.1694785962378,260.7817625947678,265.76485697863757,25292200
2022-06-02,265.1661071777344,265.2337143251771,252.63114082746247,255.38343546239255,44008200
2022-06-03,260.762451171875,264.0748772583433,259.20766358686035,261.04251687853196,28059000
2022-06-06,259.5359191894531,264.779744827782,258.0583763446399,262.7324336411163,22400300
2022-06-07,263.1573486328125,263.76575382395623,256.82226032251066,257.49827263962237,22860700
2022-06-08,261.1390075683594,263.64020598603173,260.3664178533954,262.39442533216015,17372300
2022-06-09,255.71177673339844,263.36022583003654,255.55725874026618,258.5992562098676,26439700
2022-06-10,244.3163299560547,251.64609113799236,243.8720944145435,251.64609113799236,31422800
2022-06-13,233.95416259765625,240.4824068795414,233.24919461693813,236.70645685368288,46135800
2022-06-14,236.10769653320312,237.31484044107447,233.22985484717458,235.49929128823007,28651500
2022-06-15,243.12844848632812,246.54708847653447,237.97153296010552,239.79673406143797,33111700
2022-06-16,236.57125854492188,238.9372578860195,234.6881168136664,237.5466256119709,33169200
2022-06-17,239.1593780517578,241.9116724347951,235.66349352878527,236.3105209841857,43084800
2022-06-21,245.04055786132812,246.0159248197663,240.95557232727793,241.67985866138912,29928300
2022-06-22,244.4514923095703,248.35298995386094,241.7861089374633,243.254000161548,25939900
2022-06-23,249.9849853515625,250.47750946113382,244.93431446825159,246.80780403535596,25861400
2022-06-24,258.5219421386719,258.7923411858124,252.74695527389528,252.83386609569553,33923200
2022-06-27,255.8083038330078,259.1013666061605,254.2534870945373,259.0144557779908,24615100
2022-06-28,247.68663024902344,257.7590321077553,247.53211228973697,254.92949381458487,27295500
2022-06-29,251.33709716796875,252.9884622351122,246.99136317151596,248.7586241058545,20069800
2022-06-30,248.02464294433594,250.6320859946273,244.2293889586405,248.23710148525814,31730900
2022-07-01,250.68032836914062,250.86381660731956,245.88073757874744,247.599724121051,22837700
2022-07-05,253.8382110595703,253.96375873358915,246.0062612828108,247.37757490861682,22941000
2022-07-06,257.0830078125,258.8019795069243,253.40363564931488,254.70735692498906,23824400
2022-07-07,259.1980285644531,259.8354043168909,255.93390553134637,256.0304829734668,20859900
2022-07-08,258.4834289550781,258.90834615692825,254.26325669567126,255.71183002798756,19658800
2022-07-11,255.44137573242188,257.39211012267776,253.19124247116224,256.54227590235445,19455200
2022-07-12,244.9729766845703,256.82230649201273,243.39885616958918,256.76436593684815,35868500
2022-07-13,244.0555419921875,244.8570873615849,239.603594413408,241.61228376039588,29497400
2022-07-14,245.368896484375,246.3925521414669,237.50797609226328,241.97924175908412,25102800
2022-07-15,247.91839599609375,251.44325042079436,246.03525438925857,246.9526808402148,29774100
2022-07-18,245.53311157226562,251.8971717732179,244.61568499729586,250.8445456475752,20975000
2022-07-19,250.6320343017578,250.81552252522303,244.9825951721847,248.7488781014716,25012600
2022-07-20,253.27809143066406,255.78895661231545,250.0333028054799,250.98935133409913,22788300
2022-07-21,255.760009765625,255.80831320834824,248.21777641916702,250.8831597992093,22404700
2022-07-22,251.43359375,256.23319944277154,250.1878423691355,256.1462886118709,21881300
2022-07-25,249.95606994628906,252.53454268022003,248.00533571383517,252.05168504603222,21056000
2022-07-26,243.26364135742188,250.9700588947091,241.01353801634696,250.95072573000826,39348000
2022-07-27,259.52630615234375,260.7913907687193,249.97539768074358,252.20619754450755,45994000
2022-07-28,266.933349609375,268.31431531179504,258.68613331334205,260.5016826567174,33459300
2022-07-29,271.1148681640625,272.33167871252647,267.1457929503217,268.1791152582621,32152800
2022-08-01,268.478515625,271.63639399506593,266.38290049065427,268.2950273632756,21539600
2022-08-02,265.3977966308594,268.3625486786498,263.0414497330181,266.5373332288023,22754200
2022-08-03,272.7855529785156,273.7802383800219,267.1264470117995,267.27132785781305,23518900
2022-08-04,273.92510986328125,274.0699612486414,270.56443983776984,272.13853085373546,18098700
2022-08-05,273.21051025390625,273.9251301220604,269.1255240569013,269.5794114121241,16774600
2022-08-08,270.7092590332031,276.11726939013334,269.74354395058293,274.3113574297538,18739200
2022-08-09,272.62139892578125,273.3746556298809,268.09219211802474,270.05262233660574,23405200
2022-08-10,279.2462158203125,279.8739248174104,277.1023268586765,278.29016718582943,24687800
2022-08-11,277.1795349121094,281.22588350260514,276.6870402559907,280.8782402159332,20065900
2022-08-12,281.90191650390625,281.90191650390625,277.10231096943915,278.58952057102715,22619700
2022-08-15,283.40838623046875,284.09403563819063,280.16356845958603,281.02306896793766,18085700
2022-08-16,282.6745300292969,283.95894794046416,280.46306311134526,281.9792138029151,18102900
2022-08-17,281.9293212890625,283.8938831580585,280.1389500408416,280.4002359720042,18253400
2022-08-18,280.81634521484375,282.50024663716766,279.76145551717,280.8356898800539,17186200
2022-08-19,276.926025390625,279.92610362667006,276.3550474268576,279.5873798762718,20570000
2022-08-22,268.79669189453125,273.35485615007224,268.28377769621216,272.98710077508116,25061100
2022-08-23,267.52899169921875,269.8709667468448,266.5225077065828,267.52899169921875,17527400
2022-08-24,266.89996337890625,268.2935475805408,266.2418606203545,266.5322078904403,18137000
2022-08-25,269.86126708984375,270.02577059536407,265.67082824168347,268.3902454376077,16583400
2022-08-26,259.4481201171875,271.3032415870308,259.34168014145877,270.0838482135881,27549300
2022-08-29,256.68035888671875,258.78039270297364,255.34483826720634,257.28036854850586,20338500
2022-08-30,254.4930877685547,258.441554802856,252.25755364414727,258.0738290203237,22767100
2022-08-31,253.04148864746094,258.4996673056546,252.905987385719,256.83514003630484,24791800
2022-09-01,252.00599670410156,252.4802216307378,247.1768588698768,250.5253174553684,23263400
2022-09-02,247.805908203125,256.20610147316614,246.26716536821394,253.26411708214042,22855400
2022-09-06,245.08648681640625,249.51883753175827,243.8187170261839,247.9414053865417,21328200
2022-09-07,249.77047729492188,250.48661397846638,245.0574662441124,246.48975437812405,24126700
2022-09-08,250.18663024902344,252.03506518749612,246.57687045645707,249.20920755279656,20319900
2022-09-09,255.93508911132812,256.68028696247984,251.89952614457653,252.10274849769064,22084700
2022-09-12,258.0545349121094,258.82876464312335,256.6125744929972,257.2125840758803,18747700
2022-09-13,243.86709594726562,252.00598798329736,243.47998110571493,250.49627701855277,33353300
2022-09-14,244.0897216796875,246.03492427019088,241.8057953877336,245.3574916342139,23913000
2022-09-15,237.47023010253906,243.2961659891006,236.1540688365304,241.71871875061655,31530900
2022-09-16,236.85086059570312,237.39280674552506,234.25724217836589,236.38632266706284,39791800
2022-09-19,236.637939453125,237.2379491228401,233.08624311204258,234.65401793519453,26826900
2022-09-20,234.6346435546875,235.66047218929285,231.91522600942378,234.2669028613096,26660300
2022-09-21,231.2474822998047,239.6767233507366,231.19909108836305,236.3960000451662,28625600
2022-09-22,233.21200561523438,235.99917354124665,229.91193818738796,230.20225587391255,31061200
2022-09-23,230.25067138671875,233.35720386281167,227.61834912688556,231.81844612716222,34176000
2022-09-26,229.79580688476562,233.66686706312993,229.263533156856,229.40870677369827,27694200
2022-09-27,228.789306640625,234.0055589313427,226.94087211261905,232.24421970145121,27018700
2022-09-28,233.2991180419922,234.5184966384645,227.16347665591098,229.17642964868273,29029700
2022-09-29,229.84420776367188,232.215229269323,226.85381719409244,231.18940064159077,27484200
2022-09-30,225.39251708984375,232.78624288686157,225.22799877209627,230.60877111038076,35694800
2022-10-03,232.97975158691406,233.82170241211634,227.0957386105692,227.8215623611014,28880400
2022-10-04,240.8573760986328,242.28966427196394,237.08308345370094,237.18953820241006,34888400
2022-10-05,241.1670684814453,242.50258909201375,236.23147515733956,238.06055067024138,20347100
2022-10-06,238.83470153808594,242.2702700067914,238.14759670449743,239.93795297204747,20239900
2022-10-07,226.6892852783203,233.54106344265196,225.65376961113512,233.13458913635256,37769600
2022-10-10,221.86012268066406,226.99895238528188,219.42135078516142,225.53763257488384,29743600
2022-10-11,218.14390563964844,221.67624187674608,216.8858082240652,220.28265795591057,30474000
2022-10-12,218.47296142578125,220.5149462849339,216.74066847271945,218.13423774935973,21903900
2022-10-13,226.6892852783203,228.48932881951694,212.0663551272384,212.76314712814823,42551800
2022-10-14,221.19235229492188,229.59255965182822,220.9794428267959,227.94734744050535,30198600
2022-10-17,229.8732452392578,231.2571570244088,227.5602872186214,228.21837517177028,28142300
2022-10-18,230.8119659423828,236.06692311030656,227.78285659055385,235.39917762563184,26329600
2022-10-19,228.85707092285156,231.88618020226818,226.7376631373762,229.39901697875123,19985700
2022-10-20,228.53770446777344,233.53137553473397,227.29896641864062,228.16996380022994,21811000
2022-10-21,234.3152618408203,235.16689978355862,226.9408971162325,227.17316603704901,26299700
2022-10-24,239.2799072265625,239.85088505869388,233.52170816579923,235.90240190553322,24911200
2022-10-25,242.5800018310547,242.94774252500142,237.9056946583769,239.28959165367502,34775500
2022-10-26,223.86341857910156,230.61841449713438,222.64402516459023,223.71824496136685,82543200
2022-10-27,219.44073486328125,226.15702697219044,218.50200154160817,223.59244061528798,40424600
2022-10-28,228.2667236328125,228.97320270821285,218.76327910286216,218.94715681380413,40647700
2022-10-31,224.6472930908203,227.34735093033876,223.69887276321543,226.22473999169745,28357300
2022-11-01,220.81495666503906,228.14094541319034,220.00203754140927,227.0376938120004,30592300
2022-11-02,213.00509643554688,223.8440621960301,212.94701812750728,222.06337802281334,38407000
2022-11-03,207.3436279296875,213.3050632032554,207.0823272743383,212.99537134996444,36633900
2022-11-04,214.25347900390625,214.44702903809562,206.5500636010322,210.53726518655444,36789100
2022-11-07,220.5246124267578,221.04721381188003,214.14704442988435,214.83416409790135,33498000
2022-11-08,221.49237060546875,224.18275612145348,218.5600438397234,221.32785232766216,28192500
2022-11-09,217.27291870117188,221.26012061364744,217.098728086194,220.04072724111327,27852900
2022-11-10,235.1475067138672,235.48623032907634,227.4247470961484,227.8408789069686,46268000
2022-11-11,239.14442443847656,239.99606241623323,234.1313937515766,235.15723711883936,34620200
2022-11-14,233.76364135742188,236.0475673740293,231.49907477577239,234.18946032496393,31123300
2022-11-15,234.17010498046875,239.03796188941354,232.29263846364998,237.74116029609917,31390100
2022-11-16,234.5971221923828,236.60604855552322,233.3257795259496,235.62584176038104,24093300
2022-11-17,234.54855346679688,236.07223336578542,230.6180718084606,230.7636397185708,23123500
2022-11-18,234.1021270751953,236.5477715384914,231.9767468113755,236.3245476728186,27613500
2022-11-21,234.90768432617188,237.45036963154155,234.07306028423957,234.3059689787537,26394700
2022-11-22,237.7997589111328,238.0714956068187,233.60723931445074,236.4022474427257,19665700
2022-11-23,240.27450561523438,240.95384732065142,237.06217820148206,237.8773882479825,19508500
2022-11-25,240.18714904785156,241.36143645953254,239.44956540890726,240.01245273021934,9200800
2022-11-28,234.62625122070312,239.3719587460741,233.69458675417982,238.8187857456771,24778200
2022-11-29,233.23843383789062,235.6258367832805,231.18099474535325,234.27685297681788,17956300
2022-11-30,247.61143493652344,247.79583086530997,232.7823119741459,233.47136810668408,47594200
2022-12-01,247.17469787597656,248.5624948221186,243.51593758658888,246.37888704446783,26041500
2022-12-02,247.4949493408203,248.50425481236772,242.32222362886404,242.44839236600893,21528500
2022-12-05,242.81716918945312,246.3303613663216,240.74031627098933,244.57375787361877,23435300
2022-12-06,237.88710021972656,244.42822454321265,236.58664391475048,243.41891892957702,22463700
2022-12-07,237.1592254638672,238.89641517033584,235.06297311301404,237.60565848816955,20481500
2022-12-08,240.0998077392578,241.40027877672188,235.88787438426903,237.61534962771674,22611800
2022-12-09,238.17825317382812,240.98297573692605,236.95543802882835,237.4794974313884,20609700
2022-12-12,245.05902099609375,245.08813458227053,239.87659533709365,240.14833201376896,30665100
2022-12-13,249.3389129638672,256.13235956018696,245.60251141247596,253.96815091092603,42196900
2022-12-14,249.6300811767578,254.84162114511395,246.80594445741409,249.54274040610767,35410900
2022-12-15,241.6622772216797,246.6991345223688,240.04155689170804,246.23330237453274,35560400
2022-12-16,237.46981811523438,242.46784869143482,236.32462923624024,241.21591985097805,86102000
2022-12-19,233.3549041748047,237.97445766545272,231.66625680711488,237.63477938812645,29696400
2022-12-20,234.66506958007812,235.74231675615167,231.38480046926088,232.33587889229094,25150800
2022-12-21,237.21746826171875,238.37235667490168,233.02494847536323,234.5583283609848,23690600
2022-12-22,231.16159057617188,234.84946471293264,226.96905623748663,234.14099458820857,28651700
2022-12-23,231.6856689453125,231.82153730213037,227.0370164148286,229.14298334977545,21207000
2022-12-27,229.96788024902344,231.8797366085177,228.87121912390276,231.65652750812146,16688600
2022-12-28,227.6095428466797,232.64639991916565,227.26016504949752,229.8999051151991,17457100
2022-12-29,233.89837646484375,234.78152813488126,228.6965364200889,228.6965364200889,19770700
2022-12-30,232.74346923828125,232.87933756720665,229.67671003277965,231.18097605137052,21938500
2023-01-03,232.5105438232422,238.4984794551215,230.39486293780934,235.90726682667218,25740000
2023-01-04,222.3397979736328,225.99854338319813,219.2924526600918,225.4259564644858,50623400
2023-01-05,215.75015258789062,220.83553784778456,215.21637883212745,220.4958596008794,39585600
2023-01-06,218.29286193847656,219.0983724573706,212.87752704272575,216.41981859861454,43613600
2023-01-09,220.41822814941406,224.41666688908288,219.7291868413214,219.76800002138827,27369800
2023-01-10,222.09718322753906,224.48458614807703,220.62203068917864,221.0393352972296,27033900
2023-01-11,228.81297302246094,228.98765452783252,224.29047536414728,224.46515686951886,28669300
2023-01-12,231.47213745117188,232.8211212975009,226.66820302336927,228.3180371449277,27269500
2023-01-13,232.17086791992188,232.30673624907553,227.98804849183014,230.0066742453539,21333300
2023-01-17,233.25782775878906,233.80130107166906,230.0940134168222,230.948051370512,29831300
2023-01-18,228.85179138183594,235.22793302598163,228.57035512507287,234.4418366169308,30028700
2023-01-19,225.0863037109375,228.57038281279662,223.87318816519613,226.88172064205048,28623000
2023-01-20,233.13165283203125,233.6363129556783,227.5901354890902,227.92981370488926,35389800
2023-01-23,235.4220428466797,237.93561455180438,232.57849247852556,233.98571827354252,31934000
2023-01-24,234.89796447753906,236.75160844059997,233.3451855854794,235.34439747923588,40234400
2023-01-25,233.51016235351562,236.1207891156233,224.08667522306712,227.5610395748184,66526600
2023-01-26,240.68212890625,240.98297919801647,234.8591741746472,236.4604808024221,33454500
2023-01-27,240.83738708496094,242.458107545592,239.5466304719591,241.64289751902396,26498900
2023-01-30,235.54820251464844,238.35292478678218,235.05324194345323,237.2950768809861,25867400
2023-01-31,240.49771118164062,240.63357952072695,235.78111768401726,236.26636386768823,26541100
2023-02-01,245.29193115234375,247.65022035562143,238.22674832599188,240.68209268360533,31259900
2023-02-02,256.792236328125,256.87957707013254,249.65911289346886,251.1827927216543,39940400
2023-02-03,250.7266845703125,256.4040702889057,249.5135692294624,251.8815727441677,29077300
2023-02-06,249.19329833984375,250.67815038089995,247.26202813154237,249.84354121530777,22518000
2023-02-07,259.6649169921875,260.83920438047807,252.40562393796253,252.84235731907512,50841400
2023-02-08,258.85943603515625,268.59347315321855,258.35476105655573,265.13852274513965,54686000
2023-02-09,255.84120178222656,265.8955184484022,255.0453909060254,265.72080730740066,42375100
2023-02-10,255.33653259277344,256.2973105018647,252.96852898785733,253.81285255852234,25818500
2023-02-13,263.3139953613281,266.49720913120274,259.26702917112374,259.742590569191,44630900
2023-02-14,264.138916015625,266.856282749665,261.33417890703004,264.62416219078045,37047900
2023-02-15,262.0277099609375,263.39953537520864,258.9727165508735,261.05478666212923,28922400
2023-02-16,255.05178833007812,259.5175018592182,254.80855755164183,256.8711498021807,29603600
2023-02-17,251.07252502441406,253.0475576685139,249.06830587586964,252.36652933438805,30000100
2023-02-21,245.82847595214844,248.57212619836037,244.77771723097973,247.58946437392655,28397400
2023-02-22,244.6999053955078,247.45327979594094,243.56158704829775,247.21004899921323,22491100
2023-02-23,247.8716278076172,249.88557094928385,243.69777930306105,248.64023054148305,29219100
2023-02-24,242.47190856933594,244.2037105882477,241.38223939221282,243.19187704458037,24990900
2023-02-27,243.3864288330078,245.97440765666494,242.63727394286974,245.62415477191715,21190000
2023-02-28,242.66648864746094,244.68044668021838,241.99516930320846,242.3259744546454,22491000
2023-03-01,239.601806640625,244.13561758385552,239.13479280403806,243.97022241717565,27565300
2023-03-02,244.3107147216797,244.5928558822364,238.95963779243274,239.87418786109544,24808200
2023-03-03,248.3775177001953,248.69858408661656,244.58312376181246,245.36146516717056,30760100
2023-03-06,249.91473388671875,253.076733733222,249.0488329841168,249.48664537835333,24109800
2023-03-07,247.26841735839844,250.71257368875254,246.5290010946981,249.36019623261095,21473200
2023-03-08,246.83058166503906,247.6478334867659,244.01883456634258,247.16137194826737,17340200
2023-03-09,245.4879608154297,252.53191447494493,244.76799238551584,248.8931916251687,26653400
2023-03-10,241.85894775390625,245.94522176909533,240.89576339451983,244.28153159617614,28333900
2023-03-13,247.0446319580078,250.92660047438005,239.07638938766013,240.70116918441778,33339700
2023-03-14,253.72866821289062,254.00108554117946,248.93214876608812,249.79804988364143,33620300
2023-03-15,258.25274658203125,259.26459506275955,252.19142412250247,252.9405940179142,46028000
2023-03-16,268.72137451171875,269.0716125790634,256.15119488258745,258.0289293565625,54768800
2023-03-17,271.86395263671875,275.65834759698896,268.8381754027799,270.7256489942692,69527400
2023-03-20,264.85888671875,269.96673338942173,262.5433248107774,269.4802718017387,43466600
2023-03-21,266.3668518066406,267.5538190277959,262.22219041795455,267.4370730210024,34558700
2023-03-22,264.9172668457031,273.43034485869043,264.81022985408475,265.9971973475459,34873300
2023-03-23,270.1418151855469,273.4497475874127,267.7484328177196,270.4142324494357,36610900
2023-03-24,272.9729919433594,273.0313649435058,267.82622136126867,269.7331419789733,28172000
2023-03-27,268.896484375,273.8389205347129,268.0597550905618,272.90492269572303,26840200
2023-03-28,267.77764892578125,268.6630125541161,264.68373074732534,268.32248351379377,21878600
2023-03-29,272.9146423339844,273.52758857930763,270.8714980799914,271.4065938576128,25087000
2023-03-30,276.3587951660156,276.7576972006701,273.8584053599599,276.53394388967973,25053400
2023-03-31,280.4936828613281,281.4374193382453,275.3372029511124,276.0474474143603,32766000
2023-04-03,279.4527282714844,280.46454697415277,276.26154151333856,278.761931454292,24883300
2023-04-04,279.4040222167969,282.5854994542806,277.9349286652677,279.45268618193273,25824300
2023-04-05,276.6409606933594,279.3748723279069,275.25942646851195,278.11008412867955,22064800
2023-04-06,283.70440673828125,284.17139086476425,274.39352473015583,275.5415669627722,29770300
2023-04-10,281.5542297363281,281.7585352734682,277.00092706983764,281.37908101323706,23103000
2023-04-11,275.1718444824219,278.2365761916983,274.0140932371224,278.0127931758795,27276600
2023-04-12,275.8139953613281,279.23870411334195,274.32542401576865,277.0788133677007,27403400
2023-04-13,281.9920349121094,282.05040792429327,275.50265429718814,275.91126538247534,24222700
2023-04-14,278.3922119140625,280.6688482565068,276.00853859815146,279.22891147364464,20987900
2023-04-17,280.980224609375,283.70442754241606,278.4117226515916,282.0796326398558,23836200
2023-04-18,280.5617980957031,283.86002128619106,279.2386370800672,283.6751635426458,20161800
2023-04-19,280.6396484375,281.22337847869596,276.8355159823551,278.24623650358313,17150300
2023-04-20,278.363037109375,281.20398586251105,277.3609274204324,277.52633742538336,23244400
2023-04-21,278.02252197265625,278.51869257683563,275.3956176560884,277.2928296281938,21676400
2023-04-24,274.1405334472656,277.234451496004,271.173129844423,274.45187596772155,26611000
2023-04-25,267.9625244140625,273.9751827450711,267.9138604386518,271.9417767926592,45772200
2023-04-26,287.372314453125,291.45860367890464,284.80381270160626,288.66631890750085,64599200
2023-04-27,296.576171875,296.9361784067996,287.2555804982626,287.95608640380885,46462600
2023-04-28,298.94036865234375,300.56513364270495,295.0973104351293,295.7783684985938,36469600
2023-05-01,297.28643798828125,300.24413310215317,296.8875358766026,298.6582633895383,21294100
2023-05-02,297.1404724121094,300.8083821173536,295.681087639922,299.42684782678805,26404400
2023-05-03,296.1578063964844,300.25380462015016,295.8562025897096,298.3176970170622,22360800
2023-05-04,297.1404724121094,299.42684782678805,295.1848873161754,297.94798558856564,22519900
2023-05-05,302.238525390625,303.522790882385,296.0312718717056,297.44202210464323,28197100
2023-05-08,300.29266357421875,301.80071196646674,297.8019831892665,301.7326002338405,21318600
2023-05-09,298.6874084472656,301.6451031506541,298.0160890953245,299.66033160181695,21340800
2023-05-10,303.8536376953125,304.52495706862396,299.33928955394174,300.2635487654328,30078000
2023-05-11,301.71319580078125,302.695857722587,297.9674652772338,301.7034867589505,31680200
2023-05-12,300.60406494140625,302.2385686971637,298.29824184109515,302.14127044452766,19774700
2023-05-15,301.080810546875,301.50889913783726,299.26144888091557,300.7305724404115,16336500
2023-05-16,303.2990417480469,305.2157014683238,301.4407550392499,301.4407550392499,26730300
2023-05-17,306.1657409667969,306.5850053814175,302.9870680194989,304.49841357542465,24315000
2023-05-18,310.57293701171875,311.07998209113083,305.89270858681226,306.68249676156313,27276000
2023-05-19,310.3974914550781,310.79726562631066,308.47664128198,308.8374051116803,27546700
2023-05-22,313.16656494140625,314.5413890695808,310.0756729757329,310.65094892902596,24115700
2023-05-23,307.394287109375,314.66815212283035,307.3845270869392,312.04526511786804,30797200
2023-05-24,306.01947021484375,308.60334694737196,304.81038789466385,306.87751903685313,23384900
2023-05-25,317.7882995605469,318.7438294879401,312.0159906409768,315.1751430242443,43301700
2023-05-26,324.5844421386719,325.0816974555801,315.79923121389265,315.93572275471354,36630600
2023-05-30,322.9463195800781,327.3632951279749,322.2735326633113,326.866039835357,29503100
2023-05-31,320.1966857910156,327.5583014347169,319.16310540886235,323.9993748636306,45950600
2023-06-01,324.2821044921875,325.2084138620462,316.61822604492374,317.7980281716673,26773900
2023-06-02,327.03173828125,329.07934907114736,324.2528400489723,325.9104368208326,25873800
2023-06-05,327.5583190917969,330.11294548453895,326.31025620693947,326.8562818593042,21307100
2023-06-06,325.35467529296875,327.00251216553283,323.8823700342451,326.9635018339944,20396200
2023-06-07,315.3117370605469,326.1445304522962,314.4536881273052,323.37539146712487,40717100
2023-06-08,317.144775390625,318.4903491637824,315.28242630303987,315.85770223750364,23277700
2023-06-09,318.6365661621094,321.7567079982965,316.3159426317722,316.8814584828526,22529000
2023-06-12,323.57037353515625,323.8141360540533,317.0472861489783,320.3819407440362,24260300
2023-06-13,325.9494934082031,328.5723804542734,322.1468041193806,326.12499527780267,22951300
2023-06-14,328.92340087890625,330.58099797009817,324.50642506625707,325.9982505458626,26003800
2023-06-15,339.4149169921875,341.1114945004108,328.78687775426107,329.0598905688736,38899100
2023-06-16,333.7889099121094,342.70088270371474,333.4184158445692,342.55463113018976,46552000
2023-06-20,329.6156005859375,333.54505041870027,327.48023896465304,330.8441729587754,26375400
2023-06-21,325.2376403808594,329.3036115330344,323.78482556024073,327.97752820350655,25117800
2023-06-22,331.2342529296875,331.6340270315193,325.0231887076145,325.783726576518,23556800
2023-06-23,326.6612243652344,329.52787360599757,325.13041855453594,326.0176878258627,23146900
2023-06-26,320.40142822265625,327.7240333118318,320.29415725203825,325.39367934124914,21520600
2023-06-27,326.22247314453125,327.76303899280276,321.0839407974331,323.58006632131827,24354100
2023-06-28,327.4705505371094,329.5474118113246,325.48144019271336,326.3102386492254,20259500
2023-06-29,326.6904602050781,327.72401072843235,324.32109606698276,326.358946806659,16997000
2023-06-30,332.0434875488281,334.17884912203095,328.7868245882197,329.32309010858233,26832800
2023-07-03,329.55712890625,332.3945278816647,328.17257461621756,330.7272007694062,12508700
2023-07-05,329.7131652832031,333.12584042536054,326.3785108077479,326.7295145394102,18172400
2023-07-06,332.75531005859375,334.43239728548525,327.1292821478824,328.88436028376566,28161200
2023-07-07,328.80633544921875,333.2623207283037,328.5918232764179,330.8539462339244,21214800
2023-07-10,323.55078125,326.8659745717447,319.41657937452953,326.2516884002901,32791400
2023-07-11,324.1748962402344,324.55515029230673,318.84137119543414,322.80007207810127,26698200
2023-07-12,328.7867736816406,333.1257270317353,327.29494881755073,328.20173790517964,29995300
2023-07-13,334.1106262207031,335.16366709536976,330.5614300476907,331.0879653631058,20567200
2023-07-14,336.626220703125,342.66178201390807,335.71943143019837,338.91759393807007,28352700
2023-07-17,337.1040954589844,338.33263840062307,333.6621696566182,337.05532509830556,20363900
2023-07-18,350.52069091796875,357.62881326178683,333.63284869185065,337.20150526147,64738600
2023-07-19,346.22076416015625,353.4166384044317,343.6466474604791,352.72436118966306,39732900
2023-07-20,338.21563720703125,349.03869970926394,336.75306199743676,344.7484850456873,33778400
2023-07-21,335.19293212890625,341.56000752112044,331.35123269865875,340.43870595783125,69405400
2023-07-24,336.49945068359375,338.26431834667585,333.7693229149204,337.2210078308696,26678100
2023-07-25,342.22308349609375,343.11038262849917,336.4605340248674,338.4496147386664,41637700
2023-07-26,329.3426208496094,336.07048951280683,324.7988843745913,332.92106736693563,58383700
2023-07-27,322.46856689453125,332.81383406452954,320.84022015182325,331.9850652931189,39635300
2023-07-28,329.9276428222656,331.52673900384514,324.85740099740747,325.3449259664994,28484900
2023-07-31,327.5387878417969,329.2743755389443,325.04263262807757,328.51383777853505,25446000
2023-08-01,327.9483337402344,330.093455775555,325.374217054016,326.8270321220212,18311900
2023-08-02,319.3288879394531,325.3059494426346,318.2173166114524,325.3059494426346,27761300
2023-08-03,318.50982666015625,321.64948875271074,317.8175495134228,317.86629010944046,18253700
2023-08-04,319.6018371582031,326.778219494072,319.0753019099241,323.5995474758658,23741500
2023-08-07,321.8737487792969,322.8487988022052,319.3483727907042,320.17717126140934,17741500
2023-08-08,317.9150695800781,320.5477167225477,314.9411787114309,318.802368731708,22327600
2023-08-09,314.1903381347656,318.94855662350545,313.039756644874,318.32454016439254,22373300
2023-08-10,314.8728942871094,320.0699275319088,313.16655676040074,317.8857952635295,20113700
2023-08-11,313.0008850097656,314.3659493855707,311.24577673558343,312.26959733456596,24355500
2023-08-14,315.9552307128906,315.97472100192863,312.09401103937836,313.3713539974467,18836100
2023-08-15,313.8296203613281,316.9790429914667,312.8935805688444,314.94119179178944,16966300
2023-08-16,313.06744384765625,316.9954627703804,312.4811692512175,313.4582836388938,20698900
2023-08-17,309.6280822753906,314.5038746353846,308.973402366493,313.2043253249921,21257200
2023-08-18,309.2371520996094,311.0936633520083,304.4199558180871,307.29267431715726,24755000
2023-08-21,314.5135803222656,315.3831966115051,309.78435031765304,310.65396660689254,24040000
2023-08-22,315.0802917480469,318.61744100027846,314.1031773769701,318.0507277854862,16084600
2023-08-23,319.5165100097656,321.66617429835736,316.0575155887314,316.40929239012576,21166400
2023-08-24,312.64727783203125,325.35954498918005,312.63749714645934,325.2325153533981,23281400
2023-08-25,315.5884094238281,317.91391657239774,311.5040487015702,314.11295718549064,21684100
2023-08-28,316.2919006347656,318.68581270104596,314.3572036482765,318.2070362516221,14808500
2023-08-29,320.8941345214844,321.45109687018396,314.51357886440167,314.51357886440167,19284600
2023-08-30,321.2654113769531,322.26205720426236,318.97896754783574,321.14816243481806,15222100
2023-08-31,320.25909423828125,323.3369992971247,319.3015111852131,321.6661416627534,26411000
2023-09-01,321.1383972167969,324.3921747944003,319.30141751711045,323.7277442108601,14942000
2023-09-05,325.9164733886719,327.1867399112931,321.13839981294905,321.47061510740485,18553900
2023-09-06,325.2618408203125,326.80566842614127,322.62362005663084,325.7503980121673,17535800
2023-09-07,322.35980224609375,325.45723807010125,321.49993683780025,323.7082248346301,18381000
2023-09-08,326.6199951171875,328.4667555070914,321.92007759322064,322.53566438985524,19530100
2023-09-11,330.2060546875,330.67508035139593,327.7534879124914,329.5220626550476,16583300
2023-09-12,324.1772766113281,329.0824106320826,323.89393486766744,328.13460834601074,17565500
2023-09-13,328.36907958984375,329.141008354495,323.59100543664357,323.7277859536388,16544400
2023-09-14,330.9486389160156,333.05917964974554,328.86738060055865,331.388322477558,20267000
2023-09-15,322.6627502441406,329.6784251727831,322.10578782450574,329.2094292987057,37679800
2023-09-18,321.5292663574219,322.8385960925468,318.89104551464607,320.29809265490445,16834200
2023-09-19,321.1286926269531,321.8517776748913,317.08345387408724,318.7054676141424,16505900
2023-09-20,313.4289855957031,322.04714204193704,313.1749561204339,321.96898600781554,21436500
2023-09-21,312.2173156738281,317.9041277757012,307.79098930609734,311.95350556074925,35560400
2023-09-22,309.7550354003906,314.0934255806642,308.9147015377864,313.96639594173394,21447900
2023-09-25,310.27294921875,310.39997887585656,307.7910700190704,309.34467850848546,17836000
2023-09-26,304.99652099609375,308.650919524038,302.92501329864484,307.918083681108,26297600
2023-09-27,305.63165283203125,307.10707545013054,302.60259191792346,305.15284644995364,19410100
2023-09-28,306.462158203125,308.26004502387354,302.36804670236813,303.87278132742597,19683600
2023-09-29,308.5239562988281,312.1588240551157,307.7715887396684,310.4781856340543,24147300
2023-10-02,314.4353942871094,314.523360821819,307.96690188868587,309.04173366618016,20570000
2023-10-03,306.2178649902344,314.03477939534076,304.0877331522798,313.4875679533543,21033500
2023-10-04,311.6603698730469,312.7156700194833,306.81389127739357,306.84320351373003,20720100
2023-10-05,312.05120849609375,312.6570444101147,307.6932870679997,311.7873983700248,16965600
2023-10-06,319.7704772949219,321.65630098463043,309.06128169271835,309.3055602997531,25673600
2023-10-09,322.27191162109375,322.7409074969346,315.7838570263933,317.3179339483483,19891200
2023-10-10,320.8746337890625,323.5226056424412,320.17111018080624,323.38579530400693,20557100
2023-10-11,324.8124084472656,325.203248275294,321.60747414676473,323.6300784570828,20063200
2023-10-12,323.5812072753906,325.99468102864705,321.1970457612764,323.00471335948436,19313100
2023-10-13,320.229736328125,326.19011074612195,318.8910644547027,324.7733126546174,21072400
2023-10-16,325.02734375,328.4472441018182,323.03402205271703,323.47370563502346,22158000
2023-10-17,324.4606018066406,325.8285559881701,319.91702585909127,322.0471280716989,18338500
2023-10-18,322.5552062988281,327.909803713785,320.78663169696983,324.88074324116036,23153600
2023-10-19,323.7375793457031,329.1703335138683,323.33695882729216,324.5485712503718,25052100
2023-10-20,319.1940002441406,324.3238512632102,318.0019193859901,324.12841643957864,25027700
2023-10-23,321.78338623046875,325.11535058443394,316.9662184240121,318.0214890683035,24374700
2023-10-24,322.9656677246094,324.2456853865201,320.10272927891094,323.71803518553446,31153600
2023-10-25,332.8735656738281,338.2770069491987,329.8933489527061,337.1239893295993,55053800
2023-10-26,320.3860778808594,333.81162115649903,319.4578072066944,332.7465699625012,37828500
2023-10-27,322.2620544433594,329.0139176156299,320.8843197467533,322.86786051864124,29856500
2023-10-30,329.59051513671875,331.6815546418734,324.235916527097,325.7797742554051,22828100
2023-10-31,330.37213134765625,331.241777466002,327.0304168400943,331.0952162716641,20265300
2023-11-01,338.1499938964844,339.46910432501784,331.8769062105877,332.01371654234873,28158800
2023-11-02,340.3485412597656,340.84684939451466,336.87976677643417,339.29324086548826,24348100
2023-11-03,344.7259521484375,346.27959030223104,339.38113512943426,341.62851616542054,23637700
2023-11-06,348.37060546875,349.3575005821622,345.2633887474612,345.36110615399525,23828300
2023-11-07,352.2790222167969,354.164845685057,349.44539667177366,351.17487827159056,25833900
2023-11-08,354.88800048828125,355.54265050853274,352.2986231921823,353.40276735497133,26767800
2023-11-09,352.43536376953125,356.44153841470893,352.1128993476677,354.0085034994957,24847300
2023-11-10,361.20989990234375,361.6300519453443,352.8067099465058,353.21708130319655,28042100
2023-11-13,358.288330078125,360.03737334526807,357.5261819771122,359.7930947254669,19986500
2023-11-14,361.796142578125,363.4377174527681,358.9429851939613,362.5192275200011,27683900
2023-11-15,361.9429931640625,365.3306622150657,359.436476024947,363.5193258281366,26860100
2023-11-16,368.3071594238281,368.48338982170065,362.4423444484434,363.2060393855787,27182300
2023-11-17,362.1192321777344,366.5447423144695,359.3287982048387,365.8006186204478,40157000
2023-11-20,369.55059814453125,370.95070053235196,363.24520725093254,363.46060991672704,52465100
2023-11-21,365.2719421386719,368.35609354646346,363.36268990163154,367.81760182816333,28423100
2023-11-22,369.95208740234375,371.8515394102055,367.13228112759265,370.09894608755127,23345300
2023-11-24,369.5408020019531,370.0695230751344,367.2986899991627,369.44288626548433,10176600
2023-11-27,370.6961669921875,372.68376401378913,368.33656782207504,368.90443134275364,22179200
2023-11-28,374.70068359375,374.994400937648,370.25557188472965,370.44160282909473,20453100
2023-11-29,370.93115234375,376.26721663239306,369.55062106548934,375.7385254123956,28963400
2023-11-30,370.9898681640625,372.1451961390215,367.6217700935787,370.5786340328009,30554400
2023-12-01,366.681884765625,370.2555853515813,363.5487602115402,368.884854564053,33040500
2023-12-04,361.4241027832031,361.79613477265366,355.3145134346435,361.3849305128498,32063300
2023-12-05,364.7334289550781,365.28172122334854,357.9776614584204,358.7903292029664,23065000
2023-12-06,361.0911865234375,366.35873644463544,360.3372921206186,365.73212951183393,21182100
2023-12-07,363.1962585449219,363.68580733396766,358.6630319776083,360.5331119373255,23118900
2023-12-08,366.4077453613281,366.6329187107603,360.53315912391304,361.4828850941495,20154400
2023-12-11,363.5389404296875,363.83268764840955,358.44765064841334,360.77790780370736,27708800
2023-12-12,366.5545349121094,366.59370717928465,362.7164594804309,363.09832185609827,24838300
2023-12-13,366.5447692871094,369.7464376106383,363.0200118977458,368.16027437565873,30955500
2023-12-14,358.2812194824219,365.9475713192963,356.51885554826436,365.50696539591144,43277500
2023-12-15,362.9809265136719,364.6160030546236,358.62392949147795,359.1820223907122,78502300
2023-12-18,364.8607177734375,365.2034079122954,360.97369907312446,361.72762335454945,21802900
2023-12-19,365.4579772949219,365.4579772949219,362.1094503782396,363.7249554315047,20603700
2023-12-20,362.8731689453125,368.1700908565403,362.78505374172363,367.1616214647713,26316700
2023-12-21,365.73211669921875,366.5839268091088,362.3052751851502,364.77259031859234,17708000
2023-12-22,366.75030517578125,367.33776961451264,364.9193977474864,365.86912345752546,17107500
2023-12-26,366.82867431640625,369.06101542962205,365.6929176265688,367.1615638820972,12673100
2023-12-27,366.2510070800781,367.22030403850823,365.0173346750331,365.87894525127507,14905400
2023-12-28,367.43572998046875,368.59105792655595,366.3391454974242,367.5238451750327,14327000
2023-12-29,368.1798400878906,369.2764245304369,365.6733528250178,368.14066782074684,18730800
2024-01-02,363.117919921875,368.0427796247224,359.1036138103624,366.0454121665628,25258600
2024-01-03,362.8536071777344,365.4580105992302,360.8072966064926,361.29684544783345,23083500
2024-01-04,360.2491760253906,365.30132326469203,359.49528162444665,362.9221232500447,20901500
2024-01-05,360.06317138671875,364.28307999206555,358.8392992881915,361.25767175006894,21004600
2024-01-08,366.8580627441406,367.35741205524755,361.2967958412056,361.58071261682426,23134000
2024-01-09,367.9350280761719,368.1308296324947,363.431173965199,364.2340410212639,20830000
2024-01-10,374.7691955566406,376.1399561660862,368.45403366179033,368.50297659226095,25514200
2024-01-11,376.59033203125,382.5138608324762,372.4291670394017,377.9316910243427,27850800
2024-01-12,380.35003662109375,380.55563874578314,376.6098767088899,377.4323150873344,21661200
2024-01-16,382.1124572753906,385.7938742722587,379.51785428757296,385.4316128958056,27202300
2024-01-17,381.3291015625,381.95570842020396,376.76650366232656,379.8702558603142,22234100
2024-01-18,385.6371765136719,385.75466344784127,381.96556042243856,383.5321225973024,23392100
2024-01-19,390.3368835449219,390.3368835449219,385.27493541414515,387.4877057228784,29331100
2024-01-22,388.22198486328125,392.24606151114637,385.3630068278654,391.6585969965062,27016900
2024-01-23,390.5620422363281,391.03201985975426,385.6959257751216,387.47789064929606,20525900
2024-01-24,394.1455383300781,397.1513752160577,392.079656679383,393.14686950723774,24867000
2024-01-25,396.4072570800781,398.5025403738,394.1161721859946,395.8687653294727,21021200
2024-01-26,395.4869079589844,397.680107020746,394.0182614789132,395.9177133168471,17803300
2024-01-29,401.15582275390625,401.410397661508,395.8784729674485,397.5723223732038,24510200
2024-01-30,400.04949951171875,404.41626660201007,397.9542461080957,403.64280098293807,33477600
2024-01-31,389.2696228027344,406.6388350866889,388.907361460185,398.45356335794276,47871100
2024-02-01,395.3400573730469,399.4718507500115,393.40143322301293,393.4308049580275,30657700
2024-02-02,402.62451171875,404.0246140998081,395.12462060191353,395.36939499914837,28256700
2024-02-05,397.1709289550781,402.5657662041655,395.5456233801517,401.3320936868834,25352300
2024-02-06,397.0142517089844,399.44242436350055,394.4881932042721,397.39611409161796,18382600
2024-02-07,405.3952941894531,405.6400685561608,398.88430201096446,398.92347427594905,22340500
2024-02-08,405.4541015625,406.8738050650789,403.90714046810643,405.3953580956046,21225300
2024-02-09,411.759521484375,412.0238969836169,406.4136564644989,406.5703156804263,22032800
2024-02-12,406.580078125,411.94551383927785,406.0807287884979,411.769283442755,21202900
2024-02-13,397.82696533203125,401.4985815288795,394.9582163813525,396.4758057908408,27824900
2024-02-14,401.672119140625,402.01544302317166,396.8460672009255,400.2792461565028,20401200
2024-02-15,398.79803466796875,401.3189759217452,396.5713838346197,400.34788638470263,21825500
2024-02-16,396.3457946777344,400.49504745207923,395.73763633762957,400.17133095818804,22296500
2024-02-20,395.10003662109375,396.76756266074034,390.4112964520626,395.5414273661721,24307900
2024-02-21,394.50164794921875,394.60956341609165,389.6363517174895,392.53004284668083,18518900
2024-02-22,403.7908630371094,404.9483275530714,400.76967888893086,402.3587454167674,27009900
2024-02-23,402.505859375,407.92046175721333,401.162019956702,407.73411674298126,16295900
2024-02-26,399.75933837890625,404.2911294979053,399.5827521513917,403.60448178020243,16193500
2024-02-27,399.70050048828125,400.5244598178457,396.13979878680874,400.2007433350152,14835800
2024-02-28,399.9359130859375,401.48573495033145,397.58173927175767,400.38712249937714,13183100
2024-02-29,405.7428894042969,406.29219561123216,398.17027676875426,400.83834831741547,31947300
2024-03-01,407.5673828125,407.93031407980567,403.0355914321904,403.41813008815376,17823400
2024-03-04,406.9984436035156,409.38204334564557,404.4480762959748,405.54668869062186,17596000
2024-03-05,394.96270751953125,406.3412493979287,392.99110225962716,406.056777618859,26919200
2024-03-06,394.41339111328125,397.4247865981622,390.784048581795,395.27659515513125,22344100
2024-03-07,401.32879638671875,401.9565620702222,394.56050584072034,398.3664344564578,18718500
2024-03-08,398.4645690917969,402.5843959078717,396.61063804407956,400.17133994719717,18002200
2024-03-11,396.7969970703125,397.93485423983793,393.5992565104688,396.0515271512708,16120800
2024-03-12,407.3515625,407.63603426425436,399.02366133031137,399.8378019777306,22457000
2024-03-13,407.1749572753906,410.19614104443707,403.5946487063615,410.11768156800736,17115900
2024-03-14,417.101806640625,419.652174073812,410.0098292271171,412.21687278632703,34157300
2024-03-15,408.4698181152344,414.53182378938754,404.9091164524236,411.28501994441507,45079900
2024-03-18,409.3525695800781,412.697469745091,405.88014657431177,406.34117457206867,20106000
2024-03-19,413.3645324707031,413.61957818454806,407.61639479250874,409.8528643144651,19837900
2024-03-20,417.1115417480469,417.82758546767997,412.62878476581204,413.94319796336094,17860100
2024-03-21,421.1725158691406,422.59484462108253,419.00471729967956,421.6237252238155,21296200
2024-03-22,420.5545349121094,421.65314720940205,417.9355270131956,421.4962282540231,17648500
2024-03-25,414.78680419921875,419.24995422394994,413.5606690168653,417.1213703760103,18060500
2024-03-26,413.5999755859375,417.8571139836089,413.305715072137,417.48436404283126,16725600
2024-03-27,413.38409423828125,416.34645586465973,411.0103133950258,416.3366372044591,16705000
2024-03-28,412.6877136230469,413.81575210575176,411.11825446083225,412.9231220201488,21871200
2024-04-01,416.4642333984375,419.7208560550212,414.15909296576694,415.85607505767865,16316000
2024-04-02,413.39398193359375,414.31603809824145,409.86270618972446,412.0893571765106,17912000
2024-04-03,412.4228820800781,415.17923184367993,411.0888313055727,411.7166269488562,16502300
2024-04-04,409.90191650390625,420.48592418548293,409.5978373618215,416.8761593197056,19370900
2024-04-05,417.39605712890625,418.36717662742586,410.33353586981326,411.9912731648726,16554800
2024-04-08,416.4837951660156,419.12244053087517,415.21841524840187,417.0527386666228,14272400
2024-04-09,418.1415710449219,419.5736887198931,413.5705349702072,418.2985199584035,12496900
2024-04-10,415.1791687011719,415.9344571556194,411.6871382875885,414.1295898580884,16216600
2024-04-11,419.760009765625,421.17251987057847,414.29634428569665,417.6903079757618,17966400
2024-04-12,413.84515380859375,417.06253143112855,411.75581460240056,415.95410040174403,19253800
2024-04-15,405.7428894042969,418.6712525249299,405.5368771254888,418.4554515197094,20273500
2024-04-16,406.6649475097656,410.4120243786573,405.83119940750504,406.65515878258486,16765600
2024-04-17,403.97723388671875,410.8828360715611,402.4960529094379,409.2839508985917,15855500
2024-04-18,396.5517578125,404.02630364117994,396.23788993068626,402.7903496970384,21029900
2024-04-19,391.5000915527344,397.738683518828,390.1758594431205,396.31635459832717,30565800
2024-04-22,393.3049621582031,395.1588931129713,388.1944385754191,392.44175811164087,20286900
2024-04-23,399.7887878417969,400.40676483693346,395.3648819975192,396.52234656320184,15734500
2024-04-24,401.2502746582031,404.59517495198185,399.01380533371923,401.7407287200192,15065300
2024-04-25,391.421630859375,392.25540884693,380.6218216022703,386.507271018032,40586500
2024-04-26,398.5626525878906,405.1151126000372,398.0133463554319,404.30097191316094,29694700
2024-04-29,394.5703430175781,398.56264677395114,391.56876617151903,397.5130677635141,19582100
2024-04-30,381.8970031738281,394.4820730278576,381.74008419354954,393.8248513162942,28781400
2024-05-01,387.3998718261719,394.05042796595137,382.85826224732904,385.11433904555116,23562500
2024-05-02,390.2445068359375,392.29460134045365,387.11540734616494,390.0679505478797,17709400
2024-05-03,398.8961181640625,399.37675358596374,394.18774100881984,394.5997356096934,17446700
2024-05-06,405.6448059082031,406.02734455936377,398.61168058742396,400.9560656726651,16996600
2024-05-07,401.52496337890625,406.75322090554647,401.27973632622934,406.74340224425765,20018200
2024-05-08,402.7020568847656,404.3597941214035,398.9451617518151,400.3773092630151,11792300
2024-05-09,404.4481201171875,404.84047745279514,401.28959417288524,402.7315305808264,14689700
2024-05-10,406.8218688964844,407.44966453116945,403.93799631140473,405.0562460600837,13402300
2024-05-13,405.8213806152344,410.36299080631596,402.97675254945415,410.0294855785296,15440200
2024-05-14,408.6071472167969,409.5193847249845,403.69278719697195,404.1538152820149,15109300
2024-05-15,415.751220703125,416.4685861383269,410.0418663164104,410.660957995032,22239500
2024-05-16,413.6974182128906,418.05070261448816,413.06852016596474,414.49338464088675,17530100
2024-05-17,412.930908203125,415.5939858480529,410.7886784280323,415.2205635959117,15352200
2024-05-20,417.9720764160156,419.3772981518083,412.71474538865465,412.9309356548489,16272100
2024-05-21,421.60797119140625,425.46988664412265,417.49054998726376,419.43623228216074,21453300
2024-05-22,423.06231689453125,424.91959180983645,419.7310556819618,422.63977275649836,18073700
2024-05-23,419.603271484375,426.0889486573305,418.05065430726955,425.4698570651074,17211700
2024-05-24,422.70855712890625,423.59296088139126,417.05816150216543,419.7900037534496,11855300
2024-05-28,422.8658142089844,423.3571529882785,419.210252491479,422.18776429444347,15718000
2024-05-29,421.7357177734375,423.4750461602697,418.3159892619867,418.3159892619867,15517100
2024-05-30,407.4869384765625,416.95009868740084,407.06436431189735,416.95009868740084,28394500
2024-05-31,407.9389343261719,409.5308671519035,397.50290358954135,409.5308671519035,47995300
2024-06-03,406.3568115234375,409.21640680558284,401.8365187640821,408.33200300435846,17484700
2024-06-04,408.8625793457031,409.2261651733177,402.58325657495334,405.28561933460435,14348900
2024-06-05,416.66510009765625,416.7338647316788,409.0886349128657,410.57248754759564,16988000
2024-06-06,417.166259765625,417.9425834215114,413.2945078470223,416.6651146111646,14861300
2024-06-07,416.50787353515625,418.89577271534046,415.67259164399417,418.8171717087438,13621700
2024-06-10,420.4581604003906,420.6645142506478,416.54712367097056,417.3430899394673,13982900
2024-06-11,425.1849365234375,425.32252578204896,417.88364915702846,418.10967580091557,14551100
2024-06-12,433.41973876953125,435.71920053687387,425.7450298401941,427.7791794767063,22366200
2024-06-13,433.9306945800781,435.709368351957,431.7589858154619,433.21335923548196,15960600
2024-06-14,434.903564453125,435.4636977946633,429.15489539650804,430.68786981308114,13582000
2024-06-17,440.60308837890625,443.1285766509554,433.08561180023855,434.9232138540311,20790000
2024-06-18,438.60833740234375,442.34253045464123,437.18347280743205,441.9199562747978,17112500
2024-06-20,437.9793701171875,438.79497924029823,433.6260860366594,438.5689526211533,19877400
2024-06-21,441.98870849609375,442.77483854275334,438.7753636944757,439.63028836717615,34187100
2024-06-24,439.91522216796875,444.90721036131976,438.6770389987755,442.0082999216464,15913700
2024-06-25,443.138427734375,443.60028735592437,439.01117026568124,440.4851865060809,16413400
2024-06-26,444.32745361328125,445.7425115856911,440.42622281234816,441.2221891732116,16507000
2024-06-27,445.0055236816406,448.2680202655606,443.94421515967235,444.3471165440364,14806300
2024-06-28,439.20770263671875,447.49166642517747,438.6770484115445,445.22168389223947,28362300
2024-07-01,448.81829833984375,449.447196335744,437.94005138791704,440.88808384173325,17662800
2024-07-02,451.3240966796875,451.6287242891569,445.2609636362825,445.3494309967801,13979800
2024-07-03,452.7882385253906,453.03390786655945,449.94831653572453,450.25294411965916,9932800
2024-07-05,459.4606628417969,460.2369864186551,451.0194672052492,451.6483651745115,16000300
2024-07-08,458.1635437011719,459.598274429734,456.4143789671548,458.46817132419625,12962300
2024-07-09,451.57965087890625,459.23468742094946,450.0663190511327,458.9104170237532,17207200
2024-07-10,458.17340087890625,458.3797547644369,450.9113994976311,453.2305340754163,18196100
2024-07-11,446.823486328125,456.72886266734906,443.7280281074878,454.9600551032178,23111200
2024-07-12,445.6933898925781,448.4547114032981,442.8436310012122,446.45987718044813,16324300
2024-07-15,446.0962829589844,449.3391368001631,443.61011000854984,445.44771219074863,14429400
2024-07-16,441.733154296875,446.430351284593,438.92271119875926,446.35175028412175,17175700
2024-07-17,435.8370666503906,437.14404437719276,431.5722503624344,434.92318387202874,21778000
2024-07-18,432.74163818359375,436.94749622050165,426.87505295560237,436.6428686281901,20794800
2024-07-19,429.5381774902344,433.49839687991425,424.5167095108502,425.59766083378145,20940400
2024-07-22,435.2671813964844,436.898429671943,431.306992206013,434.1371082507153,15808800
2024-07-23,437.1440734863281,440.6227600869156,435.4243879336588,436.21051790501895,13107100
2024-07-24,421.4703369140625,433.8324355773718,420.183031900693,432.82027904039575,26805800
2024-07-25,411.15228271484375,422.35480083589914,410.2777152857788,421.3721232816147,29943800
2024-07-26,417.9031982421875,421.48999466729276,410.0417792088543,410.9556919630689,23583800
2024-07-29,419.3379211425781,424.664015646501,417.3430872988914,424.10388235327076,15125800
2024-07-30,415.593994140625,421.6177822082065,410.13027948455533,420.31083428857175,32687600
2024-07-31,411.1031799316406,414.47375690208054,405.06952507333295,413.2159307737182,42891400
2024-08-01,409.88458251953125,420.05530026736574,405.9342299111822,413.5008583778063,30296400
2024-08-02,401.4139404296875,407.8111808388244,397.335834619087,405.34465060644726,29437900
2024-08-05,388.30499267578125,394.09297731515574,378.9007621776494,382.42860065253456,40709200
2024-08-06,392.68768310546875,398.64273546156153,391.596925637027,393.0709416682831,24946500
2024-08-07,391.5281677246094,402.9763539760022,390.58480577308114,401.56132604317764,20650900
2024-08-08,395.7143859863281,398.8294567188382,393.0120229903142,395.46871662305415,20203000
2024-08-09,398.9866943359375,400.9815283942931,395.2918474526737,397.03117577316215,19276700
2024-08-12,399.7630310058594,401.6792641246606,397.23754263585204,400.008700380632,16762900
2024-08-13,406.83837890625,407.76209828599673,402.4752877901098,402.4949305468702,19414300
2024-08-14,409.638916015625,410.484034234621,405.30533476037385,407.61460282522484,18267000
2024-08-15,414.482421875,414.56116454959863,411.16483466760724,413.27153919674845,20752100
2024-08-16,411.9622497558594,414.787612725286,410.8104315549657,414.05913029915934,22775600
2024-08-19,414.97467041015625,415.19125033166955,409.9835081573214,412.4446299731582,15234000
2024-08-20,418.19378662109375,419.23729981689326,415.082955234779,415.14201975205145,16387600
2024-08-21,417.54412841796875,419.7689622765487,415.1617491032496,417.48503385041994,16067300
2024-08-22,409.08758544921875,420.1528076484466,408.16220140309326,417.7605748245769,19361900
2024-08-23,410.308349609375,412.73993890763575,405.68142906839694,410.4953972510095,18493800
2024-08-26,407.0596923828125,410.7907614506505,404.94313363943934,409.89490950861074,13152800
2024-08-27,407.40423583984375,407.91613833509496,403.8700687036349,406.43946532338146,13492900
2024-08-28,404.214599609375,408.5461674240689,400.97575531583215,408.4280383994025,14882700
2024-08-29,406.6954345703125,415.48655408743093,404.2146347079457,408.4871383812944,17045200
2024-08-30,410.65301513671875,410.9975482060542,405.7209166952584,409.13695546826074,24308300
2024-09-03,403.0727233886719,413.3503713740912,400.7001981501246,411.41100601561857,20313600
2024-09-04,402.5411071777344,404.8447137580876,398.0815553280134,399.59761488778184,15135800
2024-09-05,402.0390319824219,406.67577709695456,399.8141682348964,401.2809872314555,14195500
2024-09-06,395.4530334472656,404.26383081056673,394.5670056307313,402.6985610672717,19609500
2024-09-09,399.4105529785156,402.2949806412775,395.8960636873458,400.9069042814964,15295100
2024-09-10,407.7586669921875,409.85551750473985,401.3597503882825,401.8519747424291,19594300
2024-09-11,416.461181640625,417.39638986900843,403.21048066101315,409.03843011648604,19266900
2024-09-12,420.3595886230469,420.7238298297295,413.2223356546228,416.72697057085117,17395700
2024-09-13,423.8937683105469,425.11447510259467,418.84354159900835,419.20778281644255,15874600
2024-09-16,424.6320495605469,426.7879943677343,421.5605747785227,423.90356722052456,13834700
2024-09-17,428.38287353515625,434.9786922694464,425.54765628869114,433.3838900790578,18874200
2024-09-18,424.1103210449219,429.249144206207,423.7165475930165,428.235163297131,18898000
2024-09-19,431.86785888671875,434.63415769077886,430.10568707203834,434.368367322618,21706600
2024-09-20,428.5009460449219,432.409208323067,427.4672869965637,430.4206328981448,55167100
2024-09-23,426.76837158203125,429.67247726227924,423.6968964015023,427.52638627626743,15128900
2024-09-24,422.4958190917969,426.6108070315339,419.4735546779715,426.26624401276456,17015800
2024-09-25,425.3901062011719,426.384408985251,421.9051794925785,423.14556440453987,13396400
2024-09-26,424.6025390625,428.53047950890726,422.45644824495844,428.3237537072511,14492000
2024-09-27,421.3637390136719,425.1341945131492,420.82230422369577,424.8093096047705,14896100
2024-09-30,423.60821533203125,423.72637439868134,418.7548910042777,421.5507213885959,16807300
2024-10-01,414.147705078125,421.81656847562806,412.2969368087723,421.78703621784,19092900
2024-10-02,410.64306640625,416.2445815766932,410.22958475813624,416.0082934736332,16582300
2024-10-03,410.0622863769531,413.0254566537122,407.84727671300476,411.1353318978847,13686400
2024-10-04,409.5897216796875,413.2223397680441,408.51667620718774,411.73581262468696,19169700
2024-10-07,403.171142578125,410.6233966552464,402.6395318501973,409.5306729821077,20919800
2024-10-08,408.2607421875,409.19598053892946,401.82246884384335,404.5099947662806,19229300
2024-10-09,410.96795654296875,413.8425600403991,407.857094965171,409.3928325735408,14974300
2024-10-10,409.3731689453125,410.8596961873674,406.7249993762307,408.7726696220669,13848400
2024-10-11,409.8456726074219,410.6430736171545,406.8234080163179,409.6684790592566,14144900
2024-10-14,412.621826171875,417.4456186019399,411.02699410502277,411.27310627026066,16653100
2024-10-15,412.22802734375,415.9098858066577,408.80216519233556,415.61453317923247,18900200
2024-10-16,409.6487731933594,409.8850312589263,404.09649835161355,408.71356498849764,15508900
2024-10-17,410.23944091796875,415.9295528895068,409.12700914123224,415.79171565844746,14820000
2024-10-18,411.6570739746094,413.12389293089865,409.78662744422246,410.6529471112624,17145300
2024-10-21,412.2674560546875,412.4446496235521,407.3156799270225,409.6488187127166,14206100
2024-10-22,420.8616943359375,423.88392916296095,411.53896348036403,411.9819473916582,25482200
2024-10-23,417.9969177246094,424.37612597688815,415.95910173602493,424.1595460644349,19654400
2024-10-24,418.1249084472656,419.35546932603506,415.83112614516494,418.7155536346828,13581600
2024-10-25,421.49169921875,425.7937351729216,419.9362835126177,420.1233311665373,16899100
2024-10-28,419.9559631347656,425.2227696357769,419.670464602579,424.9471252042487,14882400
2024-10-29,425.23260498046875,426.43363353122214,419.17822176857095,421.3440208086144,17644100
2024-10-30,425.8036193847656,431.68077966192817,425.3803136298507,430.6372663836306,29749100
2024-10-31,400.0307312011719,409.6881704469,399.9814907408766,408.9005934690843,53971000
2024-11-01,403.9881591796875,409.0383852046151,401.16279656048295,402.64932353081855,24230400
2024-11-04,402.10791015625,404.0374512515174,399.26286901744754,403.42706781751014,19672300
2024-11-05,405.0612487792969,408.4477546696806,401.73380740675793,402.019305938334,17626000
2024-11-06,413.6456604003906,413.91148078515863,404.13588205792996,406.0063586804049,26681800
2024-11-07,418.81396484375,420.21189508853655,413.3502870767265,414.72850912180576,19901800
2024-11-08,415.96893310546875,419.8673412736044,415.22074253188157,418.70569909892066,16891400
2024-11-11,411.5093688964844,418.20360735923634,409.53061759674426,415.9492116532179,24503300
2024-11-12,416.45135498046875,417.8394313280264,410.7120319666306,411.7456911405818,19401200
2024-11-13,418.58758544921875,422.65333320998997,411.70626883397995,415.0829505962656,21502200
2024-11-14,420.2513427734375,421.51143597611144,413.4684764416515,418.390720208814,30246900
2024-11-15,408.5461730957031,416.22486023548765,407.207337406915,413.29122260558944,28247600
2024-11-18,409.29443359375,411.8933627455597,405.6913474607701,408.41825976061074,24727000
2024-11-19,411.2928466796875,411.4405079817959,405.1498661250552,406.68560375296545,18133500
2024-11-20,409.028564453125,410.8005900683197,404.19491792354364,410.3871084118776,19191700
2024-11-21,407.26287841796875,414.0790385036892,404.71793020151534,413.80284233986384,20780200
2024-11-22,411.3368225097656,411.73138418459337,405.4774898240383,405.7832773797643,24814600
2024-11-25,413.10247802734375,415.36135617252853,409.2159842267064,412.69804256956826,27691100
2024-11-26,422.1775817871094,423.2133401022422,413.1617251409629,413.89166578168545,23458900
2024-11-27,417.24542236328125,421.427859986681,416.2885945934304,419.33662612341953,18332400
2024-11-29,417.70904541015625,419.1097738504757,412.1259094010287,414.38481768654003,16271900
2024-12-02,425.126953125,427.1195090506518,415.58826631722377,415.84474493949193,20207200
2024-12-03,425.3439636230469,426.5967051479557,421.93093157664276,424.00241788094525,18302000
2024-12-04,431.4795227050781,433.69896602336337,426.7545660563865,427.1491277367897,26009400
2024-12-05,436.60888671875,438.62119043191433,430.2465005729482,431.9727342727058,21697800
2024-12-06,437.5459899902344,440.04162946603964,435.7704172944161,436.29321828806303,18821000
2024-12-09,439.9626770019531,442.2413029263077,434.51765390142566,436.5891402244184,19144400
2024-12-10,437.3091735839844,443.5137582543868,435.60268777878343,438.35480554213524,18469500
2024-12-11,442.892333984375,444.2338797106506,438.019420871054,438.019420871054,19200200
2024-12-12,443.4545593261719,449.96493127669913,443.0106586987936,443.0106586987936,20834800
2024-12-13,441.1956787109375,445.2991859531554,439.5286279530639,442.34980235220513,20177800
2024-12-16,445.45703125,446.039014950384,439.23272866925197,441.19569319284585,23598800
2024-12-17,448.2880554199219,449.1068002031095,443.4644812477741,444.8849272856994,22733500
2024-12-18,431.44989013671875,446.50262602359174,431.08488976149135,445.19070178831043,24444500
2024-12-19,431.0947570800781,437.1612287919841,430.39440791706704,435.6224173363725,22963700
2024-12-20,430.6706237792969,437.7136411325363,422.80886164173944,427.22800034083093,64263700
2024-12-23,429.3389892578125,431.70638949616176,426.9518413679703,430.80874434392524,19152500
2024-12-24,433.3634948730469,433.629847299066,428.29331629516184,428.7470606574343,7164500
2024-12-26,432.16009521484375,434.9516783695283,430.7002140852734,433.1169230295789,8194200
2024-12-27,424.68304443359375,429.30935275325726,420.5598195240772,428.69777768381334,18117700
2024-12-30,419.0604553222656,421.7435167493127,416.17025429217676,420.27376177490316,13158700
2024-12-31,415.77569580078125,420.9346790911402,414.94710727917607,420.313230174155,13246500
2025-01-02,412.8953552246094,420.2836558558519,409.21603069875914,419.7509810335182,16896500
2025-01-03,417.6005859375,418.27134378737713,413.8423310893823,415.3613950253171,16662900
2025-01-06,422.0394287109375,428.42156165470556,419.70162020085996,422.1873855590837,20573600
2025-01-07,416.6339416503906,424.8014927741909,415.0852560252961,423.1739068454114,18139100
2025-01-08,418.79412841796875,421.171402275518,415.81515330470927,417.70906128958796,15054600
2025-01-10,413.2603454589844,418.9420997125399,409.383695034764,418.8631994200863,20201100
2025-01-13,411.5242004394531,412.816407095229,406.690752709142,409.6006710891581,17604800
2025-01-14,410.02490234375,414.03960580749714,405.1421150215387,412.1358238822972,16935900
2025-01-15,420.5203552246094,422.3353628905166,412.58953664498,413.43787278736687,19637800
2025-01-16,418.8138122558594,423.6571336957602,418.6264203199314,422.87788427352234,15300000
2025-01-17,423.2033996582031,428.579395977241,422.35509365285844,428.1946780656617,26197500
2025-01-21,422.6806335449219,425.0480336398343,419.82002384260585,424.3575582513444,26085700
2025-01-22,440.1402282714844,441.1956738632283,430.07874109453735,431.6175525305707,27803800
2025-01-23,440.6433410644531,440.6828062638951,435.50410512705025,435.9973147591307,18389300
2025-01-24,438.0293273925781,440.5841496239721,435.40544858930485,439.11439458237174,15549500
2025-01-27,428.6583251953125,429.28964793288844,417.74853125025015,418.2516146753107,35647800
2025-01-28,441.12664794921875,442.2906153004339,425.5214900534852,428.6977608632086,23491700
2025-01-29,436.3227844238281,440.81100977301065,434.41900262341227,440.6235877197962,23581400
2025-01-30,409.3540954589844,417.1172097708342,407.54896156269734,413.0827588425547,54586300
2025-01-31,409.4231262207031,414.97667080056476,409.2751693701902,413.2899024984714,34161900
2025-02-03,405.33941650390625,409.7684293585694,403.11009933813943,406.0101743775102,25679100
2025-02-04,406.7696533203125,408.2986210393196,404.1753661823544,407.085314667825,20532100
2025-02-05,407.6772155761719,408.2098602907994,404.8264495269334,406.74997908357795,16316700
2025-02-06,410.1728515625,412.5205341470821,408.3775613386283,408.3775613386283,16309800
2025-02-07,404.1852722167969,412.96439718513943,402.5576865372201,410.82388435232116,22886800
2025-02-10,406.6217041015625,409.8176925215145,405.33937124502273,408.0914590052598,20817900
2025-02-11,405.85235595703125,406.8880841725034,403.74140422239867,404.0768132724711,18140600
2025-02-12,403.4849548339844,405.17172339110687,398.8783635040398,401.6797906754277,19121700
2025-02-13,404.9645690917969,405.4183135199023,400.84131373042015,401.472636502677,23891700
2025-02-14,402.8831787109375,403.3566707547541,400.3678218416371,402.25188608897315,22758500
2025-02-18,404.0767822265625,405.0237362453633,400.9794114377888,402.4590402622825,21423100
2025-02-19,409.1370849609375,409.8473079963777,402.11378500109834,402.34067225656025,24114200
2025-02-20,411.30169677734375,414.4447923675228,407.75335474991726,410.47144681938056,23508700
2025-02-21,403.47357177734375,413.1993956224997,403.15730762956775,412.4976421272199,27524800
2025-02-24,399.3124694824219,404.62015762933447,394.68677781775386,403.77015051435643,26443700
2025-02-25,393.283203125,397.25657880262406,392.09714469383994,396.44608593506547,29387400
2025-02-26,395.09197998046875,398.9170718958632,389.6755530638089,393.3919357776839,19619000
2025-02-27,387.9754943847656,401.0322110218146,387.61968592381214,396.61407498406965,21127400
2025-02-28,392.38372802734375,393.01631660620876,382.0846478468725,388.10398215130573,32845700
2025-03-03,383.9823913574219,394.1925506012372,381.6794393165997,394.1925506012372,23007700
2025-03-04,384.1009826660156,388.0249203607145,376.5792952112664,378.9514422192701,29342900
2025-03-05,396.36700439453125,397.00948665687173,384.29868393839774,384.82253320835395,23433100
2025-03-06,392.28497314453125,397.48392182528505,388.1237992789094,389.70524080724994,23304600
2025-03-07,388.7464599609375,390.2191619837315,381.0666253730808,387.76795648683793,22034100
2025-03-10,375.7490234375,381.9166113327009,372.8431337183802,381.3631114017718,32840100
2025-03-11,376.03570556640625,381.5212976511773,372.53677123025375,374.6025176419591,30380200
2025-03-12,378.82293701171875,380.7503233781215,374.55308456142495,378.5066728711865,24253600
2025-03-13,374.3751525878906,380.8491715851453,373.07049136146827,378.71423026442886,20473000
2025-03-14,384.05157470703125,385.7022111357248,375.10659301872727,375.3734493768336,19952800
2025-03-17,384.19000244140625,388.15345468919406,381.0963143894263,382.2132080479099,22474300
2025-03-18,379.070068359375,382.8754034622388,376.6781641211092,382.57889637930924,19486900
2025-03-19,383.3201599121094,385.158563988563,379.54447585576617,381.0567221702146,19185500
2025-03-20,382.35150146484375,387.24407880313566,378.83281046953476,381.26425870483627,18470500
2025-03-21,386.7202453613281,387.194656647968,378.3583844724842,378.77352451177876,39675900
2025-03-24,388.51910400390625,390.81219242783766,385.2870564688155,390.81219242783766,21004500
2025-03-25,390.57501220703125,391.7610706609813,388.0842623065983,389.34940942223693,15775000
2025-03-26,385.4452209472656,390.72325787798576,384.0614710304359,390.4168571879551,16108400
2025-03-27,386.048095703125,387.6888383797828,382.9050004114053,385.6033351411741,13766800
2025-03-28,374.4048156738281,384.6149747790714,372.5565178920864,383.5771397086297,21632000
2025-03-31,371.0343933105469,372.6948931611048,362.97893300010196,368.2174556076631,35184700
2025-04-01,377.7554626464844,378.4078083047587,368.8994337189865,370.302940607575,19689500
2025-04-02,377.7060852050781,380.61194495123306,372.2501138660857,373.584455994143,16092600
2025-04-03,368.7808532714844,373.1001742376296,365.06450042697054,370.4413834397649,30198000
2025-04-04,355.664794921875,370.2436515761853,355.30898645827625,359.90502676066706,49209900
2025-04-07,353.707763671875,366.6953157485582,340.7894367933375,346.8087713756296,50425000
2025-04-08,350.4460754394531,369.3145725706382,346.18608632628985,363.98712785508354,35868900
2025-04-09,385.9591369628906,388.6673652686905,349.0029886182402,349.43788571366844,50199700
2025-04-10,376.92523193359375,379.44563241847453,363.5324334212975,377.6269854135807,38024400
2025-04-11,383.94287109375,385.52428234575257,374.4937970946495,376.2234920445777,23839200
2025-04-14,383.31024169921875,390.07087362207807,379.7520064336394,388.6574731382522,19251200
2025-04-15,381.2544250488281,387.3429548173336,379.702634359307,384.0021677861047,17199900
2025-04-16,367.2981872558594,377.182157055766,363.73008863656446,376.25309164497827,21967800
2025-04-17,363.5126647949219,369.9767899290697,362.6330071079686,369.41339637295704,21120200
2025-04-21,354.953125,360.25094859286406,351.543173455908,358.6102059570081,20807300
2025-04-22,362.5638427734375,363.5028019496421,355.68457702509073,359.1637542302739,19485000
2025-04-23,370.0459899902344,375.9763723537339,368.69186067990836,371.6965961898571,20545500
2025-04-24,382.8061828613281,383.9428636514652,370.8367085183124,371.3408006891215,22232300
2025-04-25,387.3034362792969,387.6098369882708,380.13755681192964,382.5097039822226,18973200
2025-04-28,386.6214294433594,388.1830836548117,382.15388522315925,387.4121350910717,16579400
2025-04-29,389.4679870605469,390.51568553400665,385.85045019118235,386.75975859738145,14974000
2025-04-30,390.6738586425781,392.0576085897077,379.97939447353656,385.7713871677669,36461100
2025-05-01,420.4641418457031,431.9196612018972,419.96994327038766,426.10788113002934,58938100
2025-05-02,430.2295227050781,434.34125858777406,425.00089318437847,426.73058824697114,30757400
2025-05-05,431.10919189453125,434.40054108405303,427.09627177369964,427.8474632490504,20136100
2025-05-06,428.2823181152344,432.65104629505106,426.16716413896285,427.18521188154574,15104200
2025-05-07,428.3218994140625,433.0365428333408,426.1078693467033,428.80620435216304,23295300
2025-05-08,433.08599853515625,438.52218293606853,430.6051120016966,432.84876270467214,23491300
2025-05-09,433.63946533203125,435.6261229679929,430.8225275981773,434.89471877509555,15324200
2025-05-12,444.0472717285156,444.15598092637396,434.6772567640601,440.7657862582039,22821900
2025-05-13,443.9286804199219,445.4409267506546,440.192510488539,442.5844447017788,23618800
2025-05-14,447.6845397949219,448.6333924695745,442.94024625817593,442.94024625817593,19902800
2025-05-15,448.69464111328125,451.72468655623493,446.02105738415105,446.3577257423833,21992300
2025-05-16,449.82342529296875,449.91254071320964,444.3376746324017,447.6251542704443,23849800
2025-05-19,454.37841796875,455.0913715701619,446.3874026485213,446.46663650360125,21336500
2025-05-20,453.6852722167969,453.8535912700005,449.87295142774695,451.13050930908776,15441800
2025-05-21,448.14007568359375,453.29906971148773,447.3875051898017,450.12049890400635,19216900
2025-05-22,450.40765380859375,455.74490907390424,449.4570590917957,450.4967994491365,18025600
2025-05-23,445.7734680175781,449.2491205375805,444.51591011589574,445.5754438212613,16883500
2025-05-27,456.1806335449219,456.43809825868186,451.6553587930952,452.0118507212909,20974300
2025-05-28,452.8831481933594,457.9926435100278,452.457364471685,456.7053805592909,17086300
2025-05-29,454.1902770996094,457.2005290082406,450.8532686393741,457.0321797296883,13974800
2025-05-30,455.8537902832031,457.16087682654637,451.08099341488645,455.2200705832806,34770500
2025-06-02,457.44805908203125,457.58667299374565,452.41779739511384,452.66535029783114,16626500
2025-06-03,458.43829345703125,459.5968543955761,456.3489311405408,456.9529759669727,15743800
2025-06-04,459.3294677734375,461.1316602074749,458.48778183720145,459.4582001214203,14162700
2025-06-05,463.1022033691406,465.0529216385449,459.4879366863286,460.4088263203011,20131700
2025-06-06,465.7757873535156,468.7068055435685,464.1914425792919,465.4886174973397,15285600
2025-06-09,468.12255859375,468.7958952647425,464.0329796350046,465.10242514198006,16469900
2025-06-10,466.31048583984375,468.172058367284,462.38922592870773,466.57783210788693,15375900
2025-06-11,467.99383544921875,470.81594475736864,465.0628173622344,465.4192790589967,16399200
2025-06-12,474.1826477050781,475.7174938929388,468.88500933710617,470.37032681118086,18950600
2025-06-13,470.3109130859375,474.48960742449077,468.13246560456287,471.74673205457395,16814500
2025-06-16,474.45001220703125,475.98482813726486,470.3505215770748,470.5584575569121,15626100
2025-06-17,473.3608093261719,474.0539393845567,469.4395492382731,470.74663593423935,15414100
2025-06-18,475.5392150878906,476.29178558337986,469.81579317674493,473.3211507460615,17526500
2025-06-20,472.7270202636719,478.7277002496467,472.2022093150259,477.5097592999014,37576200
2025-06-23,481.24285888671875,482.97572926336846,467.8849134818946,473.52910172023695,24864000
2025-06-24,485.3125915527344,487.0355802812341,482.03499358247046,484.16397269221426,22305600
2025-06-25,487.45147705078125,489.71907018583636,484.59969288856837,487.2237477118272,17495100
2025-06-26,492.580810546875,493.1650318097281,487.98621386300664,488.15456314430565,21578900
2025-06-27,491.0855712890625,494.4126679494895,488.2040517426954,492.6797975508017,34539200
2025-06-30,492.5411682128906,495.8583832017286,490.4815111095117,492.17479474651304,28369000
2025-07-01,487.2336120605469,493.1748817381986,486.1741086010328,491.61036068604886,19945400
2025-07-02,486.28302001953125,488.66943364597034,483.9164299655294,485.1937811955959,16319600
2025-07-03,493.9571533203125,495.2345347518064,488.6100166980764,488.9763901568408,13984800
2025-07-07,492.8481140136719,493.8680307430937,490.3824968234557,492.51144569917784,13981600
2025-07-08,491.7589111328125,493.3234624825612,489.27347018920887,492.37283752871576,11846600
2025-07-09,498.5815124511719,501.81949389446856,494.8483949293652,495.40291107466015,18659500
2025-07-10,496.5713806152344,499.50239882384955,492.87788004768845,498.125990037999,16492100
2025-07-11,498.393310546875,500.0865639242522,492.9273231662245,493.5907782355643,16459500
2025-07-14,498.0962829589844,499.0369961700355,496.1257713282032,496.6109653955542,12058800
2025-07-15,500.86883544921875,503.3245408608939,497.8684955298327,498.09622485625505,14927200
2025-07-16,500.6708068847656,501.7600457375481,496.9773367906475,500.2351113436526,15154400
2025-07-17,506.6912841796875,508.3449206172861,500.67078077223215,500.730191050298,17503100
2025-07-18,505.05743408203125,509.6025320949179,502.4630844244223,509.4440643876484,21209700
2025-07-21,505.06732177734375,507.0774803175347,500.60145783110823,501.7501069031347,14066800
2025-07-22,500.32421875,506.19619667447284,500.32421875,505.968437121084,13868600
2025-07-23,500.9183654785156,501.82937349813983,495.7989881406536,501.78975657062705,16396600
2025-07-24,505.8793029785156,508.6419715627398,502.33432855643633,503.7899408054956,16107000
2025-07-25,508.6816101074219,513.2167356071609,505.36436506751977,507.4536969863606,19125700
2025-07-28,507.48345947265625,509.9589885432546,505.12675096242896,509.0480107678364,14308000
2025-07-29,507.55279541015625,512.5533521818816,506.5526719682665,510.4838436674275,16469200
2025-07-30,508.21624755859375,510.89974304598894,504.45345515414937,510.127348903314,26380400
2025-07-31,528.2778930664062,550.0130499577134,526.6935786680993,549.795171976257,51617300
2025-08-01,518.979736328125,530.5553112156109,515.7615489434008,529.7631541007601,28977600
2025-08-04,530.3969116210938,532.9813491761439,522.9604134562841,523.0990575737549,25349000
2025-08-05,522.5841674804688,532.0406760929504,522.0791498987046,531.9218555369729,19171600
2025-08-06,519.8017578125,526.495598904166,518.9006917137275,525.7034415927023,21355700
2025-08-07,515.7418212890625,522.9208551796034,512.483986539974,521.6434435727333,16079100
2025-08-08,516.9300537109375,519.524403327164,514.3257923084495,517.4845698020915,15531000
2025-08-11,516.6627197265625,522.4257584225397,514.6327376205326,517.1875004407061,20194400
2025-08-12,524.0596313476562,525.7825900386109,517.5836685759962,518.6233787752558,18667000
2025-08-13,515.4844360351562,527.4857972911225,514.2862580919234,526.901545781552,19619200
2025-08-14,517.36572265625,520.8017882377586,515.0486614235291,517.4449565045493,20269100
2025-08-15,515.078369140625,520.9503168823401,513.9990723038397,517.6529556536844,25213300
2025-08-18,512.0384521484375,517.7024945692299,508.98864359035275,516.4845535034275,23760600
2025-08-19,504.7801818847656,510.11740696385556,503.5721224631474,509.9589996924715,21481000
2025-08-20,500.7698669433594,505.9981835608303,499.50239716393804,504.87923949406314,27723000
2025-08-21,500.1251220703125,503.48747238505433,498.6175369804135,499.57962247206007,18443300
2025-08-22,503.09075927734375,506.5621975190336,498.3100856343386,500.13506667774504,24324200
2025-08-25,500.1449890136719,504.04291093011733,500.00611695670057,502.4956437530773,21638600
2025-08-26,497.94305419921875,500.85906441774694,494.44186237473224,500.2440985723917,30835700
2025-08-27,502.6047058105469,503.1502356611414,495.82052770460996,497.90339657266526,17277900
2025-08-28,505.4810485839844,506.919197559233,501.3748189208979,502.9518399416591,18015600
2025-08-29,502.5551452636719,505.44140176386463,500.3730863144936,504.5090702372647,20961600
2025-09-02,500.9979248046875,501.87074834041937,492.75574161607386,496.38587753866574,18128000
2025-09-03,501.2260437011719,503.6461342434815,498.22077154875547,499.6787766683557,16345100
2025-09-04,503.82470703125,504.00323087503085,499.0440334241921,500.1846427841772,15509500
2025-09-05,490.9605712890625,507.7920894589463,488.3520284612672,504.9157608525771,31994800
2025-09-08,494.1344299316406,497.1099483047291,490.990285532587,494.0451377441344,16771000
2025-09-09,494.34271240234375,498.15137232357364,493.63851485593227,497.33805669614713,14410500
2025-09-10,496.2867126464844,499.1233892811019,492.66650462093776,498.8754294126598,21611800
2025-09-11,496.9215087890625,499.0638857033828,493.8170463660224,498.15138006137016,18881600
2025-09-12,505.7389221191406,508.3672905695674,499.73830564164535,502.51544395369297,23624900
2025-09-15,511.1544189453125,511.26350676755015,502.8626547877709,504.63805606783444,17143800
2025-09-16,504.8859558105469,513.0090929577493,504.449544036503,512.6619733694059,19711900
2025-09-17,505.8579406738281,507.1175961354426,501.80132099339164,506.4530503919847,15816600
2025-09-18,504.3008117675781,508.88310546808697,503.51725007824297,507.31598208941665,18913700
2025-09-19,513.703369140625,515.0621842649809,506.1455578149837,506.39351766303514,52474100
2025-09-22,510.25189208984375,513.5150225661836,508.3574445613838,511.3826037577857,20009300
2025-09-23,505.0744323730469,510.3907077578639,503.17008724169204,509.60711582016205,19799600
2025-09-24,505.9869079589844,508.29788064425674,502.7832857896144,506.215041937542,13533700
2025-09-25,502.89239501953125,505.8480877116936,500.9186440433766,504.1520203242895,15786500
2025-09-26,507.28619384765625,509.74596656687834,502.4856945681329,505.8976246789574,16213100
2025-09-29,510.40057373046875,512.6322125671903,504.72728094557834,507.325895548039,17617800
2025-09-30,513.7232666015625,513.9315141469417,505.5009089039439,509.05168089535164,19728200
2025-10-01,515.4689331054688,516.262392605391,507.5143608700387,510.5989672146665,22632300
2025-10-02,511.53125,517.3434144406598,506.51254498360566,513.4157691025699,21222900
2025-10-03,513.1281127929688,516.2425031799986,510.7973143114264,512.8801529316524,15112300
2025-10-06,524.256591796875,526.6965386672223,513.9712214168786,514.377848960065,21388600
2025-10-07,519.7039794921875,525.4764919541412,517.1847292577561,523.9788048028778,14615200
2025-10-08,520.56689453125,522.6497936321297,518.8213080060119,519.0097599169904,13363400
2025-10-09,518.136962890625,520.0512058016051,513.1777655449532,518.07745494396,18343600
2025-10-10,506.7902526855469,519.307291372133,505.4711195982234,515.3994417043425,24133800
2025-10-13,509.8551025390625,512.1958293204747,507.50444767633473,512.1958293204747,14284200
2025-10-14,509.3789978027344,511.07506506957225,501.87076583985106,506.0662576446326,14684300
2025-10-15,509.2401428222656,512.9694689959882,505.83814063109804,510.75768630195654,14694700
2025-10-16,507.4349670410156,512.6321960787722,503.9833851231019,508.3970827878481,15559600
2025-10-17,509.388916015625,511.27337462741934,503.1700633614309,504.88595648751925,19867800
2025-10-20,512.5726928710938,514.4671401409408,509.2401268135401,510.41049011219013,14665600
2025-10-21,513.4356079101562,514.4572316509175,508.8533142722573,513.2769402267872,15586200
2025-10-22,516.2921142578125,520.943843958813,513.4852520447155,516.8971823641815,18962700
2025-10-23,516.3118896484375,519.6742395740552,514.3777908083965,518.1964086283891,14023500
2025-10-24,519.3370971679688,521.0628883153897,516.4607987679614,518.5237814648117,15532400
2025-10-27,527.1824951171875,530.2175212473691,524.6929685473742,527.440383046071,18734700
2025-10-28,537.6464233398438,549.2013167264516,536.3570441492753,545.511702993095,29986700
2025-10-29,537.130615234375,541.8121286840217,532.3499420595073,540.4929653309738,36023000
2025-10-30,521.469482421875,530.6042843733296,517.8591725476514,526.150935240438,41023100
2025-10-31,513.5844116210938,525.0004940086545,510.89650476941233,524.5640822050067,34006400
2025-11-03,512.810791015625,520.6760707602963,510.3907002836433,515.5680732671589,22374700
2025-11-04,510.1327819824219,511.34279700787874,503.6957236126803,507.5837474278435,20958700
2025-11-05,503.0213317871094,510.6287541811956,502.4460479183387,509.1112106662694,23024300
2025-11-06,493.04339599609375,501.5732213085109,491.7639146320967,501.53353925537283,27406500
2025-11-07,492.7657165527344,495.304823297102,489.22484220934433,492.89466053302914,24019800
2025-11-10,501.8707275390625,502.71379706788474,494.7294718777327,495.9593732946225,26101500
2025-11-11,504.5289001464844,505.4414057875519,498.2505695472254,500.68055811559174,17980000
2025-11-12,506.9688415527344,507.494515261433,495.0469117437556,505.203338237195,26574900
2025-11-13,499.1828918457031,509.3095642884979,497.1992129195551,506.1455939798088,25273100
2025-11-14,506.0166320800781,507.42505738590404,493.38060745410195,494.16416907736203,28505700
2025-11-17,503.34857177734375,507.9407930820625,500.78963942134817,504.3007594029326,19092800
2025-11-18,489.76043701171875,498.87544447228873,482.8076324047851,491.3275301094218,33815100
2025-11-19,483.14483642578125,491.14898819063853,478.88983663624714,486.1005289347495,23245300
2025-11-20,475.41387939453125,490.45844852333465,472.50235794747454,489.60385435710714,26802500
2025-11-21,469.1436462402344,475.9007957312625,465.3179114267742,475.4834301610789,31769200
2025-11-24,471.0118103027344,473.89352206444323,465.0694984877541,472.0055061050608,34421000
2025-11-25,473.98297119140625,476.12935785467323,461.95927573241335,471.08139630740516,28019800
2025-11-26,482.4393310546875,485.23161394332453,478.1664510662567,483.244222260298,25709100
2025-11-28,488.9082946777344,489.5243812398697,483.5820692635899,484.5260924315005,14386700
2025-12-01,483.6714782714844,486.7718042788117,481.59465771305275,485.3607732415945,23964000
2025-12-02,486.91094970703125,490.38888506208144,483.2541563831954,483.6516286444489,19562700
2025-12-03,474.7182922363281,481.18723109312356,472.2042431453193,473.3171775583083,34615100
2025-12-04,477.8087158203125,478.28570075231454,473.48613274494215,476.7355376297969,22318200
2025-12-05,480.11407470703125,480.35255199911325,475.86105782216015,479.4780948278929,22608700
2025-12-08,487.92449951171875,489.19642891935564,481.3263751862239,481.8331697469475,21965900
2025-12-09,488.918212890625,489.0175885389743,485.4204144751398,486.01663804004494,14696100
2025-12-10,475.5430603027344,481.19719183884354,472.084987996716,480.97857754952304,35756200
2025-12-11,480.4221496582031,482.96600869209163,472.86010822118624,473.6252734590456,24669200
2025-12-12,475.5132751464844,479.4085762318817,473.3370788032073,476.79515128743174,21248100
2025-12-15,471.82666015625,477.6894594742654,469.5411415575728,477.0733729131614,23727700
2025-12-16,473.38677978515625,474.87732355778707,467.911505956298,468.9350114671635,20705600
2025-12-17,473.1184387207031,476.9739832708393,472.0055042784347,473.903466892556,24527200
2025-12-18,480.9289245605469,486.51349034093164,474.87732052138307,475.1754171439269,28573500
2025-12-19,482.856689453125,484.7745151206103,479.44828972039977,484.2875835443981,70836100
2025-12-22,481.86297607421875,485.6489546100234,479.6470235443271,483.05539282771,16963000
2025-12-23,483.7807922363281,484.75459468390824,481.6840783901604,481.922585996358,14683600
2025-12-24,484.94342041015625,486.0762481946253,481.77352833631136,482.61817584356095,5855900
2025-12-26,484.6354064941406,485.04282544173617,482.8964387136479,483.64171061957336,8842200
2025-12-29,484.02923583984375,485.27135560420123,481.1276307272214,481.80333660098637,10893400
2025-12-30,484.4068603515625,486.5929730105466,482.43933166580535,482.8666136001516,13944500
2025-12-31,480.5711669921875,485.06269150087525,480.25317705215497,484.7645645601486,15601600
