Date,Close,High,Low,Open,Volume
2018-01-02,4.9225287437438965,4.926232998453694,4.802768516998509,4.834375017324645,355616000
2018-01-03,5.246499538421631,5.276872071724263,5.031177549791746,5.039820025695842,914704000
2018-01-04,5.274155139923096,5.384285709129352,5.251931497244063,5.3277389582428585,583268000
2018-01-05,5.318850517272949,5.356136563849528,5.212176921617321,5.288972038755744,580124000
2018-01-08,5.481823444366455,5.555901948622903,5.397373497373646,5.442314845965731,881216000
2018-01-09,5.480340957641602,5.526763530565923,5.398854426236234,5.487254937822689,497000000
2018-01-10,5.523306846618652,5.526763836900809,5.333665496743862,5.387989697031971,582664000
2018-01-11,5.533186435699463,5.587263864224587,5.511703163551604,5.555903674897513,406032000
2018-01-12,5.5060224533081055,5.555655230806842,5.465526210043849,5.521332117817926,359916000
2018-01-16,5.435154914855957,5.6178823443928865,5.350705418420513,5.532445203405531,702348000
2018-01-17,5.548988342285156,5.5588652570627,5.355889972136408,5.449722781931612,538408000
2018-01-18,5.542072296142578,5.596396484631688,5.49861266276359,5.529725568545394,408632000
2018-01-19,5.682082653045654,5.706281587472886,5.605288008141734,5.632203082211665,609380000
2018-01-22,5.770482540130615,5.772211035255632,5.632449252459123,5.689983649183062,550944000
2018-01-23,5.899379730224609,5.922096960023161,5.80529967214981,5.823819060815665,475228000
2018-01-24,5.822585105895996,5.938394759156828,5.767025993334276,5.902589945397093,579972000
2018-01-25,5.836165428161621,5.920121303638124,5.8213498239538755,5.876908457477814,409884000
2018-01-26,6.008522987365723,6.008769780706532,5.867032691438194,5.879873009855168,516356000
2018-01-29,6.095442771911621,6.126556163999323,5.941359397629485,5.993955117261491,455116000
2018-01-30,5.9934587478637695,6.084822657931859,5.887032440790275,5.953703364003783,570832000
2018-01-31,6.069514751434326,6.155199143875029,6.0361792801898755,6.068773900387158,478576000
2018-02-01,5.938641548156738,6.096676409437072,5.878391007501542,5.889749623333987,519224000
2018-02-02,5.7662835121154785,5.876167268550853,5.708255540716462,5.852215135040026,718464000
2018-02-05,5.27687406539917,5.759126286967598,5.062045582238898,5.605289686773526,1165204000
2018-02-06,5.570224285125732,5.573187218233309,5.037351292123833,5.047228677775093,1114800000
2018-02-07,5.649736404418945,5.802091770035089,5.597881530469725,5.668997122585643,802932000
2018-02-08,5.371200084686279,5.80826407928095,5.370952820335988,5.77517587039458,1144000000
2018-02-09,5.730729579925537,5.898888206866015,5.371201028678717,5.883084950736841,1674604000
2018-02-12,5.630722522735596,5.814684856532062,5.556644002443449,5.811721451971718,1093172000
2018-02-13,5.744308948516846,5.790484735326262,5.562075147582211,5.594422971878374,625524000
2018-02-14,5.96135950088501,5.990250334803967,5.692947725246007,5.704059548216401,744988000
2018-02-15,6.086799144744873,6.13297493093032,5.963828714785373,6.044574406786816,698900000
2018-02-16,6.021116733551025,6.1732248004750225,6.011980198829314,6.059637690216526,637656000
2018-02-20,6.150506973266602,6.219399989606605,6.039882335841647,6.043586590630636,686240000
2018-02-21,5.963581562042236,6.2218696291213735,5.959877778058272,6.214955647828824,892292000
2018-02-22,5.983099460601807,6.069084017401863,5.917622785182669,5.997430377159219,534364000
2018-02-23,6.076498508453369,6.076498508453369,5.992243494996273,6.042895376009771,415300000
2018-02-26,6.092557907104492,6.127149291469299,6.030292943975575,6.122701895089861,469312000
2018-02-27,6.079710006713867,6.150128455906252,6.0567312407746385,6.065872980795746,455436000
2018-02-28,5.979394912719727,6.130114872492914,5.967781819998213,6.090581721935456,523116000
2018-03-01,5.737502098083496,6.031035999276228,5.636445271654892,5.9771719199946896,1040120000
2018-03-02,5.844487190246582,5.8509115742309685,5.4815231620254234,5.630019649725559,913428000
2018-03-05,5.822497844696045,5.862030997490262,5.671036093708031,5.7943303672938855,620776000
2018-03-06,5.983348846435547,6.00262153121743,5.864749376895527,5.907741672821975,636808000
2018-03-07,5.975440502166748,6.02757499560552,5.879325467881091,5.880560672466881,581208000
2018-03-08,5.959134101867676,6.002867703637452,5.9149061354144825,6.002867703637452,411912000
2018-03-09,6.061674118041992,6.074521945773585,5.9905143444255415,6.006574364726223,505524000
2018-03-12,6.171131134033203,6.251185699554829,6.094782654396949,6.1029366088716035,605060000
2018-03-13,6.120477676391602,6.288246825296772,6.079214963742045,6.213874881101751,619772000
2018-03-14,6.14592981338501,6.190651682452513,6.083664827894919,6.163472458535161,505496000
2018-03-15,6.160754203796387,6.241797033879044,6.118750165774702,6.159518998827692,401952000
2018-03-16,6.188920021057129,6.207945282860681,6.139503352684651,6.177059982945952,399456000
2018-03-19,5.954687595367432,6.161001230709759,5.855854702051574,6.132092909851031,713772000
2018-03-20,6.166684150695801,6.205475995553588,5.9576522213167,5.9576522213167,554696000
2018-03-21,6.141481399536133,6.226477725635134,6.111089987723472,6.160259246634437,438688000
2018-03-22,5.97568941116333,6.1246802990746865,5.9383801881357465,6.078228862529954,551196000
2018-03-23,5.7562785148620605,5.991747807985991,5.745159788738619,5.989276927594977,735620000
2018-03-26,6.040672302246094,6.041907507254022,5.828675588945288,5.8805626821817985,611424000
2018-03-27,5.572203159332275,6.177060956923708,5.432107556325861,6.121467314056925,1409000000
2018-03-28,5.469169616699219,5.667823629263365,5.361688892153834,5.537858501727341,945904000
2018-03-29,5.722181797027588,5.81879073560349,5.453108871312396,5.537363877539234,916628000
2018-04-02,5.461756706237793,5.797788943645551,5.374042561443721,5.651763333448893,922092000
2018-04-03,5.568001747131348,5.691542944931062,5.46916888314603,5.628537141413006,667432000
2018-04-04,5.589992523193359,5.600369939066566,5.287563426422367,5.31251870810874,789168000
2018-04-05,5.469912052154541,5.661400879524381,5.398505324909835,5.648305632525994,701240000
2018-04-06,5.2937397956848145,5.4753454955412835,5.264584067344699,5.3673704277671055,662988000
2018-04-09,5.322403907775879,5.484490052108278,5.302389909766068,5.35674835816118,499524000
2018-04-10,5.631255149841309,5.6581869470897574,5.495359545124256,5.55243580278532,761676000
2018-04-11,5.589992523193359,5.657693144322585,5.557377652942625,5.616430427510846,460244000
2018-04-12,5.796554088592529,5.814344149524457,5.638668417093566,5.682896387062029,593920000
2018-04-13,5.719958782196045,5.868455297300609,5.671777778510735,5.860054395742504,503036000
2018-04-16,5.719712734222412,5.7530689276933895,5.62557417517804,5.726631013940322,350792000
2018-04-17,5.869195461273193,5.890444657744426,5.716251578561338,5.771845214741535,447224000
2018-04-18,5.840287208557129,5.911446975099655,5.751337853833223,5.8187910634443485,391364000
2018-04-19,5.659175872802734,5.7594913744128435,5.6038296491681026,5.726135189444897,471996000
2018-04-20,5.651022434234619,5.734783081732713,5.6198901831966905,5.65052806954587,386200000
2018-04-23,5.531680107116699,5.719956654307464,5.5057365719024185,5.668810895066769,427508000
2018-04-24,5.465463638305664,5.653245873112171,5.400233890919394,5.557378239507013,414596000
2018-04-25,5.353288650512695,5.474853363683221,5.196144285664577,5.435814101385799,588492000
2018-04-26,5.564789772033691,5.57294372515703,5.448908157916776,5.514879209123028,375824000
2018-04-27,5.592216968536377,5.6903090144787685,5.549965986303618,5.670542437255602,400848000
2018-04-30,5.556884288787842,5.6581880564035085,5.537612076202708,5.608524430770249,327844000
2018-05-01,5.612231731414795,5.614949559572972,5.490172640875551,5.548731540381475,253788000
2018-05-02,5.591723442077637,5.653246640850052,5.565532478120005,5.608772192633306,268248000
2018-05-03,5.756772994995117,5.782963952791854,5.578379465520611,5.6235956858680325,443144000
2018-05-04,5.906752109527588,5.909964301493581,5.710815939958727,5.728111633202851,400660000
2018-05-07,6.144445419311523,6.2015216788325995,6.00138458611721,6.011268108792078,687616000
2018-05-08,6.186943531036377,6.189661358266512,6.095769782220099,6.144692086179353,506616000
2018-05-09,6.319873809814453,6.322097743834752,6.17977821961558,6.206957436148472,596760000
2018-05-10,6.427355766296387,6.436497507612215,6.35496031956407,6.3727503800306735,994080000
2018-05-11,6.288989067077637,6.4189546705779925,6.190403604251868,6.245749828996159,1214456000
2018-05-14,6.309496879577637,6.3868340850540735,6.285777271229011,6.327039992585079,523140000
2018-05-15,6.067355632781982,6.2487144092462685,5.967040139842372,6.245996110622868,963528000
2018-05-16,6.078475475311279,6.140493036211497,5.991996521218822,6.028811848736104,553828000
2018-05-17,6.120477676391602,6.21412182775793,6.064142734814751,6.080203221639003,519784000
2018-05-18,6.076746463775635,6.235620411298548,6.071804701082786,6.172367639665309,483716000
2018-05-21,6.03474235534668,6.177803226165363,5.942086426627042,6.174097139823752,640624000
2018-05-22,5.996690273284912,6.073285689316128,5.936154874773719,6.048083460402511,518264000
2018-05-23,6.120060443878174,6.12129688402957,5.939825949406634,5.940567719184721,442956000
2018-05-24,6.1237688064575195,6.16604638276045,6.063196442969986,6.1163520518220045,437372000
2018-05-25,6.163079261779785,6.179396782056297,6.100776259758787,6.136377907833108,292112000
2018-05-29,6.146020412445068,6.21401047810902,6.0992931575786455,6.1450315432003935,352684000
2018-05-30,6.2548041343688965,6.2634573298368625,6.154921265787929,6.179644883509454,390996000
2018-05-31,6.2350263595581055,6.309444324380892,6.212280948178275,6.222911883911303,493868000
2018-06-01,6.369274139404297,6.375455397753894,6.271121906004706,6.2797751018175765,421968000
2018-06-04,6.5480265617370605,6.570030203696023,6.371253298271034,6.403393677281278,642024000
2018-06-05,6.553463935852051,6.591043794732279,6.5064891122517645,6.551238626485291,391712000
2018-06-06,6.555443286895752,6.558657466250512,6.447154302349329,6.463471827028432,371356000
2018-06-07,6.499814033508301,6.563600575670102,6.409572764990452,6.551733202346104,369448000
2018-06-08,6.484485149383545,6.527009352109651,6.408336566259085,6.427126494753319,360456000
2018-06-11,6.443445205688477,6.513412544338041,6.4305889612666265,6.471877203081521,265372000
2018-06-12,6.491901874542236,6.504016346781444,6.419709239896668,6.469898239308541,319160000
2018-06-13,6.487452983856201,6.568298828613451,6.478305117274815,6.493386671427395,338208000
2018-06-14,6.598957538604736,6.655574446227418,6.517617006106994,6.532451463970384,430016000
2018-06-15,6.558160781860352,6.613047027250425,6.510938861735974,6.541843262192052,432260000
2018-06-18,6.55396032333374,6.5715138172033205,6.486959584133824,6.514155144658017,356268000
2018-06-19,6.432319641113281,6.518110304281356,6.304993636426343,6.450862002192565,594932000
2018-06-20,6.485228061676025,6.538136107117899,6.435039053196084,6.473360686687477,369780000
2018-06-21,6.356666088104248,6.535417081326621,6.349001760839848,6.517121818613466,359516000
2018-06-22,6.204368591308594,6.390784374571806,6.189040409066197,6.3774334594619235,434160000
2018-06-25,5.911888599395752,6.1017651569803375,5.823378441826234,6.098056779670731,665816000
2018-06-26,5.982845783233643,6.073334165648005,5.931420804969788,6.025123366416597,478884000
2018-06-27,5.827829360961914,6.092618098974124,5.822389872414972,6.026359139611977,453892000
2018-06-28,5.954908847808838,5.966776223814269,5.810275969033915,5.817940296388929,338012000
2018-06-29,5.857004642486572,6.032541486731856,5.855768201857278,6.019932810322215,392300000
2018-07-02,5.989027500152588,5.992735878357603,5.767010047064919,5.787530620051878,357572000
2018-07-03,5.855520248413086,6.02957399870947,5.847114150989946,6.023640310620422,222732000
2018-07-05,6.001141548156738,6.006085894889845,5.871837331918492,5.910653165265387,306216000
2018-07-06,6.1148681640625,6.12327425896357,5.955401346587171,5.976663683229958,296352000
2018-07-09,6.1623382568359375,6.198682150756022,6.083717724780583,6.189040085660409,303880000
2018-07-10,6.261232376098633,6.283236013497181,6.134400582636994,6.174699951455548,360016000
2018-07-11,6.119813919067383,6.203132167984538,6.109182513334937,6.168519385515629,367508000
2018-07-12,6.211291313171387,6.259255014559469,6.155169085771474,6.165058722643337,345508000
2018-07-13,6.164069175720215,6.229833938341683,6.122039163547,6.229833938341683,246988000
2018-07-16,6.136380672454834,6.189289205380043,6.124019094867877,6.136380672454834,197036000
2018-07-17,6.272108554840088,6.287190103096926,6.061711478228078,6.087176857784259,362136000
2018-07-18,6.222910404205322,6.278538422105761,6.171980104393504,6.264693310372985,277640000
2018-07-19,6.231069564819336,6.2646939499617895,6.189040026518868,6.20412110838301,235752000
2018-07-20,6.202885150909424,6.267413469753372,6.192006645604569,6.228597638674499,222352000
2018-07-23,6.166294574737549,6.178161950133588,6.014739146335825,6.176431310870159,301584000
2018-07-24,6.148987770080566,6.300790287758488,6.131433807610705,6.214257858821427,354620000
2018-07-25,6.227113723754883,6.239722867446417,6.100529031134341,6.158382360901804,319112000
2018-07-26,6.300543785095215,6.33738188386494,6.190277059823228,6.207089255285769,325124000
2018-07-27,6.230823993682861,6.3440578071903815,6.176926596026475,6.337135248919278,295420000
2018-07-30,6.035752773284912,6.2508475979762075,6.000892426333479,6.244913911866097,340340000
2018-07-31,6.0538010597229,6.128466100668753,5.986553244463329,6.025369068604396,283988000
2018-08-01,6.093607425689697,6.140335158681855,6.029820870594712,6.085201800147668,283556000
2018-08-02,6.19620943069458,6.200164907682016,5.9635610819659,6.022402810446132,269668000
2018-08-03,6.2328009605407715,6.256535712566218,6.203874762019097,6.220686485067241,214288000
2018-08-06,6.280516624450684,6.283977902639579,6.173711199442598,6.22019135556885,207508000
2018-08-07,6.352710247039795,6.3712530810900025,6.3025217055626666,6.329223065931543,258132000
2018-08-08,6.389052391052246,6.434049476976423,6.319085060697001,6.353945411950338,262100000
2018-08-09,6.3405938148498535,6.409572268552879,6.3329294898202155,6.40685276061921,204280000
2018-08-10,6.2993059158325195,6.331693856492725,6.24763384766644,6.25875945093944,256396000
2018-08-13,6.332189083099365,6.452840099767012,6.306229495103313,6.30796013430305,375208000
2018-08-14,6.46347188949585,6.477564575960837,6.354441133924282,6.437512298065447,466220000
2018-08-15,6.405371189117432,6.518110310173274,6.3267501822412875,6.484238823873163,591136000
2018-08-16,6.364823341369629,6.477562917977438,6.304745175685963,6.475090509203012,801260000
2018-08-17,6.05281400680542,6.254310885221484,6.02586507548696,6.253569115273911,1143188000
2018-08-20,6.1274800300598145,6.259997982877513,5.90200126479305,6.012268473517121,854388000
2018-08-21,6.262962341308594,6.267412488193328,6.1240160893655124,6.143794886736116,673988000
2018-08-22,6.497836112976074,6.502780930675262,6.226866610640642,6.230327888717319,749856000
2018-08-23,6.597226619720459,6.6624967225516505,6.4454240692718185,6.4592691854403865,720684000
2018-08-24,6.730238437652588,6.744825322111341,6.60118178731468,6.605631935332565,531512000
2018-08-27,6.821219444274902,6.89538981824328,6.728506241032562,6.759904840909922,505776000
2018-08-28,6.783641338348389,6.838033400094436,6.663732080296084,6.815287517358268,475384000
2018-08-29,6.88901948928833,6.914003861756425,6.755191993077533,6.775971019072187,420108000
2018-08-30,6.872199058532715,6.968921097221528,6.835340816995856,6.8578514316187205,346608000
2018-08-31,6.94319486618042,6.956058142533176,6.842267475775179,6.852162521502722,306592000
2018-09-04,7.017900466918945,7.055500412361464,6.901636043631954,6.930083591166378,391720000
2018-09-05,6.887287616729736,7.035709976392971,6.806397565182451,7.000336089978588,393156000
2018-09-06,6.746286392211914,6.873434781597428,6.7133862675594225,6.87096102061144,322796000
2018-09-07,6.725015640258789,6.850432495295929,6.609493361380104,6.65426736830075,295420000
2018-09-10,6.796009063720703,6.825693728801579,6.703740075108271,6.747524661213974,220140000
2018-09-11,6.748267650604248,6.8373207129424545,6.728972498019406,6.7497515301709266,243112000
2018-09-12,6.634476184844971,6.727982290265793,6.479127459547784,6.708439905373068,419092000
2018-09-13,6.712149620056152,6.802687007359959,6.682959900984516,6.700275756057239,305536000
2018-09-14,6.838062286376953,6.90411025548557,6.765582914854368,6.802441158943348,386936000
2018-09-17,6.776218414306641,6.861561518553643,6.756923738803119,6.812582182481235,205528000
2018-09-18,6.704234600067139,6.882836117583296,6.697555963212411,6.780177613294013,299520000
2018-09-19,6.727982044219971,6.745792842653954,6.635713058791179,6.685681810783271,224860000
2018-09-20,6.586981773376465,6.648329457651943,6.533054902174709,6.606029218937643,430584000
2018-09-21,6.516975402832031,6.64437152628743,6.4838280364211505,6.598855352257606,435128000
2018-09-24,6.572632312774658,6.576095483729649,6.398978352286372,6.486052567078255,293912000
2018-09-25,6.639669895172119,6.664654268141749,6.553090146634734,6.638680485127035,280388000
2018-09-26,6.602811336517334,6.6849384999421115,6.586979832923512,6.6446170936828155,268548000
2018-09-27,6.614686012268066,6.659212770347407,6.583270235767039,6.637938801426124,214428000
2018-09-28,6.951603889465332,6.973867266689335,6.71858107591866,6.746534150636501,709396000
2018-10-01,7.15791130065918,7.224700961294527,6.990688734959713,7.029278557813436,622060000
2018-10-02,7.086670398712158,7.242018668068073,7.064407015535053,7.1304549893842255,383964000
2018-10-03,7.0928544998168945,7.164344465562565,6.9889588699146215,7.156923180633193,320552000
2018-10-04,6.908809661865234,7.0809792874879465,6.831877246390793,7.056737088541114,391220000
2018-10-05,6.675538539886475,6.946161760422033,6.618148512444637,6.884071917439042,426636000
2018-10-08,6.574365139007568,6.707697717759695,6.433611276027734,6.59242317265542,408612000
2018-10-09,6.568676471710205,6.6483294254898,6.5008969131554855,6.553833901990986,273500000
2018-10-10,6.077644348144531,6.508563794328241,6.0754178217005625,6.462799923612774,684940000
2018-10-11,5.816423416137695,6.123904993717112,5.794902206362909,5.99057191515012,725436000
2018-10-12,6.0986714363098145,6.1728828608288815,5.9282333853283555,6.073192591043174,608236000
2018-10-15,5.822606086730957,6.085313590991073,5.821616676578489,6.085313590991073,449760000
2018-10-16,6.081109046936035,6.092240738309164,5.885933831894159,5.935160414186905,408712000
2018-10-17,6.012587070465088,6.181294020214765,5.96360772476133,6.143198659008442,329668000
2018-10-18,5.925265789031982,6.120193783319005,5.864907511074294,6.081851655057716,524020000
2018-10-19,5.6689887046813965,5.999970213076318,5.63262540611847,5.980428301828371,613608000
2018-10-22,5.719700336456299,5.821122198384283,5.617041829694844,5.721184687713873,368844000
2018-10-23,5.468372344970703,5.545799241394186,5.360765840725064,5.45278760002083,626436000
2018-10-24,4.932815074920654,5.4765354157844905,4.918962387487407,5.43002983030951,884288000
2018-10-25,5.141347408294678,5.188595159343033,4.791070768860585,4.835350289730436,951720000
2018-10-26,4.90510892868042,5.067136276704087,4.777218352825311,4.905603397827116,664784000
2018-10-29,4.591690540313721,5.049573219640273,4.353967419109413,5.046110048303205,758016000
2018-10-30,5.021620273590088,5.031515318709477,4.591690660137457,4.614696215400488,807192000
2018-10-31,5.215312480926514,5.258849837672039,5.0466055184262295,5.186122753346794,745772000
2018-11-01,5.395397663116455,5.40479776763911,5.125268865163143,5.251675099303029,566528000
2018-11-02,5.316486358642578,5.491624699134181,5.1999746995702925,5.385997495650858,452960000
2018-11-05,5.238565921783447,5.326630056469183,5.078022400266507,5.303376787925612,379332000
2018-11-06,5.221002101898193,5.314755451588281,5.183896148686008,5.230649442131772,299012000
2018-11-07,5.288532733917236,5.378080715270347,5.223969126281624,5.287543323842536,483812000
2018-11-08,5.095584869384766,5.230154096652301,5.042152470746677,5.22941192102683,511352000
2018-11-09,5.0876688957214355,5.177959070926323,4.973136517386262,5.006778825868138,413240000
2018-11-12,4.68865966796875,5.018404526043291,4.666890758660313,4.996388382167304,617116000
2018-11-13,4.930341720581055,5.051553217455858,4.780187729744398,4.78637237013519,644712000
2018-11-14,4.877899169921875,5.117601165900112,4.77004589296523,5.103253536316122,526580000
2018-11-15,5.006532669067383,5.078517590114824,4.836094091157384,4.871962934347756,840708000
2018-11-16,4.067513465881348,4.221625092561433,3.9977546126045596,4.04005532435077,1963520000
2018-11-19,3.5794506072998047,4.002948570717526,3.5777190216361867,4.002206866994581,1697820000
2018-11-20,3.6877989768981934,3.8159367939608377,3.297695827476737,3.316248565605062,1692032000
2018-11-21,3.579697847366333,3.8416631675883193,3.5524871817661805,3.8248420159858147,1025496000
2018-11-23,3.58687162399292,3.7004145730867912,3.532202822863743,3.5450660979424735,411968000
2018-11-26,3.7860047817230225,3.7963942952430196,3.625461319468034,3.707835723938029,814832000
2018-11-27,3.802826404571533,3.8839639385634186,3.7241626319850347,3.760031228719655,738060000
2018-11-28,3.9596588611602783,3.9648536180619653,3.7879837051911442,3.9203268607208215,804524000
2018-11-29,3.896517038345337,3.9990307853833524,3.8663077052187442,3.961888178171767,549172000
2018-11-30,4.046820163726807,4.057467553965689,3.855906515288309,3.906172974959146,729564000
2018-12-03,4.210495948791504,4.325390862277415,4.1436389826089135,4.273886278459166,890804000
2018-12-04,3.8903260231018066,4.170877038586875,3.8752211229519062,4.165924565853092,812112000
2018-12-06,3.9195451736450195,3.924497410513186,3.7343268862961385,3.7499267512291925,692308000
2018-12-07,3.6550886631011963,3.9339065888486973,3.6058128359465345,3.9237541617113907,681676000
2018-12-10,3.760327100753784,3.7850889964299292,3.6065562434052487,3.610270598600752,629472000
2018-12-11,3.669450283050537,3.8601159724816876,3.5904601003883942,3.8519445824182545,671912000
2018-12-12,3.6870317459106445,3.7831074053135567,3.586003613639559,3.675145999944551,654136000
2018-12-13,3.686784029006958,3.7979645890058,3.6508795452886424,3.733831576682287,471384000
2018-12-14,3.6263656616210938,3.7288794023038903,3.6028418859003852,3.6451844460507377,471820000
2018-12-17,3.5552985668182373,3.6684599180415702,3.497355914046392,3.596403238237289,662868000
2018-12-18,3.6384987831115723,3.722441218861957,3.571889530987454,3.599127424706862,564372000
2018-12-19,3.4297568798065186,3.658308377154698,3.378252290415726,3.6048227511923643,745364000
2018-12-20,3.3453190326690674,3.511223101443563,3.2856430548572284,3.4213377937059306,749588000
2018-12-21,3.208385705947876,3.4047467940180467,3.1809000985336753,3.3718135142772416,863740000
2018-12-24,3.1467292308807373,3.2185384332547193,3.0828437015886583,3.132119766766623,463840000
2018-12-26,3.295795440673828,3.2967858408120705,3.081853425117454,3.19278626959552,695100000
2018-12-27,3.2480056285858154,3.2779674822041622,3.099682433294884,3.2435485909181923,637044000
2018-12-28,3.3094141483306885,3.4020234061374777,3.2267098361325357,3.268557192282664,628728000
2018-12-31,3.3057005405426025,3.385185710467524,3.274995771165083,3.3527478587170454,465140000
2019-01-02,3.373051881790161,3.4290135007628106,3.220271688741212,3.234881152570605,508752000
2019-01-03,3.1692633628845215,3.346805506278135,3.161834887520133,3.312881812713229,705552000
2019-01-04,3.372309923171997,3.4104429320170873,3.211605786577287,3.242310320941079,585620000
2019-01-07,3.55084228515625,3.587737410041579,3.378252408279678,3.4295095174791683,709160000
2019-01-08,3.462441921234131,3.6345365657870636,3.389889803420566,3.63230781142824,786016000
2019-01-09,3.5305378437042236,3.5778328820402443,3.463185664388815,3.513699621765161,617260000
2019-01-10,3.596156358718872,3.6048229514252688,3.450804610950893,3.511223514049248,523156000
2019-01-11,3.685298442840576,3.7080792986049738,3.546137071809889,3.5738701643159874,874764000
2019-01-14,3.7251648902893066,3.750421983358888,3.609527289244213,3.6330510639730837,730168000
2019-01-15,3.711050510406494,3.7972214553578696,3.6927266924338165,3.7578501011768437,617012000
2019-01-16,3.6855459213256836,3.771221671354495,3.6800984845296334,3.7382886240345203,470104000
2019-01-17,3.75685977935791,3.7967263343986897,3.6253746048394815,3.6526127323510096,493436000
2019-01-18,3.885868549346924,3.9118685575601817,3.7551262986202842,3.8066308788815384,651336000
2019-01-22,3.6838128566741943,3.8672978334715524,3.6536035256723487,3.8556598047693034,661552000
2019-01-23,3.6966888904571533,3.827678875022303,3.6654891602247064,3.739031685104363,591020000
2019-01-24,3.908402442932129,3.925983108591916,3.7764220564709214,3.7811268114937553,708972000
2019-01-25,3.965601921081543,3.9836780228449444,3.7464601814829033,3.8489739187978556,1154572000
2019-01-28,3.4173758029937744,3.507261112893083,3.2437957746546737,3.3812235989990995,2511528000
2019-01-29,3.258652448654175,3.419604270903445,3.2440429846402754,3.371318606155215,1153932000
2019-01-30,3.4020233154296875,3.4163850611148643,3.255185759523989,3.3346711511975444,974228000
2019-01-31,3.5595083236694336,3.59516532462294,3.37701376428753,3.3988042193554775,842852000
2019-02-01,3.583775043487549,3.634784430377582,3.5305373742978947,3.5780798883137495,625048000
2019-02-04,3.693965435028076,3.7311080411348154,3.5775849071350003,3.599622847127747,528592000
2019-02-05,3.713031768798828,3.7496791731204335,3.672174809486618,3.7058507771176155,542424000
2019-02-06,3.788555145263672,3.852935876807486,3.740764914745462,3.746212351620541,702464000
2019-02-07,3.650383949279785,3.74447880436431,3.6075461943366216,3.7422502861292273,637120000
2019-02-08,3.6689555644989014,3.6796029558674137,3.5689178345378014,3.5832795804759408,461604000
2019-02-11,3.6263656616210938,3.6791081322542047,3.578079991863121,3.624879825182458,495180000
2019-02-12,3.74324107170105,3.758841173246999,3.6503843252168604,3.664746308472057,591060000
2019-02-13,3.785583734512329,3.8586310580795686,3.7590885235415303,3.7727075881158356,605372000
2019-02-14,3.8264412879943848,3.8546698216782733,3.7415082049428467,3.784593923762189,827264000
2019-02-15,3.896021842956543,4.057716138051119,3.8732409840151694,4.034935515256683,1516748000
2019-02-19,3.878687620162964,3.9591636461695914,3.866306911066765,3.8853734108841738,551892000
2019-02-20,3.92598295211792,3.9930874019007936,3.8967642591234353,3.907906850947188,540988000
2019-02-21,3.857145309448242,3.9631256834479633,3.8425358444025264,3.938611744491741,448548000
2019-02-22,3.941831588745117,3.9606506131175365,3.89527946415816,3.9088985322403533,401740000
2019-02-25,3.9294497966766357,4.092629906107369,3.920782969091811,4.025277974848738,656020000
2019-02-26,3.890078544616699,3.980706770363881,3.856650060045319,3.924745147447787,488464000
2019-02-27,3.8482308387756348,3.9022114203693636,3.791278584709584,3.875716447675701,500256000
2019-02-28,3.8236913681030273,3.8643426940138186,3.8013829817409506,3.8420340712614696,324944000
2019-03-01,3.877976417541504,3.920114645041173,3.8152644321867233,3.8735145504391952,357188000
2019-03-04,3.886155605316162,3.9392004003948013,3.829640364654736,3.916396067248157,409992000
2019-03-05,3.8797109127044678,3.917883213973388,3.816255253406574,3.8705394428962467,362924000
2019-03-06,3.7689108848571777,3.8792143509536334,3.766184359881702,3.870786802670238,403524000
2019-03-07,3.6997547149658203,3.755030560397522,3.6536503391344715,3.74536338040612,450104000
2019-03-08,3.7339611053466797,3.7446197054725094,3.5892030423944234,3.610520242646083,422416000
2019-03-11,3.994227886199951,4.017031980745326,3.710413025385301,3.757509054703572,859728000
2019-03-12,4.028435230255127,4.074787111462643,3.9458931773160653,4.021990285337991,579576000
2019-03-13,4.179637432098389,4.208886474846685,4.058427367884118,4.065863733470836,768900000
2019-03-14,4.10378885269165,4.200707464275836,4.096104749050729,4.188809466845982,519384000
2019-03-15,4.209135055541992,4.251768992766471,4.143448335689288,4.146918545379427,661484000
2019-03-18,4.187816619873047,4.294402140783058,4.16079816141345,4.240613433612085,486992000
2019-03-19,4.355380058288574,4.39974957567434,4.265402338243507,4.282257440795719,854972000
2019-03-20,4.322909355163574,4.437674500448435,4.2882067807375135,4.384381717046923,719148000
2019-03-21,4.5593791007995605,4.585653881326078,4.341003170959589,4.345960748082415,824312000
2019-03-22,4.3997483253479,4.5806956077962955,4.3858674897387635,4.532112683164318,747644000
2019-03-25,4.307540416717529,4.423296963469352,4.2413582249487405,4.3590980863019135,525212000
2019-03-26,4.384133815765381,4.505095692844781,4.327866298455655,4.449076385380852,703508000
2019-03-27,4.374960899353027,4.45601533427444,4.305556721575917,4.4096634610220855,474372000
2019-03-28,4.393552780151367,4.45923903008485,4.340507738765139,4.400988673936663,480264000
2019-03-29,4.45081090927124,4.47510284912212,4.409912078172584,4.460230117103884,456896000
2019-04-01,4.518233299255371,4.548473768374413,4.470889517113949,4.542524769376166,483824000
2019-04-02,4.536078453063965,4.580447958692014,4.499393521901843,4.542275660034518,440920000
2019-04-03,4.675383567810059,4.734377597306607,4.580696025319537,4.585653602140534,783504000
2019-04-04,4.666459560394287,4.70884574803014,4.603747594715975,4.660014617003079,457376000
2019-04-05,4.733139991760254,4.750491518057502,4.673154988571893,4.709592200956541,481744000
2019-04-08,4.753960609436035,4.778995762583968,4.678606940157051,4.70265067230615,424192000
2019-04-09,4.691247940063477,4.73165129477477,4.649109480661156,4.720496982792374,439972000
2019-04-10,4.76164436340332,4.78742320116161,4.686043427897053,4.690505058897401,444772000
2019-04-11,4.747762680053711,4.795602400034655,4.698436065190567,4.764122306002446,374600000
2019-04-12,4.709838390350342,4.79039736695356,4.701162866442991,4.786431210547088,471708000
2019-04-15,4.57821798324585,4.707112164920692,4.538558307773687,4.702154587291515,440092000
2019-04-16,4.665221691131592,4.684060108921409,4.584663177793732,4.617382435474857,394964000
2019-04-17,4.642416477203369,4.720992129672078,4.62010785478453,4.700170874822639,351004000
2019-04-18,4.617877006530762,4.683067772083667,4.590115332177181,4.649109362959098,380988000
2019-04-22,4.671665668487549,4.687281610127979,4.562849551023288,4.59432917131352,279936000
2019-04-23,4.726197242736816,4.757429596465563,4.675135528567097,4.684802471796713,346856000
2019-04-24,4.7385945320129395,4.779245647921712,4.675882516036303,4.736611216343129,318204000
2019-04-25,4.632997989654541,4.7207451253797705,4.553430904050099,4.698436499498399,499296000
2019-04-26,4.414373874664307,4.483778541684182,4.295642587770011,4.479316438242559,868988000
2019-04-29,4.445109844207764,4.472871519131866,4.350174087910344,4.422305273533989,391920000
2019-04-30,4.486505508422852,4.512036136906894,4.393800785257262,4.412886940548845,362920000
2019-05-01,4.4733686447143555,4.580945636173187,4.473120434851008,4.538807165867905,354280000
2019-05-02,4.540790557861328,4.582433086262427,4.439906237665273,4.483036134303768,394684000
2019-05-03,4.536327838897705,4.559131940096443,4.474855009477279,4.549217257378055,336824000
2019-05-06,4.457998275756836,4.470144005852346,4.312992252718154,4.350173126673046,422176000
2019-05-07,4.290933609008789,4.409664906665212,4.2428461427667425,4.409664906665212,555220000
2019-05-08,4.31101131439209,4.391074357246538,4.251521795248729,4.263419793633536,419168000
2019-05-09,4.21855354309082,4.251768743017239,4.099822736698089,4.242101798416919,660248000
2019-05-10,4.184595108032227,4.253256086285527,4.06512014568711,4.187817580474004,569500000
2019-05-13,3.927551031112671,4.07577933938644,3.911687113715555,4.052727029014775,656912000
2019-05-14,4.016537189483643,4.051735230769413,3.9285420862692155,3.9672101006105938,524880000
2019-05-15,3.9555602073669434,3.9919974055631218,3.901771726020397,3.9610132584113797,502320000
2019-05-16,3.9706802368164062,4.013314643034374,3.9077207575150528,3.9501069539339073,781088000
2019-05-17,3.8799591064453125,4.057932163280862,3.8405474063361402,3.9287902508678076,1022068000
2019-05-20,3.7614755630493164,3.836333274940559,3.7366881504321063,3.78130539858697,572064000
2019-05-21,3.8435215950012207,3.8593855113872992,3.7835363753950677,3.8222046272629533,361848000
2019-05-22,3.772629737854004,3.8308798480781565,3.761723163231834,3.804853278528092,325868000
2019-05-23,3.651668071746826,3.7104138991528792,3.591930587012482,3.7104138991528792,591844000
2019-05-24,3.59787917137146,3.705703868653798,3.591186489834491,3.6705058291125585,357584000
2019-05-28,3.5527665615081787,3.6481977986441865,3.550783483276379,3.615478544356447,428356000
2019-05-29,3.478652000427246,3.540124343200313,3.4439496731796475,3.5051742789553133,559800000
2019-05-30,3.4521002769470215,3.517613485625066,3.41388415966478,3.4818789866497557,394300000
2019-05-31,3.3615224361419678,3.470462996970709,3.3597853510032443,3.403212716131436,389720000
2019-06-03,3.3198325634002686,3.4114020408869172,3.2905501343227805,3.3726896529546333,478644000
2019-06-04,3.5486326217651367,3.553843877651576,3.3617709959566513,3.383856828522054,641836000
2019-06-05,3.5059497356414795,3.6277944343818405,3.469718964759109,3.6223349221050043,511616000
2019-06-06,3.5679891109466553,3.5925565635788814,3.5076871602439055,3.510168778488003,408140000
2019-06-07,3.610671281814575,3.6449167079298492,3.5548360649678163,3.5739442379149793,348856000
2019-06-10,3.6833813190460205,3.7518724125005205,3.666754762775281,3.666754762775281,402780000
2019-06-11,3.740952730178833,3.7809059201648365,3.701496053023524,3.74318609127667,383872000
2019-06-12,3.628042221069336,3.7037299087080866,3.612904730873607,3.6975258640966544,358892000
2019-06-13,3.6791625022888184,3.6975259065653265,3.632508985583392,3.650128093826062,308080000
2019-06-14,3.589329719543457,3.6104229972255584,3.544661783074375,3.5861038057770656,394428000
2019-06-17,3.5990073680877686,3.6359826623258673,3.564761710965751,3.58759207016041,276040000
2019-06-18,3.7938108444213867,3.8491495539651006,3.6493840353792044,3.6603028234074393,581920000
2019-06-19,3.7997665405273438,3.840464034000002,3.773710025118292,3.8290489699747865,331644000
2019-06-20,3.8240857124328613,3.9042401265985758,3.809692754251881,3.8903434446776135,350168000
2019-06-21,3.766017198562622,3.858331447746775,3.759565133744916,3.809196547210423,434428000
2019-06-24,3.788351058959961,3.8178817434588725,3.7402087138632987,3.7873585064817115,282948000
2019-06-25,3.759068489074707,3.8682573040058146,3.756338851532463,3.793314151543314,311868000
2019-06-26,3.952134132385254,4.013180844258709,3.873468785349139,3.886372914472934,584072000
2019-06-27,4.050652027130127,4.0697599636115775,4.001765150254064,4.037747898512495,445440000
2019-06-28,4.075468063354492,4.103757940700078,4.028814780708891,4.09457600138995,397668000
2019-07-01,4.123610496520996,4.31667593257907,4.086138679092422,4.282430265963869,709756000
2019-07-02,4.0258355140686035,4.1280759700225715,4.012683368306694,4.10698245953639,400228000
2019-07-03,4.0387396812438965,4.0548699572717775,3.9789342653880677,4.049162190065574,246636000
2019-07-05,3.9762048721313477,3.9848902966819946,3.912924809467903,3.980423574530253,396552000
2019-07-08,3.901262044906616,3.935507708463473,3.8712353210074615,3.9166477915283986,329788000
2019-07-09,3.9037435054779053,3.9317851233026713,3.8464194609578852,3.8590753327807126,342860000
2019-07-10,3.9719862937927246,4.029310097617436,3.9332739117349313,3.9471705914500133,452076000
2019-07-11,4.126338481903076,4.1670359605264995,4.0077197419449915,4.044943051336172,682560000
2019-07-12,4.1593427658081055,4.230315683153101,4.154131512365433,4.154131512365433,506392000
2019-07-15,4.150908470153809,4.1965692135382975,4.122619057901125,4.180439401753614,289840000
2019-07-16,4.14619255065918,4.173241382538583,4.090605348098259,4.136018058733451,341444000
2019-07-17,4.2114577293396,4.218406070489946,4.1186472030368435,4.147929633119086,348204000
2019-07-18,4.223120212554932,4.285903767102195,4.165299893357531,4.221879640377553,442192000
2019-07-19,4.1799421310424805,4.267789430326389,4.1739863418265974,4.2613376014460185,344896000
2019-07-22,4.251410961151123,4.264315091724775,4.193838649874808,4.201283504432008,315940000
2019-07-23,4.359110355377197,4.361095460427464,4.274985257379087,4.290619497940688,428176000
2019-07-24,4.43355655670166,4.439264324799109,4.326353321613568,4.402289025354331,366236000
2019-07-25,4.302530765533447,4.404771252642297,4.279204123683019,4.392115142493998,392700000
2019-07-26,4.3444695472717285,4.39112283356102,4.3295803113607425,4.3295803113607425,274160000
2019-07-29,4.3382649421691895,4.35439522088235,4.250169641994567,4.337272389733334,248160000
2019-07-30,4.35390043258667,4.366060033052647,4.277468184908724,4.291861384230246,197772000
2019-07-31,4.186889171600342,4.32337529483997,4.144702620536477,4.322382269179052,359416000
2019-08-01,4.09259033203125,4.287640842295191,4.040477307617723,4.197311947079872,421212000
2019-08-02,4.000028610229492,4.069264478587115,3.952631028904131,4.000028610229492,428348000
2019-08-05,3.74194598197937,3.817881688657887,3.6950444464837853,3.8166408797478337,589156000
2019-08-06,3.780658483505249,3.862053709637955,3.7330126475534997,3.8166412352682992,361272000
2019-08-07,3.8188743591308594,3.8307859357073792,3.7024891776964988,3.7198600296538333,372560000
2019-08-08,3.927319288253784,3.9285600974046897,3.819123238892397,3.8764472963674,309300000
2019-08-09,3.826070785522461,3.8898468953295846,3.775695080435501,3.8863727250932496,341816000
2019-08-12,3.758324384689331,3.8260709437598064,3.7364865732577073,3.773958151399416,279200000
2019-08-13,3.8724756240844727,3.9183846043104595,3.717874582569377,3.7568349859916856,351956000
2019-08-14,3.72407865524292,3.7955476398944517,3.680403269804808,3.7843805962513932,419880000
2019-08-15,3.6918184757232666,3.7627911868770045,3.657573047446917,3.7429387166698227,477200000
2019-08-16,3.9595789909362793,4.0087136529243805,3.8930730035786243,3.954367735321479,1007960000
2019-08-19,4.238009452819824,4.2538917113035914,4.056607602337402,4.072737880593051,815112000
2019-08-20,4.165796279907227,4.233046554902165,4.144702766969983,4.2325500420541635,463188000
2019-08-21,4.249176502227783,4.304267184161182,4.21021609857475,4.231805651765932,427244000
2019-08-22,4.255380630493164,4.301289372684599,4.216171735153766,4.258854800460947,303488000
2019-08-23,4.03104829788208,4.233295688950268,4.011195825179209,4.17894952717665,568056000
2019-08-26,4.105742454528809,4.133784308031125,4.0675265839612145,4.109713137439281,318208000
2019-08-27,4.015165328979492,4.146687744486093,3.9858829048499236,4.1439581072062435,290968000
2019-08-28,4.004732608795166,4.057393748788544,3.9495873946582023,3.988835102822662,255612000
2019-08-29,4.148308753967285,4.180600767858281,4.092666539618465,4.096144148403475,357976000
2019-08-30,4.160978317260742,4.244193164669285,4.142844997659137,4.194512616324888,290616000
2019-09-03,4.078011989593506,4.121233846385008,4.055159260760922,4.088196553572964,296140000
2019-09-04,4.192028045654297,4.19948026916108,4.138621628327595,4.138621628327595,227728000
2019-09-05,4.464773654937744,4.470983604443548,4.292382765536366,4.294121570349542,695676000
2019-09-06,4.437696933746338,4.498306828145142,4.399691498658127,4.4414228081546065,376976000
2019-09-09,4.483651638031006,4.57009581931913,4.4672571254435836,4.468747664893921,417524000
2019-09-10,4.550223350524902,4.5768019505612365,4.441174715633058,4.4508622737446295,352812000
2019-09-11,4.578789234161377,4.626979230477164,4.535815651439235,4.564878797911657,361512000
2019-09-12,4.57729959487915,4.679889556180352,4.5693508402862735,4.625241335341929,327840000
2019-09-13,4.519423007965088,4.547740896509325,4.475704137557027,4.510728981717589,324592000
2019-09-16,4.4764485359191895,4.5109763688048865,4.433971948267542,4.4444047777332525,231832000
2019-09-17,4.497809886932373,4.502032765310931,4.436702993756735,4.4831541821322025,223048000
2019-09-18,4.470733642578125,4.506503737913489,4.384289956200634,4.49085449887501,258152000
2019-09-19,4.395222187042236,4.495079832156579,4.3845406161425435,4.476697770157631,245476000
2019-09-20,4.289649963378906,4.4178254630479215,4.279465873580673,4.394227465347032,350244000
2019-09-23,4.343055725097656,4.388513382593779,4.286171705354058,4.289898053534859,249712000
2019-09-24,4.285675048828125,4.4039142288683895,4.250153689139878,4.374354552305497,317268000
2019-09-25,4.427265644073486,4.44688950543107,4.240467273805071,4.28517967738888,308432000
2019-09-26,4.40515661239624,4.426271008300639,4.354234270706374,4.4175769846308155,234564000
2019-09-27,4.2665486335754395,4.414099239922448,4.205938261262975,4.363425165093212,362056000
2019-09-30,4.3239288330078125,4.334113394955263,4.261083130573894,4.292382086045168,186184000
2019-10-01,4.322192192077637,4.496073680488891,4.317472780450276,4.34703247239195,366008000
2019-10-02,4.298343658447266,4.312254094391925,4.226058665558821,4.3003307282140195,293372000
2019-10-03,4.503772735595703,4.509982685246314,4.272510742473027,4.302815694750589,450588000
2019-10-04,4.520168304443359,4.549479728475312,4.440928058646057,4.506009123193644,265524000
2019-10-07,4.578789234161377,4.678398096787563,4.576305160004113,4.584999182660187,480984000
2019-10-08,4.402424335479736,4.487129238036931,4.38429101816831,4.487129238036931,444436000
2019-10-09,4.488868236541748,4.538300515433616,4.450366264875093,4.4791806772945035,292412000
2019-10-10,4.546498775482178,4.597421133988705,4.481417709120079,4.486634125044649,309124000
2019-10-11,4.620023727416992,4.703238074504034,4.6115779705609174,4.6304565539608475,446404000
2019-10-14,4.633437633514404,4.6543032887412705,4.580279486712769,4.611329704263812,200040000
2019-10-15,4.877865791320801,4.950399543155537,4.7096977661499775,4.723608679696773,664124000
2019-10-16,4.824210166931152,4.948659778379216,4.812783804173107,4.843834022264547,428944000
2019-10-17,4.826198577880859,4.913635829593668,4.7717981463333325,4.868675166363097,263436000
2019-10-18,4.731805801391602,4.859236045172796,4.6575337167856095,4.826695280734293,307440000
2019-10-21,4.868922233581543,4.882336139163956,4.7742810462507475,4.793159630661487,261868000
2019-10-22,4.858987331390381,5.030881219658988,4.8512868422431765,4.925807185318741,328720000
2019-10-23,4.846068859100342,4.860227558613543,4.745217736858359,4.77701321824075,279916000
2019-10-24,4.8900370597839355,4.92357087913144,4.853273422604732,4.887304246339131,232020000
2019-10-25,5.080810070037842,5.101675728362133,4.962819131070851,4.970519620279404,423092000
2019-10-28,5.136699676513672,5.189112078588046,5.095216158575196,5.124527570807019,330792000
2019-10-29,5.040567398071289,5.12924689473732,5.02119228474358,5.12278820776898,211236000
2019-10-30,5.0425543785095215,5.073108060863363,4.9744922702329255,5.067394643553088,205960000
2019-10-31,4.993372440338135,5.042555981770884,4.913635680625914,5.021690323064044,209732000
2019-11-01,5.032371520996094,5.064663541790093,4.933010436546448,4.958098972971242,283640000
2019-11-04,5.228857517242432,5.241277891080467,5.090249651247196,5.1133506463871905,376716000
2019-11-05,5.206748008728027,5.254689258893449,5.158806284773975,5.228607194778429,300868000
2019-11-06,5.157566070556641,5.208239675335266,5.070128351893522,5.182654607627181,269012000
2019-11-07,5.1752028465271,5.258665958605948,5.130490448135259,5.244010249079237,280340000
2019-11-08,5.161291599273682,5.192838822826329,5.120802086957309,5.158310994282021,189100000
2019-11-11,5.171228885650635,5.194329881672355,5.074351861171593,5.1605473163633455,243436000
2019-11-12,5.206748008728027,5.2626384845378045,5.174455523242987,5.209480347760748,283504000
2019-11-13,5.180914878845215,5.203022332992698,5.11459156882538,5.175449726285449,300188000
2019-11-14,5.211221218109131,5.213457027543398,5.129993915496387,5.1898585540740285,518080000
2019-11-15,5.072115898132324,5.260652561120242,4.983932909683737,5.208984947465319,1053628000
2019-11-18,5.273071765899658,5.299650362796563,5.061681948100534,5.064662552633288,574588000
2019-11-19,5.166507244110107,5.265619570604348,5.108381428222747,5.242021578120452,414564000
2019-11-20,5.245748519897461,5.329459888793397,5.130986930145402,5.143655568076796,472588000
2019-11-21,5.220908164978027,5.296919043773521,5.199297238139873,5.241277291468851,288388000
2019-11-22,5.238543510437012,5.289962369352295,5.214945046231308,5.2435111842483835,224100000
2019-11-25,5.494894981384277,5.499863129910593,5.3535543301950135,5.366471232090203,506476000
2019-11-26,5.390318870544434,5.481978999429625,5.383860181618634,5.4772591154009564,385244000
2019-11-27,5.425118923187256,5.470112747755643,5.3987691633811155,5.435808370317738,215784000
2019-11-29,5.387831211090088,5.422632959199153,5.363966884307725,5.394294663817918,141556000
2019-12-02,5.201640605926514,5.394294348036424,5.18647719119734,5.380870546472608,372036000
2019-12-03,5.162118434906006,5.1660955082779365,4.980899872055244,5.018187542678605,465232000
2019-12-04,5.205867290496826,5.268013544804459,5.177280070411911,5.245640855322648,273424000
2019-12-05,5.18896484375,5.243404939480599,5.158388607295451,5.227744148479269,184884000
2019-12-06,5.274228096008301,5.307041784962979,5.248126782890336,5.258070411204777,232236000
2019-12-09,5.274228096008301,5.328917103461136,5.242658071800371,5.251358509506359,211880000
2019-12-10,5.3192219734191895,5.370927698597635,5.2516065390344675,5.304306532137383,256388000
2019-12-11,5.402745246887207,5.408214430745989,5.327175682000833,5.3296615884569745,233796000
2019-12-12,5.57004451751709,5.588191212847948,5.364962157672717,5.373911044033196,404348000
2019-12-13,5.568055629730225,5.692099685136238,5.514112444088463,5.573027443677887,454704000
2019-12-16,5.5968918800354,5.669230215850863,5.587445622206423,5.615535947211582,320976000
2019-12-17,5.674948692321777,5.697569835117651,5.606090521582747,5.615536780813981,321196000
2019-12-18,5.705275535583496,5.765681710318968,5.70129798892131,5.709749979241984,343548000
2019-12-19,5.853183269500732,5.866607074155543,5.734856831472361,5.739828646095502,445360000
2019-12-20,5.950380802154541,5.9757363006490145,5.900415150709161,5.919556117371874,603044000
2019-12-23,5.936707973480225,6.0110348480351705,5.926018998728903,5.978967449642864,355060000
2019-12-24,5.931737422943115,5.948889855209329,5.886992029924898,5.921296894457324,138864000
2019-12-26,5.945907115936279,5.973996974085375,5.916325144094739,5.935217664650557,182852000
2019-12-27,5.888233661651611,5.974492697227238,5.861883424733075,5.961068893221164,254644000
2019-12-30,5.77512788772583,5.871579007150527,5.743806308417609,5.86635874393249,258056000
2019-12-31,5.84920597076416,5.858652228527245,5.720687459973178,5.73982842397939,231004000
2020-01-02,5.963803291320801,5.963803291320801,5.884505079799994,5.934967621143992,237536000
2020-01-03,5.868346214294434,5.91209732246454,5.81937484385445,5.844233438817881,205384000
2020-01-06,5.892956256866455,5.898176519464269,5.74902588859055,5.775127201579622,262636000
2020-01-07,5.964300632476807,6.010040281790685,5.876301509096684,5.921295338837738,314856000
2020-01-08,5.9754862785339355,6.016751479720285,5.920051929536978,5.960073940201328,277108000
2020-01-09,6.041114807128906,6.113453158617896,5.987420526855702,6.061747414906389,255112000
2020-01-10,6.073428630828857,6.178580171148254,6.059259482818248,6.148252865091414,316296000
2020-01-13,6.263845443725586,6.288952489506994,6.133835297475145,6.156456910250187,319840000
2020-01-14,6.147010803222656,6.246444720752033,6.133835447619546,6.221088751738677,359088000
2020-01-15,6.104503154754639,6.182061762177155,6.0786502856138,6.15968906872303,263104000
2020-01-16,6.188027858734131,6.1939939419440035,6.134582032493706,6.157948994174717,284192000
2020-01-17,6.196728229522705,6.214626478954624,6.149248487016599,6.207168756490065,253792000
2020-01-21,6.163417816162109,6.196976854432715,6.129361406762414,6.160186089168899,217916000
2020-01-22,6.21735954284668,6.303867019248585,6.189766591842113,6.208659105515355,239240000
2020-01-23,6.2857208251953125,6.294172814743435,6.168637584590366,6.257382526569026,244516000
2020-01-24,6.226556777954102,6.450780540279087,6.172365148895312,6.401063353701839,373512000
2020-01-27,5.97101354598999,6.0219734668079825,5.772891023514302,5.922290610131101,470536000
2020-01-28,6.1641621589660645,6.196477998740835,5.9836890255119775,6.036886387353751,310976000
2020-01-29,6.103756427764893,6.18578946048405,6.0639823907408665,6.149744520950623,258848000
2020-01-30,6.110469341278076,6.123893147232895,5.951126602523341,6.006063594772812,290504000
2020-01-31,5.877295970916748,6.076661182932319,5.835533866568299,6.064729017650381,370420000
2020-02-03,5.974244117736816,5.993633529611149,5.852934409802068,5.859148940575211,255564000
2020-02-04,6.14328145980835,6.162422897112003,6.065971787601257,6.115937429917117,271544000
2020-02-05,6.233518600463867,6.2742864375752365,6.15024236438546,6.264094359762809,208220000
2020-02-06,6.320274829864502,6.320274829864502,6.1867849664456935,6.26782374742976,218284000
2020-02-07,6.254150390625,6.302375943450668,6.228794423639679,6.280251702987878,189752000
2020-02-10,6.537042617797852,6.537787963444863,6.271801981367196,6.2767737971779916,529608000
2020-02-11,6.6593427658081055,6.773940548948174,6.5832758243701575,6.645173619516021,638556000
2020-02-12,6.774937152862549,6.781400607181102,6.673265764706395,6.712045068202593,374644000
2020-02-13,6.7311859130859375,6.798303991866709,6.689672254333135,6.717016762163457,528016000
2020-02-14,7.203746795654297,7.332513775197744,7.109533125809277,7.1408547082051,1041924000
2020-02-18,7.372287273406982,7.39068289468149,7.081194275806796,7.100583691147785,620164000
2020-02-19,7.822970390319824,7.840620188422673,7.494589792085745,7.494589792085745,694332000
2020-02-20,7.673819541931152,7.863241105185788,7.366816899872005,7.7749935395709695,810052000
2020-02-21,7.310141086578369,7.586816487039171,7.225373675917475,7.561709436571416,768180000
2020-02-24,6.793332099914551,7.006866948451461,6.662079222439039,6.716519314840207,856916000
2020-02-25,6.514172077178955,6.9303034527702,6.412500679671574,6.868405630588113,1055496000
2020-02-26,6.653378963470459,6.847275480502582,6.51292874628162,6.514419911465364,747732000
2020-02-27,6.283013820648193,6.6411905100878075,6.190733538467209,6.340222462355224,906416000
2020-02-28,6.717551231384277,6.77699866718428,6.014132526651322,6.030797544626237,1133252000
2020-03-02,6.8757452964782715,6.904598685338675,6.491949395482949,6.887436000024887,890744000
2020-03-03,6.61358118057251,6.991158887369875,6.528265410526086,6.931462850373076,652792000
2020-03-04,7.076722621917725,7.086174529178954,6.646164359026675,6.720784754418788,597408000
2020-03-05,6.797644138336182,7.044139068065729,6.753120588691652,6.877487452109259,540328000
2020-03-06,6.617311954498291,6.675764530909443,6.417329829721976,6.618306817272901,515412000
2020-03-09,6.104921340942383,6.452153634610945,5.924340679442209,5.96712263032955,614160000
2020-03-10,6.4939398765563965,6.4939398765563965,6.118600976007037,6.381014650643406,580648000
2020-03-11,6.1305413246154785,6.382508765551171,6.033535302098226,6.354153034889596,499964000
2020-03-12,5.380360126495361,5.873101457756061,5.36767455663343,5.607951271671891,816540000
2020-03-13,5.990503311157227,5.99498043118963,5.4624417815793365,5.733312524970292,634836000
2020-03-16,4.885130405426025,5.62386990228448,4.825434365934162,5.283353073561972,726972000
2020-03-17,5.404237747192383,5.493533447583742,4.7508144907275,4.997309431523579,833632000
2020-03-18,5.044817924499512,5.22191633177499,4.494121689883863,4.977162502437145,874268000
2020-03-19,5.2972822189331055,5.390805960383329,4.810261552941919,5.023425962403423,765512000
2020-03-20,5.117696285247803,5.728834719934263,5.102274726874198,5.447268167132194,804636000
2020-03-23,5.290317058563232,5.384587537043199,4.937861436737908,5.1167009402216665,643876000
2020-03-24,6.197947025299072,6.284506733213007,5.672372901435857,5.696002435464178,1101644000
2020-03-25,6.109396934509277,6.512345244813488,6.060644869608553,6.312860814948152,793432000
2020-03-26,6.398425579071045,6.522294753716267,6.218342158638994,6.316343007132028,696108000
2020-03-27,6.286247730255127,6.544681965395406,6.18551039891607,6.2183432436518,638828000
2020-03-30,6.606118202209473,6.6153215121157185,6.307637578761108,6.351663454114976,602252000
2020-03-31,6.5566205978393555,6.850126444851135,6.411111134109462,6.646164408789707,949960000
2020-04-01,6.0459699630737305,6.5051325489684855,6.0014468918111765,6.358877293798993,656912000
2020-04-02,6.354401111602783,6.36758387464943,6.027067511719613,6.075072846746822,675764000
2020-04-03,6.066864967346191,6.358380662536107,5.929563928559885,6.316842172617156,663212000
2020-04-06,6.67601203918457,6.712824802372779,6.291220814361921,6.348678518627495,727884000
2020-04-07,6.4429497718811035,6.921016220631699,6.399918753132553,6.897386212673465,784520000
2020-04-08,6.639947891235352,6.664821363033569,6.482001890901985,6.551896114188191,542444000
2020-04-09,6.5404534339904785,6.7884408976976,6.477523735926655,6.76555762990454,525564000
2020-04-13,6.712080001831055,6.720785644616619,6.392457189784047,6.480757551993029,398408000
2020-04-14,7.062793731689453,7.0968700332485595,6.812567493136743,6.840176949824809,530948000
2020-04-15,6.985438346862793,7.068266728820845,6.849629840850387,6.894899184713868,366148000
2020-04-16,7.33018159866333,7.437137160178758,7.127463984966919,7.140646745154944,745620000
2020-04-17,7.270984172821045,7.433655858312724,7.137165405215727,7.41226464837836,539120000
2020-04-20,7.139902591705322,7.300335981438054,7.09562810748743,7.144628783659917,449388000
2020-04-21,6.703621864318848,7.08318925121462,6.643925834474063,7.0220011645795735,735160000
2020-04-22,7.117514610290527,7.160297025870888,6.850126173389824,6.895644105484593,483356000
2020-04-23,7.0642852783203125,7.291379163219766,7.039163217450033,7.159550611520218,424160000
2020-04-24,7.2030792236328125,7.205068949035195,6.979467582590378,7.054087978242391,352328000
2020-04-27,7.389380931854248,7.549068019332365,7.312770810511695,7.33739567875183,479388000
2020-04-28,7.247105121612549,7.566479296297554,7.241633139529117,7.53663104306545,442904000
2020-04-29,7.423707485198975,7.476439012322255,7.306553724860844,7.381671326882136,379160000
2020-04-30,7.269988536834717,7.423705966666164,7.256059510755734,7.369730516188236,375916000
2020-05-01,7.033693790435791,7.185918742126436,6.9854393764586575,7.0727448913648825,342096000
2020-05-04,7.245364665985107,7.259045096885763,6.986432764934915,6.986432764934915,317556000
2020-05-05,7.306304931640625,7.468728031635748,7.245364957293524,7.349335951665621,368896000
2020-05-06,7.407042026519775,7.5117592899465135,7.347843653286045,7.385651288802493,323464000
2020-05-07,7.5831451416015625,7.646323437213887,7.494844780887304,7.546083773903831,373732000
2020-05-08,7.772929668426514,7.779147917276859,7.620953332367935,7.654781042582035,339216000
2020-05-11,8.024649620056152,8.071411503262857,7.739351653989757,7.7679559822995365,469060000
2020-05-12,7.762979030609131,8.131104815572956,7.753278525773543,8.082353219891191,493060000
2020-05-13,7.740592956542969,8.037580580792781,7.556281003894796,7.877396301841328,625852000
2020-05-14,7.989824295043945,7.995296277020211,7.6485612498649145,7.80203008648483,602312000
2020-05-15,8.447741508483887,8.457441536624478,7.834115337224185,7.849785489306927,987660000
2020-05-18,8.705928802490234,8.871336954115424,8.636532261563676,8.716126976105572,774460000
2020-05-19,8.760899543762207,9.041470783714418,8.71836571880114,8.74572658115145,717320000
2020-05-20,8.924564361572266,8.997194547800392,8.843725728905925,8.945457898801426,587536000
2020-05-21,8.730806350708008,9.006651499921858,8.693247300544169,9.005657111164489,761068000
2020-05-22,8.980528831481934,9.046941243580594,8.669114557191229,8.780546752937473,1038764000
2020-05-26,8.673593521118164,9.135244023656483,8.628075582392123,9.110370081279614,770780000
2020-05-27,8.48206901550293,8.589023642130156,7.956245377477276,8.581313337076326,1175892000
2020-05-28,8.444013595581055,8.71612780265419,8.336808463910437,8.369641310493597,734896000
2020-05-29,8.830545425415039,8.830545425415039,8.442023234926523,8.51117118789498,745256000
2020-06-01,8.76164436340332,8.79596973608388,8.645485958689513,8.788508028577247,389876000
2020-06-02,8.780548095703125,8.792487396907989,8.614145567728748,8.7516956542315,391320000
2020-06-03,8.725081443786621,8.821341654091105,8.655933498137044,8.777564844600539,365440000
2020-06-04,8.726078987121582,8.90201324294868,8.637488658846792,8.687755724694108,424280000
2020-06-05,8.878868103027344,8.955512705887044,8.667845785384223,8.753947082988638,481748000
2020-06-08,8.764398574829102,8.848756999932231,8.645698165784353,8.83631482994791,387736000
2020-06-09,9.004288673400879,9.067744989711962,8.710898494136034,8.759423633292464,468488000
2020-06-10,9.323558807373047,9.456194614625154,9.111291963518875,9.125477007268065,632180000
2020-06-11,8.755687713623047,9.218542636330282,8.745484888877396,9.107805725474394,583652000
2020-06-12,8.89130973815918,9.144885268344536,8.663116916824086,9.120249640232714,570908000
2020-06-15,9.131448745727539,9.139909650009946,8.703431219632431,8.774602299815214,400004000
2020-06-16,9.026684761047363,9.224021398349738,8.797994456053088,9.182463952946726,535716000
2020-06-17,9.193411827087402,9.256121053617617,9.028425617741286,9.071725930471368,408304000
2020-06-18,9.175496101379395,9.239698546814658,9.072472976600096,9.184454427604352,254408000
2020-06-19,9.218545913696289,9.40144879419368,9.184703242099346,9.1998831293818,524160000
2020-06-22,9.482820510864258,9.48730014807517,9.230489448016012,9.257116662206737,398468000
2020-06-23,9.406425476074219,9.598037964663789,9.364121900954425,9.506959593896607,375108000
2020-06-24,9.192914009094238,9.512433926958058,9.10233306985164,9.432553235534522,449372000
2020-06-25,9.44623851776123,9.461169689973298,9.139907896509927,9.31260789639529,376072000
2020-06-26,9.112785339355469,9.456194784156569,9.082923937413547,9.456194784156569,592084000
2020-06-29,9.15757942199707,9.162059060199192,8.858962505668218,9.127469304571116,342248000
2020-06-30,9.45395565032959,9.482323840413832,9.223772146240533,9.271052779473228,367892000
2020-07-01,9.486056327819824,9.531595986934233,9.369596194012617,9.476849291492085,326648000
2020-07-02,9.567930221557617,9.692602582908426,9.534086593655633,9.59455649551203,364056000
2020-07-06,9.793882369995117,9.863061885989403,9.667716802013167,9.696832079128551,315892000
2020-07-07,9.82623291015625,10.023568630701273,9.805329828732345,9.900389486802665,357800000
2020-07-08,10.168892860412598,10.177852135345317,9.919548208152843,9.94766768707391,365480000
2020-07-09,10.46054458618164,10.521263196295083,10.186314574371659,10.332388382755358,494548000
2020-07-10,10.430930137634277,10.606118244789283,10.330893436767795,10.539925164838058,497676000
2020-07-13,10.005900382995605,10.742488118147886,9.978775740373257,10.546148195203143,457076000
2020-07-14,10.32914924621582,10.354780666830045,9.740376500694476,10.028541788495506,542676000
2020-07-15,10.180091857910156,10.384892650763021,10.009382445924082,10.366229867151485,403984000
2020-07-16,10.088020324707031,10.159687893830071,9.849873293685468,9.968822453903256,344964000
2020-07-17,10.154458999633789,10.201242205886482,10.041234014835991,10.178348498417453,266284000
2020-07-20,10.462284088134766,10.482689743606029,10.109916313278463,10.226874817153762,284852000
2020-07-21,10.280875205993652,10.51130838501067,10.23931776030554,10.464524220514964,277036000
2020-07-22,10.390617370605469,10.553612018427057,10.244046163134492,10.31969594109073,367292000
2020-07-23,10.083041191101074,10.498366900172412,9.984995131598533,10.401814053155686,411660000
2020-07-24,10.147492408752441,10.3169573132017,9.731917986447955,9.829465676237367,473292000
2020-07-27,10.373445510864258,10.393601505544966,10.170634417210804,10.185068171231439,292132000
2020-07-28,10.168397903442383,10.334130290706716,10.162177290721331,10.326416465135027,271636000
2020-07-29,10.417243003845215,10.467758773160696,10.29928965550237,10.342837732498475,284508000
2020-07-30,10.565058708190918,10.574017034136663,10.24777809844735,10.327160428519084,308880000
2020-07-31,10.565802574157715,10.716853377958804,10.38489037384847,10.514539734909425,386080000
2020-08-03,10.959484100341797,11.047576067886391,10.665844208526481,10.683014733089749,412720000
2020-08-04,11.17597770690918,11.17597770690918,10.855711635123345,10.999047691929793,310336000
2020-08-05,11.234707832336426,11.319315944315017,11.114763832371981,11.192155540405041,249924000
2020-08-06,11.283230781555176,11.305627070056174,11.127203842921766,11.297414876107878,244316000
2020-08-07,11.147856712341309,11.45169930416,10.986604026340867,11.260335560815758,342516000
2020-08-10,11.113516807556152,11.355645046304279,10.80643904948696,11.28198686153084,427796000
2020-08-11,10.799972534179688,11.085400210212105,10.745971959550996,11.022690018591215,354512000
2020-08-12,11.38749885559082,11.414125122757872,10.907721031284495,10.940071438029333,464412000
2020-08-13,11.390237808227539,11.667702949626834,11.303390348482495,11.492762578632881,374460000
2020-08-14,11.510679244995117,11.650780187159281,11.387748824908543,11.47683562197929,366436000
2020-08-17,12.280110359191895,12.352524978681528,11.762757436193732,11.79660009781904,621300000
2020-08-18,12.204214096069336,12.438379802232884,12.030519221573105,12.392591435062732,503448000
2020-08-19,12.082528114318848,12.258213621054422,12.042214226825553,12.239799549527746,622624000
2020-08-20,12.085016250610352,12.317937454799441,11.823975568616628,11.91978228041564,921388000
2020-08-21,12.625016212463379,12.749688543498525,12.139016821784638,12.145487093065004,999868000
2020-08-24,12.66159439086914,12.852958136442902,12.44982499282995,12.824340291035602,490564000
2020-08-25,12.691207885742188,12.702405554694398,12.515770144609954,12.572507468754125,289076000
2020-08-26,12.714105606079102,12.809165264018684,12.61929465873559,12.740234457823048,321244000
2020-08-27,12.570018768310547,12.790746493496862,12.50855309966064,12.722561844110212,317604000
2020-08-28,13.087125778198242,13.087374488755257,12.584205502883087,12.616555911556786,537160000
2020-08-31,13.312827110290527,13.512402091418862,12.977629918350573,13.121960793476955,500840000
2020-09-01,13.76138687133789,13.933391281331938,13.378544809007552,13.421857130089242,511316000
2020-09-02,14.284622192382812,14.663232105009527,13.84004722644748,14.640330592742224,874012000
2020-09-03,12.959362983703613,13.824614387808259,12.823202579111951,13.769104949191176,945128000
2020-09-04,12.568056106567383,13.118172794342433,11.654264257485755,12.728609755391352,1463684000
2020-09-08,11.861615180969238,12.495867661284716,11.653765820445578,11.683884939027743,795728000
2020-09-09,12.660157203674316,12.75400040657726,12.17899096545241,12.346515345038622,736200000
2020-09-10,12.258646011352539,13.008895916801286,12.114519770501584,12.933223515687224,698684000
2020-09-11,12.112030982971191,12.597926004409656,11.844439994967425,12.431646509399577,636928000
2020-09-14,12.816729545593262,13.257569871709805,12.576769791725022,13.024579895343457,1201744000
2020-09-15,12.934967041015625,13.24138939468092,12.772421205731272,13.222720077777511,727556000
2020-09-16,12.460521697998047,13.036277502029263,12.459775343133906,12.901361990824535,556384000
2020-09-17,12.40974235534668,12.53544807871845,11.982841605278239,12.079920915572131,792512000
2020-09-18,12.136673927307129,12.578011754525583,11.937039210189646,12.539429199310245,698460000
2020-09-21,12.46325969696045,12.468487029467878,11.853152604133797,11.873564364275431,721044000
2020-09-22,12.58324146270752,12.593447344321817,12.103072204677165,12.5207622481134,646452000
2020-09-23,12.07145881652832,12.67210744174115,12.027151349496169,12.521260177157716,647012000
2020-09-24,12.294740676879883,12.515285706992461,11.962181636898192,12.020180820740766,731240000
2020-09-25,12.818221092224121,12.827929401956277,12.19293055034486,12.393810139922095,588016000
2020-09-28,12.978775978088379,12.995454064553032,12.695005420616106,12.984003310472113,573808000
2020-09-29,13.16870403289795,13.384768065727984,12.877466113660384,12.88169735695408,621460000
2020-09-30,13.472139358520508,13.563742542883896,13.093529512118515,13.100748073599721,689184000
2020-10-01,13.555778503417969,13.703388704944128,13.402691234247321,13.69865989133984,525004000
2020-10-02,13.00590705871582,13.4611843866185,12.994705091011946,13.16795529135739,552496000
2020-10-05,13.583657264709473,13.585399709035006,13.165717512425775,13.178910712130937,479820000
2020-10-06,13.677253723144531,14.081005195924398,13.606062280172727,13.770350590708075,784420000
2020-10-07,13.903769493103027,14.058350407618336,13.803702868616245,13.939365681751335,418084000
2020-10-08,13.779060363769531,14.023750816263338,13.698659142162176,14.01429129045017,378900000
2020-10-09,13.703388214111328,13.764623499410625,13.601828874328715,13.70762040717948,346892000
2020-10-12,14.164641380310059,14.285119781393261,13.852494090541311,13.92916164601553,434744000
2020-10-13,14.186792373657227,14.28661020379566,13.958282468908806,14.234834452215292,344604000
2020-10-14,14.034451484680176,14.280883383035329,13.89978478272532,14.228858850059002,276100000
2020-10-15,13.909744262695312,13.945339502121929,13.70836613749125,13.751180888345079,267224000
2020-10-16,13.751924514770508,14.060587766041294,13.73300641696344,13.976203155399284,242392000
2020-10-19,13.439530372619629,13.923184432811734,13.348922328803374,13.843032003278086,298068000
2020-10-20,13.586645126342773,13.740229967654253,13.448742284587745,13.524912268022215,229212000
2020-10-21,13.466415405273438,13.732015205253962,13.419369406982236,13.5662332545089,219596000
2020-10-22,13.30337142944336,13.553039484968712,13.174678386058064,13.464174825263315,290480000
2020-10-23,13.531632423400879,13.534619742053748,13.233922285663485,13.391987145890786,233484000
2020-10-26,13.084568977355957,13.633690573268522,12.98226233213433,13.369086871327628,336896000
2020-10-27,13.338967323303223,13.384022089343704,13.134601874770123,13.248608056703024,250520000
2020-10-28,12.572537422180176,13.20280755599855,12.554615408729777,13.141074699241251,376520000
2020-10-29,12.967824935913086,13.135846892018513,12.695006587997323,12.783124891809354,320080000
2020-10-30,12.479940414428711,12.880703607368117,12.24694946697932,12.794577470093719,416820000
2020-11-02,12.526487350463867,12.781382741885674,12.3415385171396,12.603154900907724,299652000
2020-11-03,12.963343620300293,13.048474603240864,12.548391206447642,12.653685165437649,272900000
2020-11-04,13.73475170135498,13.767859091534874,13.279474284873544,13.331498827212098,410228000
2020-11-05,14.09892463684082,14.277152471503854,13.930653897861085,14.1014143855421,319028000
2020-11-06,14.499188423156738,14.525822652066411,13.835065648746761,14.048888683439944,383348000
2020-11-09,13.571954727172852,14.628129287975106,13.552041489090445,14.489728912361791,582976000
2020-11-10,12.714921951293945,13.547813246458624,12.57378300138772,13.547813246458624,644068000
2020-11-11,13.360128402709961,13.377055279239467,12.892404031271488,12.997449230198706,404744000
2020-11-12,13.398707389831543,13.706623391136638,13.258564550225856,13.4208615944081,365812000
2020-11-13,13.23964786529541,13.609794327141808,13.00292326551335,13.56847323205472,346312000
2020-11-16,13.456957817077637,13.590628474298281,13.099257223591238,13.115685579151505,413776000
2020-11-17,13.364355087280273,13.537604353680523,13.246366460979495,13.49404325215184,312028000
2020-11-18,13.370829582214355,13.54706619704426,13.128131296756674,13.407172128790208,510924000
2020-11-19,13.382281303405762,13.42932730450369,13.043498819205205,13.155762570780636,565936000
2020-11-20,13.031299591064453,13.436294899913538,13.008646866876623,13.395969898317098,341088000
2020-11-23,13.083324432373047,13.324777827155184,12.959361156671875,13.114439643775567,361356000
2020-11-24,12.901862144470215,13.105230576855208,12.829425831915962,13.085814902758454,346500000
2020-11-25,13.177666664123535,13.212266767837656,12.963843568606508,12.976289464632114,259916000
2020-11-27,13.204051971435547,13.349671896984008,13.113693646794417,13.317311808022017,167276000
2020-11-30,13.343696594238281,13.354649779706577,12.916298264592438,13.20778593658098,286952000
2020-12-01,13.332244873046875,13.470396474680498,13.171191763899333,13.4340539339607,296948000
2020-12-02,13.486078262329102,13.614521552293276,13.177166196219103,13.29291480796753,283360000
2020-12-03,13.342158317565918,13.605097180328642,13.275428168212782,13.532888346466882,199520000
2020-12-04,13.50375747680664,13.505500435655625,13.334938377043462,13.394447836338603,202244000
2020-12-07,13.552063941955566,13.676063849403539,13.445743434248142,13.546586206055725,223244000
2020-12-08,13.296345710754395,13.544095699558415,13.22812050077017,13.53040088587082,271920000
2020-12-09,12.878780364990234,13.36008781733984,12.816531556571482,13.247044338391767,401300000
2020-12-10,12.920112609863281,13.016225157346986,12.797855678959717,12.817278035078495,207764000
2020-12-11,12.96094799041748,12.96767096745661,12.77146224084269,12.915132393146711,209264000
2020-12-14,13.25526237487793,13.334940779426518,13.024941957047123,13.035399712025068,270156000
2020-12-15,13.306805610656738,13.409889067775675,13.133753973253151,13.385736496087336,193016000
2020-12-16,13.189277648925781,13.383244766098352,13.159397537413051,13.368553568795045,223116000
2020-12-17,13.287629127502441,13.325725362310642,13.12553301083175,13.313025984147043,231384000
2020-12-18,13.218661308288574,13.351126215456869,13.01797117989495,13.325230684378932,342064000
2020-12-21,13.278667449951172,13.316265976199928,12.915383468107274,13.022202644085827,302332000
2020-12-22,13.224884033203125,13.283646925526869,13.001535460648212,13.265719617640173,185580000
2020-12-23,12.956963539123535,13.221645381169145,12.952731046047212,13.20272169186044,179144000
2020-12-24,12.941527366638184,13.079719802401335,12.88674905910573,12.984852485701106,97884000
2020-12-28,12.848153114318848,13.010000389047383,12.711953456949022,13.010000389047383,212564000
2020-12-29,12.891229629516602,13.019960686571482,12.790635724681074,12.873053464210267,170372000
2020-12-30,13.092915534973145,13.160642074392083,12.844916701690002,12.938040099740185,225396000
2020-12-31,13.002532958984375,13.098146858978987,12.86309526953434,13.083705468045695,192424000
2021-01-04,13.06079387664795,13.597628037496744,12.9104007529022,13.051581365786737,560640000
2021-01-05,13.350874900817871,13.389468856919152,13.03440199119971,13.047100420987022,322760000
2021-01-06,12.563803672790527,13.19176959882881,12.53541860648144,13.169359986011573,580424000
2021-01-07,13.29037094116211,13.323985833376165,12.834710106530759,12.915383948161406,461480000
2021-01-08,13.223386764526367,13.367056901188883,12.98958049341238,13.308792689595268,292528000
2021-01-11,13.566753387451172,13.904889317137515,13.30879451781324,13.36481806161411,518344000
2021-01-12,13.430554389953613,13.699220853511294,13.291366518342056,13.697228086074581,291476000
2021-01-13,13.477363586425781,13.570239074194301,13.331203898280512,13.435781431552286,210028000
2021-01-14,13.147193908691406,13.545088091967113,13.127523647006312,13.520437812800973,283120000
2021-01-15,12.807815551757812,13.271693369926739,12.79686008165752,13.174834248372443,277780000
2021-01-19,12.972899436950684,13.041372547513665,12.79237734581268,12.963934834618934,226188000
2021-01-20,13.312034606933594,13.376524101560085,13.004276433961657,13.059054748191047,258572000
2021-01-21,13.811765670776367,13.942986262976488,13.199735351672873,13.36456988189232,337780000
2021-01-22,13.657387733459473,13.78611878930567,13.572480460380298,13.68477736022851,246820000
2021-01-25,13.598377227783203,13.772922949913667,13.183302194742383,13.726360770124714,251112000
2021-01-26,13.381254196166992,13.589911580254576,13.333695631638935,13.525919807719731,163980000
2021-01-27,12.865833282470703,13.179566863996952,12.742331097480742,13.176827521248605,371272000
2021-01-28,12.99854564666748,13.286135761458496,12.908409501804401,12.94401620453668,228316000
2021-01-29,12.937541961669922,13.281155615738037,12.859606529711234,13.022449229079449,271552000
2021-02-01,13.183799743652344,13.217413681369504,12.85089267680462,13.000788099819756,217204000
2021-02-02,13.502263069152832,13.51745103174744,13.23210255402486,13.344898109624282,220440000
2021-02-03,13.476120948791504,13.875758199731045,13.462177275976654,13.58119621183441,245408000
2021-02-04,13.609334945678711,13.61854745918901,13.284147181436406,13.476620230223554,201340000
2021-02-05,13.536376953125,13.682039891705488,13.491308875072331,13.66983917802764,169152000
2021-02-08,14.380718231201172,14.415577407685298,13.67207771550362,13.67207771550362,434624000
2021-02-09,14.205924034118652,14.524637598261522,14.165337313462569,14.283111941148748,287560000
2021-02-10,14.704910278320312,14.845094516583352,14.283859846653357,14.40512039530339,485352000
2021-02-11,15.189452171325684,15.210866341366684,14.865012060284915,14.920040160846249,450828000
2021-02-12,14.901121139526367,15.229794795729902,14.715618993153976,14.989514339884593,374756000
2021-02-16,15.268636703491211,15.310717529206354,14.88991497110362,15.003705976694079,321960000
2021-02-17,14.846090316772461,15.162314342745137,14.72059633006822,15.11002462754426,274756000
2021-02-18,14.769400596618652,14.813472286009498,14.516420797901691,14.66980213100204,233868000
2021-02-19,14.866508483886719,15.116001413378493,14.787078950270823,14.964114181705161,271724000
2021-02-22,14.298050880432129,15.072426073386676,14.267424198504681,14.715366492169814,325884000
2021-02-23,14.085163116455078,14.181524533940966,13.335686902429352,14.018680862200867,391780000
2021-02-24,14.440730094909668,14.448449457832405,13.70071608011937,14.065992876199738,448320000
2021-02-25,13.254014015197754,14.316974745337102,13.16313130162418,13.989047741668749,824436000
2021-02-26,13.659381866455078,13.798818598724198,13.307302217792548,13.697228301041338,500932000
2021-03-01,13.786120414733887,13.869035880161727,13.498780057911683,13.819236639241204,353184000
2021-03-02,13.352368354797363,13.864551312583613,13.342159459835498,13.844133522659883,264116000
2021-03-03,12.753286361694336,13.397436481579216,12.747309959818812,13.372288481570262,377592000
2021-03-04,12.32053279876709,12.922852894444349,12.035184286271841,12.749302617793662,573344000
2021-03-05,12.411415100097656,12.499559425069663,11.632308704404133,12.499559425069663,542840000
2021-03-08,11.546656608581543,12.421127205316727,11.520013555432708,12.399962837749444,543112000
2021-03-09,12.474233627319336,12.570378398131114,12.014927537191268,12.085666683941009,521824000
2021-03-10,12.422425270080566,12.932293687337854,12.41171496237117,12.793306731118925,384376000
2021-03-11,12.945744514465332,12.99830122675379,12.687696596615787,12.902404444000641,299916000
2021-03-12,12.808751106262207,12.841380871489648,12.543728924409528,12.601764317389547,243964000
2021-03-15,13.142766952514648,13.158210052490965,12.720325527727177,12.8174670258616,221988000
2021-03-16,13.242399215698242,13.462835609512782,13.068540113938292,13.307408839220948,272128000
2021-03-17,13.292214393615723,13.403802248945754,12.94175688513171,12.991822243486569,243864000
2021-03-18,12.675741195678711,13.135545224725465,12.670261569305001,13.088220142222372,293896000
2021-03-19,12.79853630065918,12.874008237088663,12.566143927350314,12.703138366761953,299208000
2021-03-22,13.137787818908691,13.345272507132586,12.85931502565977,12.865293491438804,297804000
2021-03-23,13.022708892822266,13.295452082745998,12.973390365636853,13.205533780045595,222048000
2021-03-24,12.596534729003906,13.110888040929582,12.590308268793,13.102917069663096,245840000
2021-03-25,12.489178657531738,12.668019515314883,12.226896785999031,12.453560612717908,295144000
2021-03-26,12.792062759399414,12.809000478579916,12.328024743744802,12.508359288718777,363968000
2021-03-29,12.900662422180176,13.014492713127513,12.653324782729335,12.773132589205469,273520000
2021-03-30,12.824444770812988,12.92756476170925,12.658307641148648,12.794804234582625,200204000
2021-03-31,13.299192428588867,13.420992735807696,12.934786334230242,12.967665043865257,314776000
2021-04-01,13.760988235473633,13.819023625386853,13.461591793310602,13.522368421618353,308276000
2021-04-05,13.936089515686035,13.962491864814922,13.682524535818397,13.816530686429957,255672000
2021-04-06,13.810554504394531,14.0025960659606,13.722878585220865,13.948296742716591,191744000
2021-04-07,14.09151840209961,14.191150299741128,13.661105981821104,13.829733469793657,251284000
2021-04-08,14.26438045501709,14.418312621618602,14.196629588023145,14.20036660361676,244416000
2021-04-09,14.347074508666992,14.355045478293736,14.122902033632048,14.161758253910516,195172000
2021-04-12,15.15310287475586,15.29607580434181,14.087284632452857,14.237231804937178,869324000
2021-04-13,15.621870994567871,15.642295831040608,15.070156216327348,15.175517625052338,676212000
2021-04-14,15.220853805541992,15.662723403944465,15.17153526617019,15.56757439683238,385500000
2021-04-15,16.077939987182617,16.154656646631395,15.574048168931979,15.604934368238913,598480000
2021-04-16,15.854016304016113,16.10633564214932,15.806939219576352,15.993999034973276,335208000
2021-04-19,15.305289268493652,15.74940120021796,15.177012626643881,15.479397321409937,404420000
2021-04-20,15.115492820739746,15.440045020755381,14.908008137498932,15.26693366441033,334132000
2021-04-21,15.304045677185059,15.306038182131777,15.046744591326041,15.063183469763409,216776000
2021-04-22,14.795670509338379,15.381758649575245,14.729165313862191,15.318491630862203,277788000
2021-04-23,15.209148406982422,15.278641899343617,14.845490057951816,14.87936454858827,227500000
2021-04-26,15.421113967895508,15.422110695504312,15.069411647383998,15.129191549679522,197796000
2021-04-27,15.325217247009277,15.612905694192488,15.298067110638453,15.521243816067019,164572000
2021-04-28,15.220602989196777,15.475164740857569,15.15957836730446,15.308030914991681,209416000
2021-04-29,15.268427848815918,15.37976679134769,15.016108481125764,15.343400960325498,173196000
2021-04-30,14.954336166381836,15.308529842071689,14.941882296807739,15.118730665369561,201912000
2021-05-03,14.782220840454102,15.190713824195964,14.73315219758806,15.069411410988684,203912000
2021-05-04,14.298503875732422,14.583701921742202,13.958757564248552,14.583452977403262,405324000
2021-05-05,14.405359268188477,14.75905499847583,14.334620122131005,14.654938309097338,292024000
2021-05-06,14.469621658325195,14.517694517007266,14.165743307149034,14.441973635991896,193380000
2021-05-07,14.7578125,14.915729703234886,14.617828793921266,14.753827489558498,229328000
2021-05-10,14.2133207321167,14.75158504127591,14.197628684614322,14.732903760867538,268904000
2021-05-11,14.253670692443848,14.301992504029124,13.699465425742892,13.774189592576713,285584000
2021-05-12,13.707932472229004,14.207838345963491,13.65886383403718,13.958009406177771,303408000
2021-05-13,13.61502456665039,14.028998076504566,13.409532427846457,13.982169938542986,285404000
2021-05-14,14.190653800964355,14.275341444847527,13.697971040090284,13.838951467039104,258616000
2021-05-17,14.113436698913574,14.11717276437191,13.802584080647618,14.104967840462367,216980000
2021-05-18,13.964239120483398,14.35131151460924,13.952532083750327,14.214565990259484,186256000
2021-05-19,14.014057159423828,14.027756702886316,13.493477358357731,13.516641539941306,344000000
2021-05-20,14.558793067932129,14.629781156019478,14.218050055079024,14.24993203106225,321592000
2021-05-21,14.936649322509766,15.16605342254954,14.814849033504863,15.108017088006374,672992000
2021-05-24,15.554620742797852,15.687131342210156,15.120222378827417,15.156588205382036,554816000
2021-05-25,15.590241432189941,15.760363558877739,15.425598932323531,15.708056734442609,435408000
2021-05-26,15.642297744750977,15.735703186240535,15.528966303165006,15.676422124487875,370440000
2021-05-27,15.431077003479004,15.692114160752126,15.403180033259336,15.642048790934533,581476000
2021-05-28,16.184797286987305,16.21767694767889,15.44403099782794,15.44403099782794,644536000
2021-06-01,16.20472526550293,16.328021150399323,15.844802987740685,16.210205842744976,472804000
2021-06-02,16.71658706665039,16.85657172590824,16.175832350111072,16.19252112571894,594168000
2021-06-03,16.907377243041992,17.195565429117057,16.522049469970472,16.63936684781397,580008000
2021-06-04,17.513641357421875,17.5960856255782,17.032665784160628,17.049601597313153,617120000
2021-06-07,17.554243087768555,17.7470324200021,17.12956115972956,17.5066700158796,575756000
2021-06-08,17.39284324645996,17.55673796608518,17.18759905493115,17.46283462472556,323848000
2021-06-09,17.298418045043945,17.514422030951746,17.19627233755803,17.455376379612076,381656000
2021-06-10,17.36493682861328,17.43170722377166,17.116796462616325,17.29019648734641,287772000
2021-06-11,17.763809204101562,17.877416579612827,17.38362394384522,17.419250155413216,416308000
2021-06-14,17.95664405822754,17.977322584871985,17.601872086163993,17.8442835705418,321376000
2021-06-15,17.7271785736084,17.954144239824995,17.666887937659716,17.8532435771717,243032000
2021-06-16,17.74886131286621,17.892863983016543,17.52388945392148,17.729429695958256,307124000
2021-06-17,18.592939376831055,18.7700763215897,17.69504598066055,17.71323258774539,809656000
2021-06-18,18.574504852294922,19.308217023143403,18.519943127082154,18.71925451472753,968856000
2021-06-21,18.36372947692871,18.47260390090823,17.761313426706515,18.37170132235496,672384000
2021-06-22,18.82164764404297,18.898383795362612,18.32262411331532,18.407830114038756,580144000
2021-06-23,18.991558074951172,19.086729825944072,18.842573513046347,18.942229189755093,332356000
2021-06-24,19.139299392700195,19.35306044926967,19.022453105749324,19.161473823483938,320924000
2021-06-25,18.965404510498047,19.278821304840594,18.829375588695353,19.21404481317408,278364000
2021-06-28,19.916112899780273,20.009539746281707,19.25240821728546,19.294512263445398,495436000
2021-06-29,19.957719802856445,20.029470225090638,19.589243331185592,19.81396615542745,367632000
2021-06-30,19.933549880981445,20.09299819265169,19.795278090307768,19.93031096241236,326568000
2021-07-01,20.142330169677734,20.38548859722356,19.949994640023817,20.055630160644014,480136000
2021-07-02,20.416379928588867,20.434568434216665,20.217817481948444,20.369791959842154,342764000
2021-07-06,20.627153396606445,20.77015813867355,20.280104352666278,20.666018525350328,446708000
2021-07-07,20.301532745361328,20.803048270219904,20.26192060678892,20.781622741141774,418428000
2021-07-08,19.834144592285156,20.063600320047218,19.632841227354213,19.78805462577858,503300000
2021-07-09,19.98113250732422,20.011029776539825,19.686153340670238,19.893685513393702,296624000
2021-07-12,20.441791534423828,20.46197014862544,20.118160092279034,20.170229888571328,321984000
2021-07-13,20.180198669433594,20.390720799183015,20.044667777946696,20.330179245184596,290708000
2021-07-14,19.773107528686523,20.347371324645856,19.684664506102898,20.287578671273554,380100000
2021-07-15,18.900875091552734,19.778589906396334,18.793496553631783,19.743461697812513,550564000
2021-07-16,18.098400115966797,19.090967290639107,18.010704097196164,18.964904144857933,688224000
2021-07-19,18.71502113342285,18.97636621146561,17.80392103012152,17.85350083008128,749060000
2021-07-20,18.54784393310547,18.773064743639477,18.101388235116307,18.665437217414535,434687000
2021-07-21,19.343095779418945,19.45969307152444,18.67739902955173,18.81691585718277,371017000
2021-07-22,19.526464462280273,19.81845383790225,19.209559734509735,19.574299353352185,323826000
2021-07-23,19.490585327148438,19.63209605947266,19.183646421770963,19.588247101340414,195672000
2021-07-26,19.227493286132812,19.374981936997983,18.848802099805674,19.244434884003283,203943000
2021-07-27,19.14179039001465,19.554362894991016,18.676399176562164,19.198593120837312,248863000
2021-07-28,19.43577003479004,19.57827673924492,18.929521776735747,19.252404299497893,202191000
2021-07-29,19.59422492980957,19.784566529734352,19.26137470574474,19.45171630566952,190781000
2021-07-30,19.431785583496094,19.56233262989459,19.196599037799633,19.35106352111419,183497000
2021-08-02,19.681921005249023,19.892194121271995,19.294261963742557,19.63209411744404,217444000
2021-08-03,19.746694564819336,20.152291150026606,19.153744423297773,19.67195234337209,301811000
2021-08-04,20.20411491394043,20.24796386771161,19.75965124376936,19.921093477440312,231309000
2021-08-05,20.56586456298828,20.661534325497566,20.271881335250495,20.429337660982515,211435000
2021-08-06,20.295799255371094,20.499096555119213,20.140336838007727,20.453255584823058,178497000
2021-08-09,20.22504425048828,20.4373093965313,20.073567760929837,20.37552283364435,146443000
2021-08-10,19.867277145385742,20.359573704227063,19.766623580582603,20.25194620111402,179238000
2021-08-11,19.63109588623047,19.979889797414497,19.363024040976125,19.97390996272921,185925000
2021-08-12,19.836387634277344,19.959958849718042,19.552370188713052,19.801508432244812,151652000
2021-08-13,20.118412017822266,20.1443233694404,19.782573757798062,19.836388472220936,183063000
2021-08-16,19.881235122680664,20.217073411230743,19.38594658927901,20.065596914124974,210876000
2021-08-17,19.390928268432617,19.70185307512891,19.20058666248463,19.61714508254788,204585000
2021-08-18,18.9743709564209,19.566323330393175,18.934507922108054,19.432784446374054,285913000
2021-08-19,19.729755401611328,20.424353301221036,18.697325356525393,19.426802456904166,766555000
2021-08-20,20.744245529174805,20.793076409277884,19.864289880276367,19.922088611384755,675741000
2021-08-23,21.88231086730957,21.921175993171637,20.877786025238045,20.89871354691562,575807000
2021-08-24,21.717884063720703,21.883312266770652,21.460773905230095,21.67802292246047,297299000
2021-08-25,22.136430740356445,22.392544826376568,21.64712400159845,21.662071688084197,347701000
2021-08-26,21.991931915283203,22.262993686713813,21.714890308972432,22.123476878003054,237940000
2021-08-27,22.557973861694336,22.643677862471055,22.090590631749375,22.107532230785125,304722000
2021-08-30,22.609790802001953,22.96356660779961,22.473263928214713,22.75130150447576,262580000
2021-08-31,22.31177520751953,22.620760614168464,22.047642674505877,22.620760614168464,259850000
2021-09-01,22.367591857910156,22.622754957763057,22.28386700045794,22.41144855038439,201767000
2021-09-02,22.32274055480957,22.51909665177635,22.22207110229776,22.444341223157213,187834000
2021-09-03,22.76827621459961,22.910808082103483,22.127379950913973,22.251971049959415,280532000
2021-09-07,22.587867736816406,22.82409196545465,22.4483244181334,22.758307882725695,198107000
2021-09-08,22.26592445373535,22.53603785625392,21.905107228441466,22.439355044930288,254434000
2021-09-09,22.104455947875977,22.464275126748724,22.058606891844985,22.239014571951014,196856000
2021-09-10,22.404470443725586,22.55198511877038,22.197150672313043,22.2748946360381,248376000
2021-09-13,22.079538345336914,22.888882461215875,21.786499434109167,22.609797693327096,297500000
2021-09-14,22.16924285888672,22.336692569612442,22.013753027023114,22.202133951589552,199755000
2021-09-15,22.267911911010742,22.293827826411825,21.894138708606395,22.236017008378408,166538000
2021-09-16,22.16924285888672,22.20412821528791,21.855272750166648,22.110435843651945,156033000
2021-09-17,21.828357696533203,22.247979999045086,21.758586993159383,22.22704878803294,294503000
2021-09-20,21.043935775756836,21.362888683857676,20.594410879277827,21.076826867613953,349440000
2021-09-21,21.176502227783203,21.354915649191057,20.88147094862816,21.346942396030226,204688000
2021-09-22,21.869224548339844,21.888161496452156,21.126660825026075,21.29610478128571,268726000
2021-09-23,22.408451080322266,22.46127719032873,21.818386834534806,22.067568966134733,248555000
2021-09-24,22.008766174316406,22.076544517927047,21.78948654099759,21.997802477816837,217655000
2021-09-27,21.58914566040039,21.7276909027937,21.255242424863432,21.638981339967028,245215000
2021-09-28,20.631288528442383,21.34893447038271,20.58344521216512,21.14460514549343,343069000
2021-09-29,20.44988250732422,20.94824684688675,20.400044932702517,20.87149907318932,218394000
2021-09-30,20.64823341369629,20.997088873720934,20.620325128983062,20.70006335689361,221009000
2021-10-01,20.674150466918945,20.79076641966092,20.13691215457875,20.68212371981342,240978000
2021-10-04,19.66745376586914,20.474803591708355,19.491032716054217,20.436927789431792,345635000
2021-10-05,20.384105682373047,20.580461803916965,19.78905832754663,19.884744983978333,279282000
2021-10-06,20.632286071777344,20.652219202114356,20.014313404708272,20.054183467600772,297202000
2021-10-07,21.006061553955078,21.252253324633013,20.90339784226503,21.023004241236695,256919000
2021-10-08,20.762859344482422,21.136632686521562,20.707042768746597,21.03197660701689,151258000
2021-10-11,20.627302169799805,20.994098397870303,20.443904055764555,20.507695778664687,163388000
2021-10-12,20.60338020324707,20.988117194123532,20.460848337072985,20.759866211548562,162134000
2021-10-13,20.870502471923828,20.921336231312484,20.645241941754325,20.849571259430128,180652000
2021-10-14,21.674867630004883,21.68383706493013,21.052908229325823,21.21836559694219,243589000
2021-10-15,21.790483474731445,21.85925800191469,21.59113886513245,21.738653534036047,226994000
2021-10-18,22.149309158325195,22.218083693968943,21.573198850194263,21.677856826800955,189494000
2021-10-19,22.217086791992188,22.30579445739423,21.964914136514288,22.20313074793577,161473000
2021-10-20,22.03069305419922,22.359613418687402,21.91008860370206,22.232031898354265,146276000
2021-10-21,22.617767333984375,22.63670618326787,22.010760294577082,22.024714435687386,187590000
2021-10-22,22.651657104492188,23.054334844956028,22.48719785150225,22.748339913629675,249384000
2021-10-25,23.09021759033203,23.278598494667374,22.695513113631097,22.897848159028317,230235000
2021-10-26,24.63614273071289,25.176371413393948,23.845737588941468,23.910525487792796,485898000
2021-10-27,24.371015548706055,25.007925176618038,24.202567761764556,24.393941025402942,245990000
2021-10-28,24.85941505432129,24.868386389920456,24.442783111276334,24.79662140845552,234204000
2021-10-29,25.483366012573242,25.624901707362692,24.91822131585797,24.91921749719109,292503000
2021-11-01,25.74251365661621,25.809293921603484,25.144476013269458,25.565096437115333,265740000
2021-11-02,26.31463623046875,26.590730535065173,25.715602386475727,25.73753168250349,294112000
2021-11-03,26.510988235473633,26.696380585852886,26.14917676933632,26.582753200243893,239910000
2021-11-04,29.703514099121094,31.26239704427072,27.02929029769168,27.139927249878582,1153631000
2021-11-05,29.65467643737793,31.29728433418583,29.313794225323047,30.088252938531244,851260000
2021-11-08,30.703237533569336,30.998268813095162,29.809170458233044,30.050379427191398,503101000
2021-11-09,30.556713104248047,32.204307519629445,29.86598118563401,32.17639923609389,646746000
2021-11-10,29.362628936767578,30.749079234219863,28.683856969426465,29.25996714814897,636206000
2021-11-11,30.290590286254883,30.489936824221612,29.679596512350646,30.36833615848351,332172000
2021-11-12,30.290590286254883,30.57964257619569,29.533076103534594,29.91183414544948,413054000
2021-11-15,29.926780700683594,30.543755287298133,29.15132584547051,30.45205718413863,384909000
2021-11-16,30.10419464111328,30.29058317308719,29.608820758848818,29.66164877670332,264484000
2021-11-17,29.165283203125,30.409201930373957,28.705790752092632,30.31849809734663,428508000
2021-11-18,31.571378707885742,32.65282836277686,31.218536680348734,32.26111626069691,781711000
2021-11-19,32.877098083496094,32.97976178244582,31.800631120790957,32.137524780788404,533867000
2021-11-22,31.85146141052246,34.533658301488515,31.795644847195604,33.40735381658586,754335000
2021-11-23,31.642148971557617,32.254140700605305,30.778980809021654,31.43183877897173,532163000
2021-11-24,32.56711959838867,32.747527284466,30.826830664303046,31.358088106593186,435162000
2021-11-26,31.399946212768555,32.60299664841291,31.2474468349952,32.493355877058754,283069000
2021-11-29,33.266822814941406,33.30270435529742,31.93120595307024,32.26012831114146,454964000
2021-11-30,32.5691032409668,33.24389046679486,31.759761224855104,33.06049048348585,622066000
2021-12-01,31.33599853515625,33.18416156708803,31.281171447142817,33.114382328286084,484368000
2021-12-02,32.02482604980469,32.37571869369958,30.927293561836475,31.11569943003582,472890000
2021-12-03,30.596343994140625,32.027822639120906,30.035115336865402,31.899227266863253,544325000
2021-12-06,29.942407608032227,30.14576373785318,27.94970234622703,29.78590054452752,658938000
2021-12-07,32.32487487792969,32.34680875654143,30.554469012712545,30.859506976245633,593053000
2021-12-08,31.725772857666016,32.18831231520401,31.32204761084049,31.898228375722542,475551000
2021-12-09,30.39398193359375,32.10358318046431,30.332176907618503,31.63406386343503,488507000
2021-12-10,30.10289764404297,31.206411727993792,29.76695906181619,31.051899183722014,488825000
2021-12-13,28.07231330871582,30.19859728465225,28.027454948851968,30.1537389247884,598344000
2021-12-14,28.247758865356445,28.58768456683166,27.16418223461943,27.61176761656936,667035000
2021-12-15,30.363075256347656,30.403946500307338,27.75032926972712,28.31055963968994,698297000
2021-12-16,28.297605514526367,31.06187376372511,28.004532628837605,31.053899534566042,707366000
2021-12-17,27.71344566345215,28.830915537137642,27.672574421523933,27.896866199252894,713758000
2021-12-20,27.6317081451416,28.05536898927544,27.059516359346297,27.219012340762006,461847000
2021-12-21,28.98343849182129,29.028296854991318,27.31470852270142,28.284645850680768,524385000
2021-12-22,29.307415008544922,29.461927576880676,28.359409624344213,28.80001904458484,395184000
2021-12-23,29.546659469604492,29.964340611891693,29.338318000778614,29.66129709262339,343022000
2021-12-27,30.847551345825195,30.98910437388651,29.54666059393546,29.56659806861277,403686000
2021-12-28,30.226512908935547,31.231338018752773,29.917487766927692,31.213395052745707,420591000
2021-12-29,29.906518936157227,30.451797181054715,29.273518478931255,30.177663603854032,343139000
2021-12-30,29.492826461791992,30.361083746132028,29.446971799242743,29.733066714604764,308864000
2021-12-31,29.31838035583496,29.935432431024672,29.23863236196779,29.580552622443367,266530000
2022-01-03,30.02614402770996,30.614286167328913,29.691201708964883,29.72110791823675,391547000
2022-01-04,29.197765350341797,30.372055271999844,28.25972861799797,30.181656755028943,527154000
2022-01-05,27.517070770263672,29.323364772152377,27.446295212189224,28.857834470045624,498064000
2022-01-06,28.089262008666992,28.348443450993756,26.979768076203065,27.55295615903355,454186000
2022-01-07,27.16119384765625,28.332494693927416,26.971791660779605,28.052379478532124,409939000
2022-01-10,27.3137149810791,27.38249793831708,25.563244238566337,26.49729382964366,594681000
2022-01-11,27.729398727416992,27.97661882621992,26.754479886883722,27.23695493896439,404089000
2022-01-12,27.91082191467285,28.504943670380957,27.52105256494921,27.97860664853236,383413000
2022-01-13,26.491310119628906,28.390309630110426,26.41455104320911,28.289627869102336,540171000
2022-01-14,26.85715103149414,27.1113490250758,26.127455968299266,26.217172683523167,395832000
2022-01-18,25.821426391601562,26.554112344866216,25.688845811972694,26.177302480368454,424270000
2022-01-19,24.988059997558594,26.45941170270569,24.973107843056518,25.996874104337753,488315000
2022-01-20,24.07394790649414,25.498448638286458,24.00217414256686,25.22431503185262,435181000
2022-01-21,23.300395965576172,24.744832480283538,23.18974544304943,23.432976571387393,718958000
2022-01-24,23.298397064208984,23.30637129274654,20.82222037714528,22.259678694181396,913982000
2022-01-25,22.253698348999023,22.870750425042836,21.93071925859125,22.474999365021613,664616000
2022-01-26,22.700284957885742,23.98123803745793,22.229771275614063,23.166811526105583,755959000
2022-01-27,21.874893188476562,23.91943467808651,21.606739331750255,23.493779360509365,573353000
2022-01-28,22.76807403564453,22.786017001467613,21.228935667863265,21.942680495703392,543774000
2022-01-31,24.408893585205078,24.431821873051916,22.979409239604102,23.10899903268621,564680000
2022-02-01,24.560409545898438,25.065812851502276,23.81476408120491,25.024941605227585,518925000
2022-02-02,25.162508010864258,25.735696069563566,24.475676742278374,25.712769688020778,543419000
2022-02-03,23.872581481933594,24.998025678674647,23.705111287686467,24.38097558762337,410178000
2022-02-04,24.242414474487305,24.55741930721573,23.557577711661764,23.89650713053911,354829000
2022-02-07,24.650127410888672,25.10269624776117,24.125782912567686,24.29524762592509,376868000
2022-02-08,25.0289306640625,25.150546207819467,23.90448265925914,24.282288838178633,410359000
2022-02-09,26.62089729309082,26.6408347629827,25.273155890673355,25.54130782575454,524282000
2022-02-10,25.742671966552734,26.84020442347212,25.519378382520046,25.913134866611202,513200000
2022-02-11,23.873579025268555,26.069642339244744,23.698134593993387,25.834385491481136,605472000
2022-02-14,24.190580368041992,24.796665501968615,23.68019168599295,23.85862884432096,440424000
2022-02-15,26.411563873291016,26.461405654812495,24.705951642944154,24.870431043038703,699869000
2022-02-16,26.42751121520996,26.498288671486034,25.47153166394175,26.176305909012655,732676000
2022-02-17,24.42982292175293,25.703798143147747,24.088900885684307,25.549285582156386,810595000
2022-02-18,23.567546844482422,24.9073141846699,23.027253892651444,24.590314838865833,761255000
2022-02-22,23.31633949279785,23.98821671585555,22.927568291074294,22.962457916801178,633422000
2022-02-23,22.316499710083008,24.078933611616357,22.230771994916,23.727044613283795,566511000
2022-02-24,23.67321014404297,23.725046427228275,20.82421097780637,20.948817318078245,735801000
2022-02-25,24.080930709838867,24.140741241222194,23.307375213074632,23.64630472648434,528866000
2022-02-28,24.30820083618164,24.587319674047645,23.632336666729692,23.916438920744408,477319000
2022-03-01,23.40306282043457,24.300229958145785,23.0591500185398,24.214500358111323,412056000
2022-03-02,24.14784049987793,24.336278491001387,23.34524043941183,23.685224100178537,389642000
2022-03-03,23.64335060119629,24.2535268091343,23.399079682408747,24.18971640143085,365095000
2022-03-04,22.86766815185547,23.609451053409828,22.4150202714538,23.31433339065873,431415000
2022-03-07,21.28838348388672,22.964376798114145,21.2664496692882,22.749018838877227,450821000
2022-03-08,21.449907302856445,22.30634749936782,20.588480936976687,21.24551809708056,557467000
2022-03-09,22.9454345703125,23.150820212926504,22.1807194875951,22.320301778530236,492742000
2022-03-10,22.590490341186523,22.720102163193836,21.816801496900087,22.46386793749568,428066000
2022-03-11,22.03415870666504,23.076045454723392,21.980318734826213,22.953410808497686,367209000
2022-03-14,21.266448974609375,22.195671367540292,21.095958926406958,21.80384262804617,385354000
2022-03-15,22.90455436706543,22.96936124008591,21.258474245006287,21.45388943534592,491996000
2022-03-16,24.423017501831055,24.523716417538445,23.102962788581674,23.429984670978083,671422000
2022-03-17,24.692214965820312,24.76798684900342,23.834776570421486,24.04813969626861,471941000
2022-03-18,26.37418556213379,26.489841079768297,24.550636279337244,24.725114127062692,730719000
2022-03-21,26.65434455871582,27.0711002875273,25.889629658754465,26.428021626549526,591727000
2022-03-22,26.44497299194336,27.156846357898804,25.99432004218782,26.64736727935604,547007000
2022-03-23,25.557626724243164,26.53271160406256,25.498802493887702,26.048159533733372,502120000
2022-03-24,28.066133499145508,28.23562710130492,25.82981594503605,26.088045093021876,877379000
2022-03-25,27.609493255615234,28.27350932502247,27.18974806430795,27.802915490968033,579016000
2022-03-28,28.13492774963379,28.165835529081235,27.124945266667112,27.67330780734801,425494000
2022-03-29,28.57062530517578,28.85976031919867,27.896638718914144,28.60950867127436,488984000
2022-03-30,27.607498168945312,28.411096448284074,27.421055061663,28.2196690752362,463487000
2022-03-31,27.204702377319336,28.1638360522598,27.188751204527012,27.69922486553173,523440000
2022-04-01,26.632413864135742,27.41407840137785,26.188740006342908,27.29343862106805,517235000
2022-04-04,27.278486251831055,27.475896299662303,26.533712066907064,26.648369216228314,397120000
2022-04-05,25.853740692138672,27.237605758755578,25.743071345725753,27.172798887898374,436615000
2022-04-06,24.334280014038086,25.224619010193965,23.931484383526115,24.859710266858784,703833000
2022-04-07,24.135875701904297,24.648344247170577,23.40805109513817,24.36818131196346,557992000
2022-04-08,23.05011749267578,23.851722863847915,22.993288112629596,23.84574022331702,524781000
2022-04-11,21.851699829101562,22.253499000395795,21.595465570939584,22.147815823189774,575207000
2022-04-12,21.43993377685547,22.657296773923992,21.218595050115738,22.46985714800616,662258000
2022-04-13,22.136852264404297,22.432968328716512,21.391081501382804,21.663268898797757,516943000
2022-04-14,21.194665908813477,22.70914138808518,21.099949624918715,22.437950489268136,569097000
2022-04-18,21.718101501464844,22.02219119866503,21.016198500677564,21.13683828693259,525701000
2022-04-19,22.131864547729492,22.306342402426626,21.250497509099134,21.655288033662476,512781000
2022-04-20,21.418001174926758,22.60246161145475,21.13684172009428,22.449917550765523,468974000
2022-04-21,20.12286376953125,22.325281519828593,19.940408469145567,21.644316007714274,656209000
2022-04-22,19.456857681274414,20.424965416989473,19.441902979823055,20.24251007228569,624713000
2022-04-25,19.84270477294922,19.8855759292998,19.039106397949094,19.14478957941765,641566000
2022-04-26,18.732019424438477,19.72903982671361,18.614370986543364,19.659248702820832,653143000
2022-04-27,18.360137939453125,19.109896444638807,18.235510346277362,18.542591397089467,499460000
2022-04-28,19.723064422607422,19.977305783390694,18.434913772859694,18.910491964188285,570327000
2022-04-29,18.491741180419922,20.068030059623467,18.461829879065967,19.344193301516768,500435000
2022-05-02,19.474803924560547,19.515680231778166,18.33620622488366,18.48575893149055,572049000
2022-05-03,19.543596267700195,19.765933327881584,19.075993762803037,19.342198449627805,475751000
2022-05-04,20.273418426513672,20.339221777103816,18.695134485364377,19.863643621096067,648855000
2022-05-05,18.787857055664062,19.86563575823811,18.444882087815973,19.807809899114023,626331000
2022-05-06,18.619356155395508,19.453862166104038,17.93639767916028,18.68017522440526,633297000
2022-05-09,16.899499893188477,18.200610175903677,16.776865264300895,17.980269856071814,644455000
2022-05-10,17.542579650878906,18.143783810287378,16.974278119895548,17.636299465737004,761474000
2022-05-11,16.580455780029297,17.700111281920936,16.518642115598364,17.295320682799783,670167000
2022-05-12,16.12680435180664,16.73797872956555,15.520617091857218,16.17067387354049,708728000
2022-05-13,17.65324592590332,17.874584618378165,16.54356304480127,16.737981755398717,670437000
2022-05-16,17.21256446838379,17.735003457169242,17.055036163870508,17.456835364759026,521446000
2022-05-17,18.122846603393555,18.316268876415904,17.581465054882198,18.020152825002086,585830000
2022-05-18,16.88753318786621,18.06401769834439,16.813754263169248,17.652248119677026,545161000
2022-05-19,17.072982788085938,17.634305160902688,16.68414342710916,16.886539645818328,621310000
2022-05-20,16.644264221191406,17.35813066451446,15.708061631405265,17.280363930362633,739105000
2022-05-23,16.847652435302734,16.864601980883076,16.130794862027443,16.225511121055842,639889000
2022-05-24,16.105871200561523,16.547552147553244,15.732985873904111,16.460811455935517,588550000
2022-05-25,16.924427032470703,17.060021530351076,15.952331454150205,15.972272324867756,781132000
2022-05-26,17.797819137573242,18.038100388049628,15.974267519878618,15.988225751012793,996575000
2022-05-27,18.75494956970215,18.824740686007324,18.04606769956689,18.13181188602695,738379000
2022-05-31,18.616369247436523,19.14279599466487,18.295328116993222,18.923450248875827,664100000
2022-06-01,18.265419006347656,18.9962349851399,18.068008952451528,18.668216603337324,544514000
2022-06-02,19.53362464904785,19.560544628460704,18.14377897274522,18.237498762615502,648656000
2022-06-03,18.664226531982422,19.274404605825605,18.466816482062402,19.025149434663984,598779000
2022-06-06,18.730030059814453,19.279389055591135,18.508691344014494,19.081979003796526,422406000
2022-06-07,18.869613647460938,18.9433925831492,18.133811531545238,18.416965795176733,388914000
2022-06-08,18.596370697021484,19.12689735772894,18.48368268854018,18.74695170077605,363252000
2022-06-09,17.99803352355957,18.880583584037574,17.991052933850728,18.42983530392258,395574000
2022-06-10,16.92700958251953,17.648007580932866,16.82229882218963,17.55127599699547,465248000
2022-06-13,15.603680610656738,16.266839478389468,15.562793756532253,15.955702996068341,604153000
2022-06-14,15.792158126831055,16.021520910273885,15.369331242158152,15.687448327103725,469680000
2022-06-15,16.481243133544922,16.82129863210318,15.881906301777965,16.05043807467459,563936000
2022-06-16,15.557807922363281,15.897864407425715,15.358361819515217,15.816090696879078,545749000
2022-06-17,15.83603572845459,15.950717118320277,15.285563915858456,15.604677679322638,630334000
2022-06-21,16.520137786865234,16.960913567479754,16.361577575315028,16.42939011174875,483089000
2022-06-22,16.31470489501953,16.615868797299967,16.135202954286214,16.18107512298737,437135000
2022-06-23,16.180082321166992,16.53908438669256,15.80911149125112,16.473267119438244,463680000
2022-06-24,17.078582763671875,17.092543941061024,16.26484203486428,16.454316515193973,472153000
2022-06-27,16.822298049926758,17.282022223468143,16.579970759321082,17.264072406028497,427968000
2022-06-28,15.937752723693848,17.15437435755345,15.900854507260869,16.853210426478878,461149000
2022-06-29,15.498970985412598,15.776201206281394,15.128001145361374,15.770218251263673,482352000
2022-06-30,15.117032051086426,15.523902477901675,14.820854376855518,15.318472470620367,686070000
2022-07-01,14.482791900634766,15.021296837715987,14.352155016267275,14.857751323588166,577610000
2022-07-05,14.922571182250977,14.92955177197515,14.01608834866183,14.135756008662238,651397000
2022-07-06,15.08811092376709,15.276587784305496,14.748054467101642,14.9684432720513,529066000
2022-07-07,15.814096450805664,15.900855482165372,15.346395028402622,15.41320992490336,492903000
2022-07-08,15.794151306152344,15.99260071355022,15.3463940472355,15.387280900081658,467972000
2022-07-11,15.110051155090332,15.484012943856513,14.996366451757986,15.483015309181383,437321000
2022-07-12,15.040244102478027,15.388277846313347,14.835811736826283,15.225729017833062,458483000
2022-07-13,15.122018814086914,15.332435112850415,14.424954552645541,14.549608496652455,521918000
2022-07-14,15.329442024230957,15.430162236147307,14.687224899011335,15.06617297485196,456235000
2022-07-15,15.718361854553223,15.738305988579,15.40223910380052,15.615647329390558,385935000
2022-07-18,16.056419372558594,16.85021493548919,15.957694457686417,16.2568630566496,670517000
2022-07-19,16.944955825805664,17.062629156569145,16.127226415976143,16.440356240924725,702366000
2022-07-20,17.75769805908203,17.883350564875844,16.754484694338107,16.90008038178597,760538000
2022-07-21,18.000030517578125,18.093770155707876,17.496429371352786,17.835488284441134,557049000
2022-07-22,17.271053314208984,17.917258166341586,17.089556062811305,17.843463625700892,536671000
2022-07-25,16.976869583129883,17.0765931156567,16.602907762705456,16.971882360366042,480748000
2022-07-26,16.48723030090332,16.87216136295546,16.432382260852247,16.842243731454445,397865000
2022-07-27,17.740747451782227,17.886343144331377,16.866174710818715,16.984844729606653,569776000
2022-07-28,17.9342098236084,18.089778068252926,17.39171718778261,17.925235866496404,474646000
2022-07-29,18.112716674804688,18.193491806144685,17.643019947154993,17.763685253323978,435460000
2022-08-01,18.389944076538086,18.79382347486427,17.940192505913,18.13166037008038,476469000
2022-08-02,18.474708557128906,18.885568560892924,18.041910100984115,18.071827728649904,489527000
2022-08-03,18.84069061279297,18.915483721167206,18.086783232155426,18.1336539858444,418146000
2022-08-04,19.161806106567383,19.220642788518756,18.708065786644244,18.796820102527445,409652000
2022-08-05,18.93642807006836,19.17576338661587,18.614322361680482,18.75792279078178,386068000
2022-08-08,17.743738174438477,18.188504443935763,17.19426496293747,17.45354536402082,981859000
2022-08-09,17.0386962890625,17.398696888442636,16.67769900606931,17.204237068091455,668263000
2022-08-10,18.046897888183594,18.067839657584745,17.269056663137828,17.64900236749365,597422000
2022-08-11,17.89232635498047,18.65520971795895,17.82650909360647,18.080804181955322,509327000
2022-08-12,18.657203674316406,18.66617953381499,17.903296146751718,18.109723796605994,478094000
2022-08-15,18.979310989379883,19.110945527296405,18.561472236217575,18.64922796080583,457666000
2022-08-16,18.82672882080078,19.089001131232823,18.449775142788685,18.867615667988698,451240000
2022-08-17,18.284238815307617,18.636262177287165,18.094766197974923,18.47171996728055,446799000
2022-08-18,18.721027374267578,18.812771727418596,18.13266064622917,18.25033399183685,415447000
2022-08-19,17.799585342407227,18.468727183536906,17.72080358497965,18.355042477008766,441588000
2022-08-22,16.986841201782227,17.509390657788362,16.91902867077679,17.441578126782925,409593000
2022-08-23,17.133438110351562,17.416652317313172,16.923021774033224,16.94197018119619,369986000
2022-08-24,17.174320220947266,17.357810823683003,16.84822587028311,16.96490062655106,522661000
2022-08-25,17.863407135009766,17.897313400062618,16.78639724119501,16.797366467637275,770691000
2022-08-26,16.21498680114746,17.874379819726403,16.192049758099092,17.80756586241982,769127000
2022-08-29,15.757254600524902,16.292767620206746,15.723349284871533,15.97564911347893,496132000
2022-08-30,15.425174713134766,15.994592953755117,15.139966300020541,15.915812157547325,530181000
2022-08-31,15.052210807800293,15.496976116815032,14.91758433882462,15.341407879469896,573710000
2022-09-01,13.898412704467773,14.340186004315418,13.233259619419709,14.169658975117944,1178865000
2022-09-02,13.609216690063477,14.131765139366534,13.553371026300562,14.060962564890257,743157000
2022-09-06,13.427720069885254,13.74085083822802,13.314035378216058,13.6929833994128,535751000
2022-09-07,13.680095672607422,13.803789664823167,13.313005420498245,13.529468955559182,512657000
2022-09-08,13.955411911010742,13.973368010349136,13.335947888457856,13.425724579883743,624873000
2022-09-09,14.351433753967285,14.43821857334682,14.091079295828678,14.122001845912337,486612000
2022-09-12,14.46914005279541,14.511036035425132,14.162898875313989,14.333476599142045,484159000
2022-09-13,13.098536491394043,13.887581309355834,13.06661601426547,13.767878093148786,714956000
2022-09-14,13.09554386138916,13.257143051448159,12.881075254382225,13.221231803218423,588507000
2022-09-15,12.8970365524292,13.200284898230091,12.758380252068209,12.982824382811994,523625000
2022-09-16,13.16537094116211,13.179336268504516,12.585807002502516,12.710497968812046,670751000
2022-09-19,13.348916053771973,13.429716127163072,12.97783599693244,12.979830907792524,569685000
2022-09-20,13.143425941467285,13.449667136036723,13.024720650726076,13.182330035591837,524818000
2022-09-21,13.228217124938965,13.996314062404092,13.0775903896323,13.180336402327288,807679000
2022-09-22,12.529945373535156,13.116491960905076,12.397274767166287,13.037686800354493,759162000
2022-09-23,12.485057830810547,12.579823238873681,12.22669830375946,12.389295442898492,663309000
2022-09-26,12.197769165039062,12.627704338358164,12.183803837251507,12.460119453590893,547343000
2022-09-27,12.382312774658203,12.704514210651315,12.227696230944117,12.476080251525241,553854000
2022-09-28,12.704513549804688,12.791298357950701,12.323457977799615,12.379319288548018,542414000
2022-09-29,12.189789772033691,12.469097284845578,11.916466992118151,12.417225794477423,532763000
2022-09-30,12.108987808227539,12.601766889967653,12.045145910694353,12.057116325939106,565638000
2022-10-03,12.481067657470703,12.646657634128852,12.075073310975306,12.316475611950034,547478000
2022-10-04,13.134448051452637,13.187317472632325,12.847159945252836,12.847159945252836,584182000
2022-10-05,13.17634391784668,13.288067492068219,12.589798244962582,12.879081259534201,507131000
2022-10-06,13.097538948059082,13.62223854641482,13.070605273695971,13.187316594180706,644157000
2022-10-07,12.04614543914795,12.638676791416017,11.992279039061453,12.474084749119333,672478000
2022-10-10,11.641149520874023,12.094026663340596,11.379797153136787,12.00724185114814,698699000
2022-10-11,11.55735969543457,11.816716248978421,11.255108266439862,11.532420924976725,667482000
2022-10-12,11.471570014953613,11.705988711915621,11.316953468077253,11.550375185170276,492590000
2022-10-13,11.93043041229248,12.048138702279783,10.78626591637664,10.943875273241852,850103000
2022-10-14,11.19924545288086,12.081059900782172,11.176302548165202,12.027193495602644,713432000
2022-10-17,11.858610153198242,11.918462240438945,11.48852799742512,11.48952497727775,580774000
2022-10-18,11.93741512298584,12.461116834509994,11.589277945577948,12.313482956867912,659362000
2022-10-19,12.021206855773926,12.319468398644798,11.804743321043421,11.84963214701234,523131000
2022-10-20,12.16385555267334,12.737433909462094,12.075074868699629,12.083055464879127,652398000
2022-10-21,12.435179710388184,12.467101136617279,11.857611660936854,12.068089492311048,609494000
2022-10-24,12.567853927612305,12.678579584853372,12.034176655941128,12.477079284905395,517457000
2022-10-25,13.228217124938965,13.267121222834982,12.632692848550477,12.662619370414102,505482000
2022-10-26,12.864116668701172,13.354899906667043,12.676581741774218,12.837183946889244,532953000
2022-10-27,13.143425941467285,13.803789999892798,13.08955953917814,13.596304034739564,583113000
2022-10-28,13.799798011779785,13.815759201014696,13.028709325811903,13.071603238162181,521040000
2022-10-31,13.463630676269531,13.803788166627177,13.264125332932366,13.743936087967768,486341000
2022-11-01,13.509517669677734,13.890573215216364,13.4855768377865,13.77685473939127,432817000
2022-11-02,13.186319351196289,14.174869538553562,13.17833970749939,13.815759886644688,672628000
2022-11-03,13.387819290161133,13.74692988442399,12.92396969143258,13.01075449802835,500065000
2022-11-04,14.121003150939941,14.1938226319805,13.663137321682004,13.951423355113537,612576000
2022-11-07,14.265644073486328,14.376369715229352,13.919502771881342,14.19282459299917,410061000
2022-11-08,14.565899848937988,14.854184915550686,14.180853521426073,14.764407269491864,595292000
2022-11-09,13.74194049835205,14.175865431075563,13.724982330959945,14.126985839536582,454414000
2022-11-10,15.711060523986816,15.734003424063605,14.51103468975513,14.763409444549325,700819000
2022-11-11,16.286640167236328,16.348487180428563,15.443729648394786,15.767926074973602,655487000
2022-11-14,16.254718780517578,16.49911397684061,15.88264069318985,16.177909459643775,527852000
2022-11-15,16.624797821044922,16.955975861509707,16.341499544736198,16.680659131421315,545876000
2022-11-16,15.87066650390625,16.321548716407033,15.833758273609781,16.122044306055884,649547000
2022-11-17,15.638242721557617,16.225787271704426,15.496593581923413,15.676148882942353,710894000
2022-11-18,15.370906829833984,15.962441247903389,15.082620775152405,15.926529043321702,492072000
2022-11-21,15.279131889343262,15.43873616621096,15.0427173645285,15.1095521073422,404739000
2022-11-22,15.9983491897583,16.018300200179006,15.084613460927303,15.290104492204474,472866000
2022-11-23,16.478158950805664,16.486140496528126,16.008324643497133,16.05820026675545,427241000
2022-11-25,16.229774475097656,16.446237020144476,16.132017196689414,16.277656134662113,167934000
2022-11-28,15.787872314453125,16.31656273871607,15.68612519322037,15.98637975502715,303741000
2022-11-29,15.600335121154785,15.892610948250487,15.481629846314512,15.787870048545495,298384000
2022-11-30,16.885480880737305,16.892465330806235,15.56242050073122,15.662198222921692,565298000
2022-12-01,17.097009658813477,17.22672059418411,16.598118225185257,16.961311508590725,470977000
2022-12-02,16.838584899902344,16.895459640770735,16.408540682249722,16.622066938764753,371389000
2022-12-05,16.57317352294922,16.957320143368804,16.43547900431618,16.64202078226574,352255000
2022-12-06,15.951557159423828,16.53625748277145,15.783929395985323,16.493353544908274,352694000
2022-12-07,16.08426284790039,16.150116510882306,15.632266127408133,15.737033837548465,372388000
2022-12-08,17.130935668945312,17.140913726572844,15.923617339692608,16.236922259213415,515456000
2022-12-09,16.963308334350586,17.544018774553155,16.93736690492108,17.121956228129644,465338000
2022-12-12,17.496124267578125,17.499117875319435,16.75976146929497,16.99922915428006,457328000
2022-12-13,18.03193473815918,18.7483433376604,17.671735017061216,18.48991676619764,656589000
2022-12-14,17.63481903076172,18.211538706655226,17.381382402080057,17.947124880020315,496888000
2022-12-15,16.914417266845703,17.281601445328924,16.662977044280925,17.107987414571323,478542000
2022-12-16,16.534259796142578,17.003218983176044,16.373617447522786,16.826611361927757,478232000
2022-12-19,16.217967987060547,16.572180569446555,16.109210363321207,16.535263839166824,354039000
2022-12-20,16.04934310913086,16.273844727249003,15.816860754899643,16.02838975164787,403260000
2022-12-21,16.46441650390625,16.590138515163844,16.066300925017234,16.078275356146534,325025000
2022-12-22,15.304991722106934,16.102221001275094,14.849005155476785,16.058317929250357,565045000
2022-12-23,15.172286987304688,15.304991533429133,14.850003158774006,15.162308930007534,349326000
2022-12-27,14.089693069458008,15.066522651056324,14.024836646016347,15.04058027199165,464902000
2022-12-28,14.0048828125,14.230381609035915,13.853219366158653,13.89612425706417,351066000
2022-12-29,14.570623397827148,14.650445953818707,14.195457574978805,14.370069773045314,354923000
2022-12-30,14.581600189208984,14.59656632429452,14.20144437182903,14.302220281186143,310490000
2023-01-03,14.283262252807617,14.962753137456133,14.064747927725566,14.818074155568226,401277000
2023-01-04,14.716299057006836,14.820068566207876,14.20942594066625,14.534703367464905,431324000
2023-01-05,14.23337459564209,14.531711494421922,14.116633408077806,14.458873382334806,389168000
2023-01-06,14.826056480407715,14.976721722809424,14.002885769126838,14.441909831289994,405044000
2023-01-09,15.593353271484375,16.020403900966134,15.107432477127848,15.250116050155102,504231000
2023-01-10,15.873730659484863,15.926612657782302,15.437699200244237,15.472621454131234,384101000
2023-01-11,15.965524673461914,15.992465239813418,15.528496008879637,15.804882316459198,353285000
2023-01-12,16.474395751953125,16.600115869170452,15.457654762499619,16.06430761543747,551409000
2023-01-13,16.86153793334961,16.88448766180026,16.129165833633266,16.241914296385605,447287000
2023-01-17,17.662752151489258,17.688695480685343,16.861533003782395,16.861533003782395,511102000
2023-01-18,17.338478088378906,17.8333769022018,17.24368747395342,17.627834203643413,439624000
2023-01-19,16.72783088684082,17.158874241400532,16.693907773124163,16.998229980422312,452932000
2023-01-20,17.79945182800293,17.816414337109105,16.787699916065623,16.973286475081306,564967000
2023-01-23,19.150447845458984,19.202332601538465,17.77849636841415,18.023949346098004,655163000
2023-01-24,19.222286224365234,19.451777728959655,18.778273155345232,18.7852576049282,496204000
2023-01-25,19.280160903930664,19.327057588077132,18.538808102919397,18.87107002531869,449537000
2023-01-26,19.758094787597656,20.121288041674845,19.23525643990055,19.65731889361707,489535000
2023-01-27,20.319849014282227,20.582266410433473,19.36197832095678,19.41885115591402,542142000
2023-01-30,19.119518280029297,20.095348779096263,19.107543848870183,19.905771381530464,488611000
2023-01-31,19.493688583374023,19.643355663941833,18.907990025151328,19.12750161644277,498017000
2023-02-01,20.896570205688477,21.145016818201913,19.567522516028927,19.647345080075983,660477000
2023-02-02,21.660869598388672,21.900337276933485,20.65410773302951,20.953441855430544,564276000
2023-02-03,21.053218841552734,21.696789246514708,20.74290754825101,20.95344017438409,429366000
2023-02-06,21.042247772216797,21.522180421955568,20.739918102623005,20.7598742206852,452197000
2023-02-07,22.123842239379883,22.209652016752774,21.10310954039303,21.334595540764557,664150000
2023-02-08,22.155771255493164,22.827279543884256,21.959207503696422,22.33736696829217,559651000
2023-02-09,22.287477493286133,22.96896380674192,22.07095953858251,22.555882109825383,523876000
2023-02-10,21.217853546142578,22.02905079986804,20.76486152389426,21.641912436236254,550737000
2023-02-13,21.739694595336914,21.999118385629707,20.915525681631326,21.490248862723064,474919000
2023-02-14,22.92007064819336,22.997896827890425,21.318627718423105,21.530157577256894,675474000
2023-02-15,22.71352767944336,22.80432551871884,22.056987553870204,22.49900422442741,420575000
2023-02-16,21.953222274780273,22.500005788164945,21.878387788866807,22.08393046172455,412026000
2023-02-17,21.3405818939209,21.691800771351655,20.92849743532747,21.58304317749563,465888000
2023-02-21,20.60920524597168,21.446343845986352,20.57228662621733,20.953439640659408,410015000
2023-02-22,20.70798683166504,21.05721124102222,20.37572493019937,20.661092053593148,513184000
2023-02-23,23.61153793334961,23.835042267919597,22.97395461774742,23.388035501899783,1117995000
2023-02-24,23.234373092651367,23.421957916477858,22.89612587509221,23.17350941362294,589716000
2023-02-27,23.44890022277832,23.82705973062597,23.40200543687523,23.617526191892537,452994000
2023-02-28,23.164527893066406,23.772178848920596,23.154549835484183,23.320182165733303,455963000
2023-03-01,22.64767837524414,23.204441849787724,22.458099073317108,23.140582657134395,460026000
2023-03-02,23.262313842773438,23.328167510652396,22.38226919901642,22.438146710867823,389415000
2023-03-03,23.8370304107666,23.847008467110722,23.07871525669022,23.26829452098923,412393000
2023-03-06,23.50178337097168,24.194243164611763,23.43493056523591,23.8380361602402,437429000
2023-03-07,23.240314483642578,24.07560049580581,23.193409839893587,23.5516758916116,515154000
2023-03-08,24.131488800048828,24.150450902284962,23.376038799236685,23.438909531706024,513573000
2023-03-09,23.388011932373047,24.403927067293445,23.335119057261018,24.12549713017086,501257000
2023-03-10,22.917978286743164,23.578623466893095,22.679467330163575,23.36106942050816,474866000
2023-03-13,22.918977737426758,23.250298713070354,22.251348764376388,22.705417095913955,421890000
2023-03-14,24.013729095458984,24.169409811888126,23.411963139447696,23.447890629973315,474910000
2023-03-15,24.17839241027832,24.23627231190452,23.312169659954225,23.712347660414334,524486000
2023-03-16,25.48870277404785,25.535605516897093,23.845073897032023,23.977802891862606,583253000
2023-03-17,25.672325134277344,26.3449448193976,25.61544073749828,25.9287988632653,848547000
2023-03-20,25.84696388244629,25.970710514368694,25.078540163743003,25.562547632598424,432747000
2023-03-21,26.145355224609375,26.337960836204616,25.329031245204536,26.126395026788483,547408000
2023-03-22,26.413803100585938,27.532507969585293,26.183275210273973,26.37088997719431,797295000
2023-03-23,27.135324478149414,27.442694389660254,26.635350859477686,27.059479880369732,564889000
2023-03-24,26.724166870117188,27.111372891793874,26.301035262211116,26.975651684052345,454920000
2023-03-27,26.476673126220703,26.94471262702747,26.311012675719404,26.782046292352977,361026000
2023-03-28,26.355926513671875,26.4587162651786,25.797073622443282,26.392851412554858,356104000
2023-03-29,26.928747177124023,27.02255456693602,26.542540461107045,26.770074250919894,393694000
2023-03-30,27.326929092407227,27.4426926938408,27.046504340175957,27.1732450978703,364516000
2023-03-31,27.720123291015625,27.77700578403353,27.049498418004845,27.08442659853217,433933000
2023-04-03,27.907739639282227,27.942667821784,27.280027855037655,27.452673959085395,398716000
2023-04-04,27.396787643432617,27.94266851512213,27.25108667754047,27.908737736009,368592000
2023-04-05,26.82596206665039,26.942721186079208,26.340957083573166,26.774068490200907,515015000
2023-04-06,26.98164176940918,27.024552994988376,26.372890149473246,26.52956827718351,397654000
2023-04-10,27.52252960205078,27.564443419953324,26.614393073942708,26.768077072918704,395279000
2023-04-11,27.113367080688477,27.733095757858216,27.070453958606574,27.667230920271166,314378000
2023-04-12,26.44074821472168,27.4117554199044,26.39384357131544,27.31395651647884,446259000
2023-04-13,26.408815383911133,26.831947015202942,26.275090880655256,26.67926041012461,353615000
2023-04-14,26.703208923339844,26.82795296952223,26.166310441978037,26.449729310820583,395660000
2023-04-17,26.94671058654785,26.95070210668743,26.37887544680579,26.510605128627287,321471000
2023-04-18,27.610349655151367,28.05244337278638,27.30098493529646,27.476625156577658,604812000
2023-04-19,27.873811721801758,27.942670689641986,27.17624350095967,27.30497908731356,358660000
2023-04-20,27.04850196838379,27.972606485594795,26.944714827313312,27.614340416338198,427713000
2023-04-21,27.0634708404541,27.127340875735126,26.66728437395246,26.896812971013922,345103000
2023-04-24,26.986631393432617,27.309967410410923,26.61639072563291,26.957691440868356,339282000
2023-04-25,26.187267303466797,27.191207903080986,26.171301222877446,27.02255332861515,378527000
2023-04-26,26.900800704956055,27.27403540128356,26.650315233944067,26.946707940661295,406337000
2023-04-27,27.170255661010742,27.438705899036655,26.57048635253724,27.30697619433551,377161000
2023-04-28,27.692180633544922,27.701161077962098,27.015567531365026,27.169253428500934,292216000
2023-05-01,28.850805282592773,28.99850296142685,27.723119847489293,27.782996461743867,570329000
2023-05-02,28.152236938476562,28.776956510510566,28.025498077141993,28.621275795478528,402730000
2023-05-03,27.745071411132812,28.30891502450401,27.415747210218576,27.782993707204334,383387000
2023-05-04,27.505565643310547,27.80195650009337,27.184224452575453,27.594382208198148,321850000
2023-05-05,28.62127685546875,28.696122147897874,27.67422056486533,27.76902536331952,361494000
2023-05-08,29.0913143157959,29.160173286474592,28.291955620185565,28.46360244125181,344979000
2023-05-09,28.512496948242188,28.91367423632623,28.3917463228912,28.83982635316878,314869000
2023-05-10,28.825857162475586,29.053390963914687,28.402725530757564,28.94561039227481,369350000
2023-05-11,28.51948356628418,28.89072351358173,28.18816453314951,28.836833229798795,322149000
2023-05-12,28.281970977783203,28.72107056378974,27.988572349830026,28.470583157825374,274222000
2023-05-15,28.89371681213379,28.90968479771039,28.09435819789657,28.449628270125718,293926000
2023-05-16,29.15318489074707,29.808841156723194,28.77296638486964,28.781946830273363,449405000
2023-05-17,30.11620330810547,30.137160214553944,29.36973581208555,29.523419792707706,432535000
2023-05-18,31.613134384155273,31.76282685759254,30.25791527609372,30.34773114084469,748725000
2023-05-19,31.199983596801758,31.51533653819643,30.852696589930833,31.47142600851462,473908000
2023-05-22,31.11216163635254,31.455457092023806,30.617177004038794,30.837723229883725,372000000
2023-05-23,30.625164031982422,31.223935873295638,30.568281535055462,30.936525465603022,356253000
2023-05-24,30.475473403930664,30.54433236973777,29.744971827236576,30.14814396527104,721419000
2023-05-25,37.90222930908203,39.39915781484461,36.559982197378055,38.44411669724596,1543911000
2023-05-26,38.86625671386719,39.08979709643769,37.47311513309701,37.812419131021514,714397000
2023-05-30,40.02886962890625,41.85212836748926,39.86720258532556,40.5118797580755,923401000
2023-05-31,37.756526947021484,40.21248609510539,37.74455048395033,39.40713938095961,1002580000
2023-06-01,39.688568115234375,39.967993574032356,38.2614958531395,38.410189027460895,635873000
2023-06-02,39.24647521972656,40.41707376526735,38.97802500871207,40.01489905431234,482731000
2023-06-05,39.090797424316406,39.483987893521245,38.62774678025024,38.829332843104154,396094000
2023-06-06,38.57484817504883,39.0798125649745,38.069883785123146,38.750490280084,388729000
2023-06-07,37.402130126953125,39.422196626647725,37.28336203456749,38.83933255229278,511998000
2023-06-08,38.43512725830078,38.78843910356959,37.43208391857247,37.650656098499375,417772000
2023-06-09,38.69462203979492,39.633790585447805,38.49201760502022,38.961101220453585,427717000
2023-06-12,39.405235290527344,39.453142301230535,38.542916712430916,39.12378588583667,388701000
2023-06-13,40.94224166870117,41.021090447407424,39.662736532909214,40.107868537313834,613208000
2023-06-14,42.91340255737305,42.91639507972652,40.47315286932789,40.744627187256896,740465000
2023-06-15,42.570068359375,43.20483334915505,42.065051672698964,42.51916882992291,568622000
2023-06-16,42.60898971557617,43.635988226566326,42.578047952217986,43.36551525859182,655709000
2023-06-20,43.72283172607422,43.90448091606777,42.59103745727722,42.91440888005399,451153000
2023-06-21,42.961307525634766,43.53020280046162,41.998187390967416,43.416422222584046,551603000
2023-06-22,42.94134521484375,43.3415626918256,42.15188284213235,42.170843097037455,417737000
2023-06-23,42.126930236816406,42.72576209923424,41.93330719856048,42.381435491620046,358140000
2023-06-26,40.553001403808594,42.68085624285854,40.02203424973249,42.37844394803587,594322000
2023-06-27,41.79457473754883,41.85844947201779,40.36935378172568,40.71966921761755,462175000
2023-06-28,41.03705596923828,41.76364114383004,40.43922159164072,40.58094379252524,582639000
2023-06-29,40.74263000488281,41.51911724853508,40.52106150883683,41.47719909021722,380514000
2023-06-30,42.219749450683594,42.467268355429134,41.420308161971434,41.59896098123988,501148000
2023-07-03,42.33053207397461,42.814589668673115,42.11994379587202,42.434329951938,198209000
2023-07-05,42.23473358154297,43.09305847208115,42.00318235487924,42.05308438927501,323618000
2023-07-06,42.02114486694336,42.09699732253943,41.265616640980895,41.76264953628558,303582000
2023-07-07,42.42036437988281,43.129984404943556,42.097994303095824,42.23971652222752,355881000
2023-07-10,42.09799575805664,42.72776951271603,41.568026064774784,42.574069582991044,353908000
2023-07-11,42.32254409790039,42.67485834432988,41.985203882736315,42.39839653240351,298244000
2023-07-12,43.816627502441406,43.84956427402371,42.69381520549527,42.94931789930141,481277000
2023-07-13,45.887611389160156,46.065262910266576,44.40549795947818,44.43144838419821,478204000
2023-07-14,45.38059616088867,47.99450350820883,44.972390985691305,46.492428621249765,772075000
2023-07-17,46.37065505981445,46.40558684997529,45.17398901453349,46.19899243804096,510488000
2023-07-18,47.40165710449219,47.8028759240553,45.645080740043866,46.61019966194242,569164000
2023-07-19,46.98545837402344,47.72501862546396,46.65111069572906,47.37170688757378,427502000
2023-07-20,45.43149185180664,46.99544633379389,44.974382199398164,46.416572252146125,537865000
2023-07-21,44.22285079956055,45.77682663388391,44.014257511133955,45.698975360580505,963769000
2023-07-24,44.52526092529297,45.02129625877823,43.95437445925072,44.64402903720118,382516000
2023-07-25,45.59019088745117,46.09320880823953,44.83566019898798,44.85362675642214,348081000
2023-07-26,45.363624572753906,45.96345774796509,44.54322423850326,45.93151847506049,364237000
2023-07-27,45.81075668334961,47.30284884094631,45.66104681024001,46.42855262404122,455976000
2023-07-28,46.65910339355469,46.93556524542494,46.29082136263418,46.57726209617673,331194000
2023-07-31,46.63814163208008,47.03836291442901,46.41557565297474,46.66309454574556,251055000
2023-08-01,46.41657257080078,46.808809981833214,45.9375063312931,46.36966307349115,237858000
2023-08-02,44.18292999267578,45.75087468728102,43.302644871740895,45.74189331269121,530142000
2023-08-03,44.42844772338867,45.03027593449394,43.71483776411609,43.71483776411609,324176000
2023-08-04,44.5931282043457,45.55325576078865,44.30668747221976,44.897535492129286,362666000
2023-08-07,45.32869338989258,45.451455331655026,44.47635377122551,45.02328860387296,322154000
2023-08-08,44.5771598815918,45.154035175235585,43.97034032891443,44.765791580742274,353843000
2023-08-09,42.471256256103516,44.22583731482129,42.05207094997095,44.18790919409857,586449000
2023-08-10,42.30559158325195,43.48928663606157,41.75366530069566,42.07803421130193,492705000
2023-08-11,40.77556228637695,41.93630299373014,40.55998266636193,41.669820039034846,533085000
2023-08-14,43.66793441772461,43.71484392430669,40.23262877049562,40.40728777661957,690286000
2023-08-15,43.854576110839844,45.1799973073712,43.62502370424668,44.473373527514866,676512000
2023-08-16,43.40144729614258,44.588134620821634,43.321601018047524,44.43343721611258,527451000
2023-08-17,43.25972366333008,43.97632609118521,42.91738827793847,43.884505920253574,452395000
2023-08-18,43.214805603027344,43.49326242209668,41.57899267212394,42.55209527796399,583768000
2023-08-21,46.87568664550781,46.97349568922654,44.13602449197177,44.40749503476182,692573000
2023-08-22,45.5792121887207,48.09331578963794,45.24486440473432,48.04141493797538,755293000
2023-08-23,47.024391174316406,47.10822748349232,45.12010004821166,45.77682161070316,779046000
2023-08-24,47.0713005065918,50.16826807045973,47.06731047667301,50.11836604551162,1156044000
2023-08-25,45.928524017333984,47.71204812043245,44.9364534643998,46.92059076298821,925341000
2023-08-28,46.74393844604492,46.88865698143186,44.800725372190506,46.3916241394205,685192000
2023-08-29,48.68914794921875,48.985571364963455,46.30079918990067,46.575266020642104,701397000
2023-08-30,49.168212890625,49.82992198159772,48.330843509784565,48.94863943193041,735206000
2023-08-31,49.259037017822266,49.64728061160453,48.86280955740575,49.283989932424504,528570000
2023-09-01,48.414676666259766,49.7031667765697,48.04838969224288,49.6652424618298,463830000
2023-09-05,48.453609466552734,48.75602175102256,47.76694740479326,48.129240595849275,382653000
2023-09-06,46.97336959838867,48.45859779156676,46.49326626281809,48.35080099771677,468670000
2023-09-07,46.1548957824707,46.25770462589442,45.067922908266546,45.440229441727205,433330000
2023-09-08,45.487144470214844,46.519219579428515,45.186706235848995,45.856458279277405,473069000
2023-09-11,45.093875885009766,46.077038527672016,44.22948732817348,46.06206706824175,473966000
2023-09-12,44.78644561767578,45.587951736657104,44.44807617569655,44.6546914479524,349256000
2023-09-13,45.40030288696289,45.844473946840324,44.420129217307256,44.516948715229006,398355000
2023-09-14,45.49612045288086,45.90136263395265,45.0469576802591,45.86443278415264,370097000
2023-09-15,43.8182487487793,45.514082288276775,43.726417212467545,45.25656332752661,506831000
2023-09-18,43.884132385253906,44.15961943213608,41.92179358623107,42.668401863830084,500271000
2023-09-19,43.43896484375,43.88413352477652,42.92192782259573,43.751381753727316,373064000
2023-09-20,42.16034698486328,43.82124998391259,42.14437793528599,43.51881278602881,367108000
2023-09-21,40.940616607666016,42.02160003234205,40.90368675780257,41.50556449339025,450736000
2023-09-22,41.53252410888672,42.036584881029356,41.1542281804466,41.49459285327168,479236000
2023-09-25,42.14338302612305,42.45679753767784,41.10032682953403,41.513557426280826,419091000
2023-09-26,41.83295440673828,42.74026210135053,41.577430601284675,41.92278696484624,402282000
2023-09-27,42.388916015625,42.79216683776979,41.55148148041127,42.25117631483952,444935000
2023-09-28,43.00876235961914,43.36509601724836,42.036577072071424,42.38093203987961,424663000
2023-09-29,43.417999267578125,44.06179864340564,43.22635545841842,43.74538760189782,397830000
2023-10-02,44.69861602783203,45.09088199561907,43.77932952657343,43.94801356401108,433298000
2023-10-03,43.43596649169922,45.045965740925496,43.16547120468859,44.7245629218231,470850000
2023-10-04,43.958988189697266,44.06079943552314,43.21138241263282,43.6605451941074,361821000
2023-10-05,44.60478973388672,44.81639678263096,43.80628011216114,43.96797721587723,393483000
2023-10-06,45.67679214477539,45.70374229719828,43.944024517632684,44.110713380697035,434436000
2023-10-09,45.188697814941406,45.520080342411596,44.28538419676615,44.75850060605626,409675000
2023-10-10,45.71271896362305,46.17285906419018,45.004041982640686,45.22562871384522,368582000
2023-10-11,46.718841552734375,46.77174426177856,45.96424879463127,46.109976834306515,378137000
2023-10-12,46.85757827758789,47.52034323269725,46.24372566858878,46.68989185981617,481325000
2023-10-13,45.376346588134766,47.02826743741539,45.19568386802554,46.87255588078778,474115000
2023-10-16,46.0091667175293,46.13892190023753,44.82836714020883,44.97908693457242,375099000
2023-10-17,43.85618591308594,44.67066838631244,42.40090056802487,43.91807074145932,812333000
2023-10-18,42.11742401123047,43.13852165493323,41.74711648202066,42.51168892025405,627294000
2023-10-19,42.022613525390625,43.21638582989178,41.80401951663401,42.731290656514126,501233000
2023-10-20,41.30992889404297,42.390912280968735,41.00150240429951,41.81199054712487,477266000
2023-10-23,42.89497375488281,43.16746801501632,40.86875508234883,41.15222663549808,478530000
2023-10-24,43.581695556640625,43.615632642963874,42.61150915403504,42.99678817947999,401463000
2023-10-25,41.70119857788086,43.56871659941446,41.47761668487891,43.317183162193714,398379000
2023-10-26,40.25090789794922,42.17731428874224,39.80573926150373,41.775064849583806,541001000
2023-10-27,40.42458724975586,41.12927392659706,39.94048973150051,41.0534152286562,416784000
2023-10-30,41.0843505859375,41.688223517144955,40.40561655584123,41.010490884180456,388028000
2023-10-31,40.704063415527344,40.802881903079644,39.1569503913023,40.37467987980174,517969000
2023-11-01,42.246192932128906,42.30208841819016,40.79290267934758,40.80787414060049,437593000
2023-11-02,43.42498779296875,43.802282272530825,42.814127888386025,43.247317846401735,409172000
2023-11-03,44.921199798583984,45.22463078266812,43.641585445769095,43.93803330221259,424610000
2023-11-06,45.665809631347656,45.849468936509936,44.815394894536624,45.200677734191665,400733000
2023-11-07,45.86943054199219,46.13193749816825,45.073913725971586,45.63386992886557,343165000
2023-11-08,46.48727798461914,46.77973167159943,45.882403587242706,46.014157765591044,346719000
2023-11-09,46.862571716308594,48.1401869158154,46.662943389487246,47.378607266813916,540496000
2023-11-10,48.244991302490234,48.38173722144184,47.194952159011976,47.411547124751294,421245000
2023-11-13,48.52946472167969,49.02454332437156,48.00943495548385,48.230024106474055,384136000
2023-11-14,49.56353759765625,49.74120755867973,48.948687284637685,49.58749498042509,416954000
2023-11-15,48.796966552734375,49.86696898933371,48.11024794590893,49.84201782618033,475497000
2023-11-16,49.38786697387695,49.43278516309001,48.24001057724096,48.58835975878918,339756000
2023-11-17,49.206207275390625,49.62442581647781,48.9157487529458,49.43178439121729,325205000
2023-11-20,50.31513977050781,50.45388089415767,49.08942564411514,49.22018224237135,414120000
2023-11-21,49.85099411010742,50.42292511523791,49.13033850268946,50.032654396209196,565747000
2023-11-22,48.62527847290039,50.24126298029007,47.6011881616042,49.759164546453185,899420000
2023-11-24,47.687034606933594,48.829902895158824,47.656090292901155,48.37974251431558,294645000
2023-11-27,48.15216827392578,48.4396301867081,47.5632667713432,47.71098998988454,395662000
2023-11-28,47.73195266723633,48.233020614585215,47.38460109717888,48.146180818273855,401491000
2023-11-29,48.05036163330078,48.67120510025969,47.770884217997974,48.288918833586436,382005000
2023-11-30,46.68291473388672,48.02041980667685,46.33556313621097,47.934577593167546,526247000
2023-12-01,46.67791748046875,47.11210883022558,46.10099466756543,46.43836652084653,369317000
2023-12-04,45.42525863647461,45.99120422189831,44.926189637223715,45.99120422189831,437543000
2023-12-05,46.48337936401367,46.51731562556562,45.19067511548695,45.385328820380614,371718000
2023-12-06,45.422264099121094,47.30292406979546,45.331425953011845,47.13122835946555,380590000
2023-12-07,46.5133171081543,46.546259494756995,45.52307681120913,45.618907131547076,350823000
2023-12-08,47.42170715332031,47.65629078492983,46.467402174460815,46.5123243077979,359224000
2023-12-11,46.544273376464844,47.44666883134117,45.748690336704186,47.40674269328456,509728000
2023-12-12,47.572444915771484,47.581427820158346,45.96430321028968,45.96430321028968,372387000
2023-12-13,48.0026741027832,48.50777677637629,47.52352626972847,47.544488916025955,447792000
2023-12-14,48.26421356201172,48.58364549785844,47.33786247122784,48.30414350597482,391232000
2023-12-15,48.803253173828125,49.31634111544804,48.034618938742405,48.10848894942567,479948000
2023-12-18,49.98815155029297,50.343518919127504,49.062798119752,49.3123545622575,412587000
2023-12-19,49.51598358154297,49.61181391094036,48.80824198487287,49.33630266590499,464444000
2023-12-20,48.025630950927734,49.91028133379936,48.01265353097003,49.56688996732464,397894000
2023-12-21,48.903076171875,49.007889407965415,48.333086371904265,48.724392927903814,300425000
2023-12-22,48.74335861206055,49.29537497058781,48.38099994161529,49.107708829124014,252507000
2023-12-26,49.19156265258789,49.51199224313979,48.87312841671405,48.88111364335506,244200000
2023-12-27,49.329322814941406,49.591856680513665,48.997911127361846,49.42315780443188,233648000
2023-12-28,49.43413162231445,49.79548883206165,49.324326187941345,49.55491912329638,246587000
2023-12-29,49.43413162231445,49.90829110638661,48.664499712290464,49.72461566156116,389293000
2024-01-02,48.08253479003906,49.20753405733888,47.510553413556266,49.156625856562634,411254000
2024-01-03,47.484596252441406,48.09850289557728,47.23603751691528,47.40074566328975,320896000
2024-01-04,47.912837982177734,48.413946184142475,47.42370571637504,47.68224504410837,306535000
2024-01-05,49.00988006591797,49.459082326064205,48.22028328844258,48.37600851565981,415039000
2024-01-08,52.16028594970703,52.18225008334284,49.39120958940494,49.424151981929796,642510000
2024-01-09,53.04571533203125,54.22861420741035,51.598287244233845,52.30802809263291,773100000
2024-01-10,54.25356674194336,54.50312317370562,53.39409433002728,53.52087170860792,533796000
2024-01-11,54.72472381591797,55.24779611496442,53.46496584925973,54.90141170121365,596759000
2024-01-12,54.6129264831543,54.87246729450568,54.23360346337735,54.523086018906326,352994000
2024-01-16,56.281959533691406,56.73415487746208,54.80259064863885,54.92038130782368,449580000
2024-01-17,55.953548431396484,56.370806056804064,54.64287831771136,56.24702551752996,474394000
2024-01-18,57.005672454833984,57.497797746406825,56.00744677307047,57.15840086229008,491650000
2024-01-19,59.38544464111328,59.394427545023596,57.12346261571884,57.88610696898355,543501000
2024-01-22,59.548152923583984,60.223953645882176,58.96518950299891,59.942452516713104,452955000
2024-01-23,59.76676559448242,59.803698694627826,58.48104894335419,59.464301820428496,294654000
2024-01-24,61.25312423706055,62.73748534909312,59.831651069260054,60.19700279855746,560271000
2024-01-25,61.50767135620117,62.607717226695215,60.742030169454694,62.239368666397,482777000
2024-01-26,60.92271041870117,61.67337885004867,60.465526677085045,60.85183724757184,390309000
2024-01-29,62.354164123535156,62.37811980223714,60.798929932553925,61.12335021592604,348733000
2024-01-30,62.66261291503906,63.38033889790534,62.14952501071203,62.78839260190601,410735000
2024-01-31,61.41782760620117,62.158511588509604,60.5922953608444,61.33098018068535,453795000
2024-02-01,62.91516876220703,63.07887923181449,61.5406131324354,61.98981163068563,369146000
2024-02-02,66.04261016845703,66.48182425910672,63.57698787949549,63.86048434942647,476578000
2024-02-05,69.20899200439453,69.3737001755538,67.08576682117494,68.10395378778126,680078000
2024-02-06,68.1019515991211,69.630233381063,66.18236704818828,69.50645284574946,683111000
2024-02-07,69.97462463378906,70.09541214076467,67.48005798042527,68.19778404882926,495575000
2024-02-08,69.51742553710938,70.66837949372972,69.33175856710787,69.9496558671256,414422000
2024-02-09,72.00502014160156,72.05692221360141,70.08742326576261,70.40785287358678,436637000
2024-02-12,72.11981964111328,74.4786262016981,71.12358918296164,72.4711925074671,613710000
2024-02-13,72.0000228881836,73.31967588505927,69.49647717607553,70.2750920169868,602580000
2024-02-14,73.76889038085938,74.10429279758857,71.81037331243682,73.0721307009838,504917000
2024-02-15,72.5290756225586,73.8437401296513,72.27153779440317,73.73793302512789,420122000
2024-02-16,72.4841537475586,74.2699807907232,72.37235296886776,73.96851471281462,495327000
2024-02-20,69.32876586914062,71.82832050697183,67.61381202197207,71.8193337960462,704833000
2024-02-21,67.35227966308594,68.76576751724065,66.13045246980936,67.88532873628714,673755000
2024-02-22,78.39865112304688,78.43558041658676,74.08831180865685,74.8918837924214,865100000
2024-02-23,78.67715454101562,82.24780364536768,77.4323654765101,80.64665337566204,829388000
2024-02-26,78.95166778564453,80.5029113343283,78.36570371037314,79.55858308487059,503973000
2024-02-27,78.56136322021484,79.338988045559,77.02509990421383,79.24015705268404,391705000
2024-02-28,77.52519226074219,78.79293534780788,76.98814490868608,77.48226929356848,393110000
2024-02-29,78.97163391113281,79.84807446200602,78.2109848648127,78.95366810218512,507289000
2024-03-01,82.13301086425781,82.15397732028299,79.29405523547015,79.85805518730493,479135000
2024-03-04,85.08574676513672,87.53938523582946,83.57044270492621,83.98070887832954,615616000
2024-03-05,85.81549072265625,85.94826418923283,83.27289368933285,85.12268939106258,520639000
2024-03-06,88.5467758178711,89.56900902315816,86.87966241798968,87.86995321567885,582520000
2024-03-07,92.50891876220703,92.60674904676837,89.44721547430589,90.00225477502153,608119000
2024-03-08,87.37679290771484,97.23174040772027,86.35655527181379,94.97364703765751,1142269000
2024-03-11,85.62582397460938,88.64359662209651,84.02060015441661,86.27969121669621,678364000
2024-03-12,91.75422668457031,91.80114256968415,86.0011815049168,87.8969031445505,668075000
2024-03-13,90.7309799194336,91.34591302025892,88.2822148639796,90.89769122292586,635713000
2024-03-14,87.79207611083984,90.48941185201531,86.45039611721776,89.42225831640668,602318000
2024-03-15,87.68526458740234,89.39131202190967,86.10799973550625,86.77983369344113,642086000
2024-03-18,88.30218505859375,92.24535790675833,86.93454915835915,90.23184422557269,668976000
2024-03-19,89.24356079101562,90.38757708954982,84.86314090656104,86.55021612428985,672171000
2024-03-20,90.21588897705078,90.25382534481801,88.07059918494765,89.64187768825083,479063000
2024-03-21,91.27703094482422,92.4879403765992,90.24881163098036,92.14054202127372,480372000
2024-03-22,94.12611389160156,94.61426754269417,90.67708069798141,90.9835495525749,586719000
2024-03-25,94.83788299560547,96.59883562555477,93.34846365413705,93.77871885813295,552136000
2024-03-26,92.40109252929688,96.20850660908965,92.34219634403308,95.68540977780971,513648000
2024-03-27,90.0940933227539,93.0789259717654,88.96904130951937,92.95114873658731,586067000
2024-03-28,90.19990539550781,91.14227480173439,89.03891256279711,89.8445176119648,435212000
2024-04-01,90.20689392089844,92.0656767674512,89.04989954343785,90.14300911365386,452441000
2024-04-02,89.29747009277344,89.93835929549583,87.46863424504667,88.295199136712,433064000
2024-04-03,88.81031799316406,90.21788597554938,88.24729689318218,88.33115142365672,370067000
2024-04-04,85.756591796875,90.47742601324012,85.73163346290652,90.24981545155312,434965000
2024-04-05,87.85596466064453,88.32814710111496,85.77756069682601,86.71593161708087,399678000
2024-04-08,86.98247528076172,88.67654220104028,86.58216705957724,88.54676191015398,283220000
2024-04-09,85.20654296875,87.4836082761363,82.87857850073121,87.29094090122678,501700000
2024-04-10,86.88864135742188,87.24901778988773,83.56439211342133,83.78102010903869,431929000
2024-04-11,90.4594497680664,90.58223837088431,86.77582976459976,87.26897200773683,431637000
2024-04-12,88.03364562988281,90.01921543730927,87.37878071175011,89.54403223705786,426805000
2024-04-15,85.85244750976562,90.45648058524114,85.78057327877085,88.94409809657361,443077000
2024-04-16,87.26398468017578,87.96576550123054,85.91532070970885,86.28367890740496,370453000
2024-04-17,83.88983154296875,88.62164096734257,83.80497167986917,88.18738725935935,495400000
2024-04-18,84.52471923828125,86.0410998135889,82.25964198597137,84.82320627802973,447260000
2024-04-19,76.06836700439453,84.17833393456459,75.47539894537725,83.00636595540483,875198000
2024-04-22,79.38062286376953,79.93466435331439,76.26801328194024,77.9690642204774,596341000
2024-04-23,82.28060913085938,82.62601207910251,80.12534225900131,80.62946711947102,438559000
2024-04-24,79.53936767578125,83.93675724779338,79.04621772256601,83.80498148732187,512208000
2024-04-25,82.48925018310547,83.17905069622672,78.08786289005887,78.73174524823247,424641000
2024-04-26,87.58344268798828,88.17841379736606,83.24295407183207,83.67320929669376,551011000
2024-04-29,87.60541534423828,87.84000240637579,85.11871327693655,87.44369261843626,388971000
2024-04-30,86.25273895263672,88.66556334587189,86.15091777999787,87.08928872900789,363709000
2024-05-01,82.89753723144531,85.85142484392729,81.11461964994571,84.93002290842145,559863000
2024-05-02,85.66875457763672,86.08802721004574,83.05627099401435,84.30311392551386,377898000
2024-05-03,88.63561248779297,89.12675929539812,86.8896334546632,87.6373400551101,398341000
2024-05-06,91.98081970214844,92.06068332323404,88.90115021604193,89.23557056109705,376203000
2024-05-07,90.39756774902344,91.62244547206083,88.85723403089521,90.94062670307744,437342000
2024-05-08,90.25581359863281,91.03646035901207,89.26552291616532,89.32841761603471,325721000
2024-05-09,88.59369659423828,90.91467725150264,88.07858911055452,90.37261598217049,378013000
2024-05-10,89.72272491455078,91.24309639621146,89.07284860877868,90.14898917811553,335325000
2024-05-13,90.24284362792969,90.84080791917694,88.37607119051684,90.32170192056742,289680000
2024-05-14,91.19818878173828,91.49267735254841,88.78036800318161,89.44422015487879,296507000
2024-05-15,94.4665298461914,94.69813133508781,91.44076747625896,92.31226052004403,417735000
2024-05-16,94.19599914550781,95.65347613046144,93.94043705092355,94.74604980958085,323952000
2024-05-17,92.3192367553711,94.57633241179128,91.64740285082287,94.20597874528181,359691000
2024-05-20,94.61626434326172,95.03553695656012,93.27858287715311,93.58804490846175,318764000
2024-05-21,95.22122192382812,95.23519767784772,93.01903151729087,93.43730641374981,328946000
2024-05-22,94.78597259521484,95.85412388547536,93.08791463591838,95.29409598809328,548648000
2024-05-23,103.61968994140625,106.13633099300849,101.34461998726044,101.85174564222405,835065000
2024-05-24,106.28507995605469,106.29106630104066,102.82207077624999,104.26856517672162,429494000
2024-05-28,113.70423126220703,114.74044007562202,109.69317481392171,110.05355122917427,652728000
2024-05-29,114.62664031982422,115.29248791517858,110.70942292973874,112.85471267036033,557442000
2024-05-30,110.3091049194336,115.61891628592592,109.47355289556607,114.45193707992216,484553000
2024-05-31,109.443603515625,112.52227529514084,106.75525509489461,112.32560941345422,613263000
2024-06-03,114.80133056640625,114.80133056640625,111.80950641949946,113.42471506551881,438392000
2024-06-04,116.2358627319336,116.39858317577006,113.84799638822281,115.51611513617264,403324000
2024-06-05,122.2284927368164,122.23747225440593,117.26508152569082,118.16652151115385,528402000
2024-06-06,120.78898620605469,125.37005594832782,118.1156108470622,123.83371299207869,664696000
2024-06-07,120.6791763305664,121.48178833918006,117.81812979264019,119.56310374577737,412386000
2024-06-10,121.57960510253906,122.88733960177423,116.80786391189227,120.16206002224595,313434100
2024-06-11,120.71104431152344,122.66781818606155,118.54460929253459,121.56962216023484,222551200
2024-06-12,124.99398803710938,126.67122400488891,122.36831828276222,122.85750988511934,299595000
2024-06-13,129.39671325683594,129.58640302855855,126.95074804505506,129.17707407207072,260704500
2024-06-14,131.66299438476562,132.62140615970972,128.10885485479358,129.7461556011969,309320400
2024-06-17,130.76446533203125,133.50994014798042,129.36677515556565,132.7711675834259,288504400
2024-06-18,135.3568878173828,136.10565359767494,130.47493553922533,130.92419196066484,294335100
2024-06-20,130.56480407714844,140.52837801062054,129.30688285479897,139.56996619369176,517768400
2024-06-21,126.36173248291016,130.4150570517715,124.09547105255645,126.91083052082259,649445800
2024-06-24,117.91564178466797,124.2551908621237,117.8457572795687,123.03719724453093,476060900
2024-06-25,125.88251495361328,126.29184395373642,119.1236583558784,121.00056206941291,414192600
2024-06-26,126.1920166015625,127.9091800288474,122.39826626608301,125.92245660772097,362975900
2024-06-27,123.78598022460938,126.20200405764365,122.71774114608809,123.89579983596734,252571700
2024-06-28,123.33672332763672,127.49986001719877,122.54802231076043,124.37501298465715,315516700
2024-07-01,124.09546661376953,124.63457133754859,118.63446631453066,123.26683055595603,284885500
2024-07-02,122.46815490722656,123.20694278300529,120.83085399993702,120.93068793490033,218374000
2024-07-03,128.06890869140625,128.06890869140625,121.16029766804549,121.45980705227005,215749000
2024-07-05,125.6229476928711,128.63798252741702,125.47319299554034,127.17039258704797,214176700
2024-07-08,127.98902130126953,130.5547992263396,126.83093424608442,127.28019064518816,237677300
2024-07-09,131.16383361816406,133.59982130546845,128.4383145629174,130.13552958791902,285366600
2024-07-10,134.68801879882812,134.87770860466375,132.20211043348235,133.80946190177127,248978600
2024-07-11,127.19037628173828,135.9259713268732,126.84095369862746,135.52663558437,374782700
2024-07-12,129.02737426757812,131.70295770393665,127.01069339318191,128.0489756375503,252680500
2024-07-15,128.2286376953125,131.1737800395054,126.97070905664152,130.34514408452472,208326200
2024-07-16,126.15206909179688,128.82765170945768,124.37499938694933,128.22864817880884,214769500
2024-07-17,117.79583740234375,121.64948612259293,116.52793062400055,121.15030890615485,390086200
2024-07-18,120.8907470703125,122.19859669151471,116.36820224234275,121.64949865015035,320979500
2024-07-19,117.7359619140625,121.39992158102997,117.1768857582078,120.15197829253903,217223800
2024-07-22,123.33672332763672,123.86585002604772,119.66277824004172,120.15196984200875,258068900
2024-07-23,122.38827514648438,124.48482570104972,121.89908357161131,122.57796493987696,173911000
2024-07-24,114.06201171875,119.75262982559674,113.25334693957731,118.97391446537992,327776900
2024-07-25,112.0952377319336,116.43807811661003,106.12508231687993,112.85398925547956,460067000
2024-07-26,112.87394714355469,116.00877938122822,111.39638688236367,115.998801321254,293399100
2024-07-29,111.4063720703125,116.08865698961546,111.1168559757427,113.50292255867154,248152100
2024-07-30,103.55931091308594,111.80571322284378,102.37126667488353,111.33648541055072,486833300
2024-07-31,116.82743835449219,118.14526596856572,110.6975424326974,112.71422275560462,473174200
2024-08-01,109.0302963256836,119.9622829008677,106.63424395188704,117.33660563582859,523462300
2024-08-02,107.09347534179688,108.54109382170915,101.20319035397925,103.58925680976456,482027500
2024-08-05,100.28470611572266,103.239842127859,90.5407717150732,91.90851250035082,552842400
2024-08-06,104.07845306396484,107.53275860175525,100.38454458708775,103.66912407688663,409012100
2024-08-07,98.74724578857422,108.62097103799087,98.52760658313275,107.6325946135043,411440400
2024-08-08,104.7972640991211,105.32639072006307,97.35951914167633,101.83215026963444,391910000
2024-08-09,104.57763671875,106.42459107060563,103.2598090475883,105.46617163856445,290844200
2024-08-12,108.84061431884766,110.88724428013212,106.08516112777683,106.14505996593543,325559900
2024-08-13,115.94889068603516,116.03874655153282,111.39639661656214,112.25498209343158,312646700
2024-08-14,117.88570404052734,118.40484504167927,113.88230026594151,118.33496052966188,339246400
2024-08-15,122.65784454345703,123.03721654252207,117.27671395628101,118.56459228097263,318086700
2024-08-16,124.375,124.79430704362497,120.98059332504539,121.73934484458584,302589900
2024-08-19,129.7860870361328,129.7860870361328,123.21691249503145,124.0754979878485,318333600
2024-08-20,127.04060363769531,129.66628071339343,125.68284097768198,128.18870516059542,300087400
2024-08-21,128.28854370117188,129.13715105648026,126.45157521398528,127.11048517418402,257883600
2024-08-22,123.53638458251953,130.5348518103843,122.89743830728821,129.80605728559254,376189100
2024-08-23,129.1571044921875,129.38673697357257,125.01393980516215,125.65288601497598,323230300
2024-08-26,126.25190734863281,131.04400430992783,124.16535012958609,129.35679802537265,331964700
2024-08-27,128.08888244628906,128.98739538212007,123.6761498691349,124.84423039602758,303134600
2024-08-28,125.40331268310547,128.118838213882,122.43819852070378,127.90917706049713,448101100
2024-08-29,117.39649963378906,124.22524823697073,116.51795043355128,121.16030028839229,453023300
2024-08-30,119.17357635498047,121.54965726206557,117.02711271158417,119.33330911013266,333751600
2024-09-03,107.82228088378906,116.01877002584149,107.11345013644421,115.81910218205195,477155100
2024-09-04,106.03522491455078,113.0836048738263,103.94866777615402,105.2365459269591,372470300
2024-09-05,107.0335922241211,109.4695798052194,104.58762658147727,104.817243866478,306850700
2024-09-06,102.66079711914062,107.97204286084109,100.78388574677186,107.86222325429438,413638100
2024-09-09,106.29480743408203,106.37467762407766,103.51938307487873,104.70741977949132,273912000
2024-09-10,107.92211151123047,109.21997530676359,104.77729355808466,107.63258781478571,268283700
2024-09-11,116.71762084960938,116.99715887318843,107.24323176128858,109.20999122026392,441422400
2024-09-12,118.95413208007812,120.60155948017247,115.19999582839206,116.6577172050991,366052700
2024-09-13,118.91419219970703,119.77285113489948,117.4165323291377,118.89422675312926,238358300
2024-09-16,116.59780883789062,117.99562620382233,114.1815861384539,116.60779536966285,248772300
2024-09-17,115.40966796875,118.61466685067687,114.65085910577872,117.98564481894722,231925900
2024-09-18,113.19313049316406,117.51636932909096,113.04336298957726,115.70919560695407,310318900
2024-09-19,117.68611145019531,119.47331975028854,117.06707598202318,117.16691844656921,293506400
2024-09-20,115.81903076171875,118.43494609535816,115.2099818009,116.87737463970251,382462400
2024-09-23,116.07862854003906,116.80748542405605,114.68081111279044,116.36817703420066,206228500
2024-09-24,120.68144226074219,121.6099917401929,115.20000132519814,116.33822228484836,354966800
2024-09-25,123.31731414794922,124.74508350925583,121.42027681497308,121.82963321276459,284692900
2024-09-26,123.84648132324219,127.47081527785902,121.6099781665842,126.60217747362803,302582900
2024-09-27,121.21060943603516,123.83650371853182,119.07394858799772,123.7765997601264,271009200
2024-09-30,121.25055694580078,121.31046090865182,117.965688407097,118.12543484719737,226553700
2024-10-01,116.81746673583984,122.24898215671047,115.60935538711523,121.58002164337385,302094500
2024-10-02,118.66458129882812,119.19375323018366,114.96037016184738,116.25834508658102,221845900
2024-10-03,122.6583480834961,124.16599456239773,120.15226164035356,120.73135864781146,277118000
2024-10-04,124.72511291503906,124.84492844767553,121.63993722019764,124.7450859792245,243678100
2024-10-07,127.520751953125,130.4361947862503,124.75506901888204,124.79500753108144,346250200
2024-10-08,132.68267822265625,133.27175410957346,129.2180905372518,130.0567764001493,285722500
2024-10-09,132.44305419921875,134.31014727855833,131.1750464230449,133.9007832398008,246191600
2024-10-10,134.5996856689453,134.7893916948541,130.79563194093248,131.70421594134592,242311300
2024-10-11,134.58970642089844,135.5681732923908,133.4514855032485,133.80093033986074,170209500
2024-10-14,137.85459899902344,139.3822107684187,136.0873561782587,136.2570891265267,232347700
2024-10-15,131.3946990966797,138.3538265330219,128.5391603262797,137.654906403531,377831000
2024-10-16,135.50827026367188,136.40686011825153,131.37472950963348,133.77097927850218,264879700
2024-10-17,136.7163543701172,140.67018267771826,136.6564504197718,139.1225979422057,306435900
2024-10-18,137.7847137451172,138.6833036103306,137.06583575895257,138.45366668655112,176090200
2024-10-21,143.4857940673828,143.4857940673828,137.78469595874105,137.91449801128798,264554500
2024-10-22,143.36598205566406,144.194689003585,141.55880826832362,142.68705023422552,226311600
2024-10-23,139.34226989746094,142.20778753302577,137.24555525009052,141.80841766733155,285930000
2024-10-24,140.19094848632812,141.12948441968888,138.2439937495604,140.6003124972593,172354900
2024-10-25,141.31918334960938,143.90515439009727,140.5803475394567,140.71013437273555,205122100
2024-10-28,140.30079650878906,142.91670449778834,139.83152847847435,142.77692350375753,173586700
2024-10-29,141.02963256835938,142.0380513591214,138.68329276437913,140.0711235834401,157593600
2024-10-30,139.12261962890625,140.11108066863528,136.59656776236113,139.32230457284558,179418100
2024-10-31,132.55287170410156,137.39531116933003,131.90389188236236,137.38533225522045,270039600
2024-11-01,135.1887664794922,137.09579048755296,134.36007470728345,134.4898615442038,207127800
2024-11-04,135.83775329589844,138.74321710094807,135.3585064031532,136.9959472521015,187528200
2024-11-05,139.6917266845703,140.151000495864,137.11574997671616,137.23555788662173,160537400
2024-11-06,145.38284301757812,146.2614750565614,141.73854326176877,142.73698322061895,242043900
2024-11-07,148.6477508544922,148.69766066609404,145.9419717733186,146.1616297903136,207323300
2024-11-08,147.39967346191406,149.53633403774526,146.03180056765603,148.5378942315628,175665800
2024-11-11,145.0333709716797,148.6177817068004,143.3460203778287,148.44803352101476,182325600
2024-11-12,148.05865478515625,149.4165337385062,145.7822128979203,146.55101593198214,198634700
2024-11-13,146.04180908203125,149.09703275189045,145.6723759576151,148.83744386134128,191903300
2024-11-14,146.53103637695312,148.7675472701728,145.32293261192063,147.40966837696516,194463300
2024-11-15,141.7584686279297,145.01339189876805,139.86143923454313,144.64395883880698,250132900
2024-11-18,139.9313507080078,141.3291757571169,136.93603090489682,139.28237084466085,221205300
2024-11-19,146.78065490722656,146.90047806374457,140.77005724054902,141.09954425974988,227834900
2024-11-20,145.6623992919922,147.32979212988033,142.50732548898966,147.18003223590216,309871700
2024-11-21,146.44119262695312,152.65149063112756,140.4805046221909,149.11701974284432,400946600
2024-11-22,141.7285614013672,146.93044074143577,140.87989650374584,145.7023485163706,236406200
2024-11-25,135.80780029296875,141.82839170792872,135.60811535874635,141.76848775116036,344941900
2024-11-26,136.70639038085938,139.08268223719327,135.45834049580736,137.4851722903331,190287700
2024-11-27,135.12884521484375,137.00591700209634,131.59437486042492,134.7993582371888,226370900
2024-11-29,138.03433227539062,139.13262238748922,135.837767286179,136.56662423239774,141863200
2024-12-02,138.41372680664062,140.23087948399635,137.60499293345052,138.6134117376161,171682800
2024-12-03,140.0411834716797,140.32074544201365,137.73478959893222,138.04430354930304,164414000
2024-12-04,144.91357421875,145.56255409442886,140.07113435104438,141.77847337465352,231224300
2024-12-05,144.8436737060547,146.32146235801875,143.73532840807314,144.89360218968224,172621200
2024-12-06,142.2275848388672,145.4827177885172,141.09926510716357,144.38436733563313,188505600
2024-12-09,138.60299682617188,139.74129618907318,136.9255094433844,138.76276188244717,189308600
2024-12-10,134.8685760498047,141.60850970621567,133.5904709096604,138.80268748950093,210020900
2024-12-11,139.1022491455078,139.96096726526153,135.00837248215075,137.155160163518,184905200
2024-12-12,137.1351776123047,138.23354324797214,135.59748095840345,136.8755708420711,159211400
2024-12-13,134.04978942871094,139.39181692680097,132.34233289302693,138.7327975455873,231514900
2024-12-16,131.8031463623047,134.19956111084232,130.22550081237128,133.9798879813558,237951100
2024-12-17,130.195556640625,131.39376410572794,126.67082193579633,128.89749220508244,259410300
2024-12-18,128.71775817871094,136.49613412730267,128.08869283192976,133.6603731199009,277444500
2024-12-19,130.48507690429688,133.83008630548053,129.3567727165428,131.56346785838568,209719200
2024-12-20,134.49911499023438,135.07825184796977,128.02878306565836,129.61640819653473,306528600
2024-12-23,139.46170043945312,139.58151660116854,134.91848306333998,136.0767567466981,176053500
2024-12-24,140.01089477539062,141.6883821217358,138.44322876231024,139.79122163679293,105157000
2024-12-26,139.72132873535156,140.6399702368576,137.52461242783102,139.4916759779926,116205600
2024-12-27,136.80567932128906,138.81269167406333,134.50912136885398,138.3433913393573,170582600
2024-12-30,137.28494262695312,140.060795108374,133.82011682531788,134.628906293037,167734700
2024-12-31,134.08973693847656,137.8641141320975,133.63043143330796,137.82416524884428,155659200
2025-01-02,138.10372924804688,138.6728864930968,134.42922472124587,135.79717669922962,198247200
2025-01-03,144.2545623779297,144.6839138332244,139.5216253508109,139.80120658589456,229322500
2025-01-06,149.2071533203125,151.93309314343088,147.599568879649,148.36840963752263,265377400
2025-01-07,139.93101501464844,152.90164910642062,139.80120400217487,152.80179213743568,351782200
2025-01-08,139.9010467529297,143.7353162901366,137.35484666292894,142.36736432306787,227349900
2025-01-10,135.7073211669922,139.71133557177419,134.0198390250661,137.24501786219508,207602500
2025-01-13,133.03131103515625,133.29093305056014,129.31685741876072,129.79615256902926,204808900
2025-01-14,131.56349182128906,136.1766120600162,129.85605059334506,135.84710238324766,195590500
2025-01-15,136.03683471679688,136.2465130176968,131.09420431967888,133.45068552943664,185217300
2025-01-16,133.37081909179688,138.5430870275282,133.2909365646461,138.43325045720013,209235600
2025-01-17,137.504638671875,138.29345383465838,135.25799411499426,136.4861555399997,201188800
2025-01-21,140.61996459960938,141.61847317570314,136.88553704004724,138.95245710585658,197749000
2025-01-22,146.85067749023438,147.56958971587568,143.45573886876412,144.44426793757484,237651400
2025-01-23,147.00045776367188,147.0104373660888,143.50567717742842,144.83369562852502,155915500
2025-01-24,142.40731811523438,148.74785499769604,141.66843136501245,148.14874363197046,234657600
2025-01-27,118.24339294433594,128.20850504229963,116.52595684106743,124.6138830305536,818830900
2025-01-28,128.79762268066406,128.80760228114096,116.07661833474911,121.62832340615577,579666400
2025-01-29,123.5155258178711,126.70077107762197,119.8709750783515,126.31135328562937,467120600
2025-01-30,124.46411895751953,124.81359550131977,117.92388350604345,122.91642732609624,392925500
2025-01-31,119.89093780517578,127.6593341751579,119.01225290264883,123.59540412169352,388161100
2025-02-03,116.48603057861328,118.39317826666118,112.84147223806173,114.57887527254843,371235700
2025-02-04,118.47305297851562,121.01924546805154,116.52595653802958,116.78557092036435,256550000
2025-02-05,124.64383697509766,124.81358161777388,120.5799070623436,121.57841571528579,262230800
2025-02-06,128.48809814453125,128.5779755110731,125.02327919443763,127.22998260932282,251483600
2025-02-07,129.64634704589844,130.17555536084487,124.81356929927793,129.02727661770408,228186300
2025-02-10,133.37081909179688,134.79867927002743,129.76620194780145,129.89599772289156,216989100
2025-02-11,132.6019744873047,134.27946199343057,130.8246300046561,132.38230132778313,178902400
2025-02-12,130.94442749023438,132.04279313100764,128.88750205027108,129.8261026458349,160278600
2025-02-13,135.08822631835938,136.29642846871295,130.97437562399168,131.36379338160384,197430000
2025-02-14,138.64292907714844,139.04232643389201,135.29791907929888,136.27645326854343,195479600
2025-02-18,139.19210815429688,143.226091877041,137.72429913092634,141.05932980350207,219176600
2025-02-19,139.02235412597656,141.14918241151278,137.01535723812603,139.3019353271886,167536000
2025-02-20,139.9010467529297,140.45022955446439,136.58599074078032,139.8211642330671,143903600
2025-02-21,134.22950744628906,141.2490371129211,133.83011008980694,139.83114145453473,228217600
2025-02-24,130.08572387695312,138.38332947991822,129.88602516626045,136.35635785611953,251381100
2025-02-25,126.441162109375,130.00583809401027,124.25443309531597,129.7861649469319,271428700
2025-02-26,131.084228515625,133.53057192522448,128.29839578499454,129.79615892181477,322553800
2025-02-27,119.9708251953125,134.80865788512716,119.83103458283094,134.7986782828192,443175800
2025-02-28,124.73370361328125,124.90344826210318,116.2264129341289,117.84399213493025,389091100
2025-03-03,113.88990020751953,123.51552349340123,112.11255593535711,123.32581202011416,411381400
2025-03-04,115.81702423095703,119.13207287466713,109.9457957033308,110.48499132597254,398163300
2025-03-05,117.12506866455078,118.10360288358513,114.33922859376143,117.40464986998916,284337900
2025-03-06,110.40511322021484,115.17798387118098,110.05563667803439,113.36069823382532,321181900
2025-03-07,112.52194213867188,113.31076488585998,107.39958789171841,111.08408724577035,341755500
2025-03-10,106.82044982910156,111.6831816739289,105.30271254146378,109.73609301585863,366487400
2025-03-11,108.5978012084961,112.0726069900584,104.61374627233778,106.83043665954975,354865700
2025-03-12,115.57803344726562,116.59661034457649,112.72203506897391,113.96030532134075,323857500
2025-03-13,115.41825103759766,117.59520049683546,113.63075517539951,116.86621875800482,299033100
2025-03-14,121.49972534179688,121.70943054003341,117.98465480860956,118.44401014075397,277593500
2025-03-17,119.36272430419922,122.71802281178023,117.86482345684047,122.56823120330081,255501500
2025-03-18,115.2684555053711,118.85342762738914,114.37970167383446,117.83485847417,299686900
2025-03-19,117.35552978515625,120.2814296141779,115.51810848491796,117.10587965509883,273426200
2025-03-20,118.3641128540039,120.0317738155389,116.30699831746894,116.38688818380663,248829700
2025-03-21,117.5352783203125,117.82487338576216,115.25847035053427,116.77634740953133,266498500
2025-03-24,121.24009704589844,122.04896105750126,119.17298658297102,119.71223179694545,228452500
2025-03-25,120.52110290527344,121.12026171196634,118.75357566400419,120.38129943766901,167447200
2025-03-26,113.60079956054688,118.6736845133834,112.55226594608844,118.5638454632065,293463300
2025-03-27,111.27406311035156,114.28983351449122,110.50514401476981,111.19417323533278,236902100
2025-03-28,109.51652526855469,112.71205173921601,108.91736643615505,111.33397804410711,229872500
2025-03-31,108.22832489013672,110.80471613819729,103.50494855407659,104.98287310192077,299212700
2025-04-01,109.99585723876953,110.04578269736857,106.32100673854832,108.36813339033893,222614000
2025-04-02,110.26546478271484,111.82328673498283,106.64054773013802,107.1398479774266,220601200
2025-04-03,101.65753936767578,105.48217369637304,101.45781468579652,103.36514539947606,338769400
2025-04-04,94.17801666259766,99.98987163475934,91.98109847139008,98.7715853475697,532273800
2025-04-07,97.50335693359375,101.60760579690213,86.49878224276449,87.33760304641297,611041300
2025-04-08,96.16522979736328,105.70185986228381,94.3278009423825,103.6647139576977,476243400
2025-04-09,114.16999816894531,114.93891720962625,97.39350654873371,98.75160385221358,612918300
2025-04-10,107.4194564819336,110.70485307181585,99.01124202201945,109.21694044618194,437812400
2025-04-11,110.7747573852539,111.39389245819964,107.32958859529616,108.34815778630501,313417300
2025-04-14,110.55506134033203,114.1300529879136,108.91735711650354,113.9503045917023,264705000
2025-04-15,112.04297637939453,113.46099492172469,110.3453585264742,110.81470199440513,228966900
2025-04-16,104.3437728881836,106.64055727885454,100.30942561460589,104.40369410395131,397016900
2025-04-17,101.34796905517578,104.32380208660638,99.90998942448081,104.30382580885471,292517500
2025-04-21,96.77438354492188,99.3008417327631,94.90699776234818,98.63177356997639,288501100
2025-04-22,98.75160217285156,99.67031279819463,97.14385476914264,98.6417555090913,241004800
2025-04-23,102.5662612915039,104.6533403969428,101.87722447592722,104.37372584399631,247526000
2025-04-24,106.28105163574219,106.39089830035945,102.96569827687256,103.33518320501399,220815000
2025-04-25,110.85465240478516,111.76337496991529,105.58204256681438,106.70047033928225,251064700
2025-04-28,108.57784271240234,110.21554702841466,105.8716284785824,109.53649833991803,207708500
2025-04-29,108.867431640625,110.04578062718967,107.2896485179105,107.51932238432487,170444300
2025-04-30,108.76756286621094,108.76756286621094,103.93434018163836,104.32379376082015,235044600
2025-05-01,111.45380401611328,114.7791455573913,111.14424029465428,112.92174799120272,236121500
2025-05-02,114.33976745605469,115.23850951002053,113.21135153306962,114.02021557227994,190194800
2025-05-05,113.66072082519531,114.50952981770942,112.50234808238875,112.75199823422925,133163200
2025-05-06,113.38111114501953,114.57942879752297,110.66491633937942,111.32399638135878,158525600
2025-05-07,116.89617919921875,117.51531428959993,112.12286973799952,112.89179643623137,206758800
2025-05-08,117.20574951171875,118.51391379663416,115.68787240644632,118.08451525459601,198428100
2025-05-09,116.48675537109375,118.06454606438504,115.04876814493281,117.18577270674557,132972200
2025-05-12,122.82786560058594,122.82786560058594,120.11167093091153,121.79930827024249,225023300
2025-05-13,129.7481689453125,131.03637225526788,124.29581818961599,124.8051066300396,330430100
2025-05-14,135.1505889892578,135.25045513495294,131.49570747587302,133.01358451331882,281180800
2025-05-15,134.6413116455078,136.1092556474961,132.47435031815246,134.10205882491402,226632600
2025-05-16,135.21051025390625,136.15919297953724,133.27323795943153,136.02937003025397,226542500
2025-05-19,135.38026428222656,135.6798322139183,132.20470706939753,132.20470706939753,193154600
2025-05-20,134.1919403076172,134.39165736048994,132.4343936724944,134.10205468200522,161514200
2025-05-21,131.6155548095703,137.2077087161811,130.40724144628157,132.87378601013486,270608700
2025-05-22,132.64410400390625,134.0621148614722,131.3658966044825,132.0449376190489,187344000
2025-05-23,131.10626220703125,132.49431639064062,128.97925335315108,129.81807417545411,198821300
2025-05-27,135.31036376953125,135.47014350181522,133.1234263008756,133.96224703921547,192953600
2025-05-28,134.621337890625,137.05792567392893,134.60136161311598,135.83963178227697,304021100
2025-05-29,138.99520874023438,143.28919402135628,137.71700129433316,142.0509238917618,369241900
2025-05-30,134.94090270996094,139.42460961066672,132.73398869983464,138.5258751739265,333170900
2025-06-02,137.187744140625,137.9266987725352,135.21050414256473,135.30038976970178,197663100
2025-06-03,141.02235412597656,141.80126124338923,137.7569264491721,138.58576663563605,225578800
2025-06-04,141.7213897705078,142.19073325311263,139.34471555965237,141.99101618842522,167120800
2025-06-05,139.79408264160156,143.79846496522654,138.63570246128648,141.97102431113476,231397900
2025-06-06,141.5216522216797,143.06948591448216,141.31193942977922,142.31053984611202,153986200
2025-06-09,142.43040466308594,144.7970831461155,141.74136782943543,142.98961854621228,185114500
2025-06-10,143.75852966308594,144.08805440763362,141.33192260937975,142.4903028059026,155881900
2025-06-11,142.6400146484375,144.79714515361243,141.6812848999734,144.41764573923192,167694000
2025-06-12,144.80712890625,144.80712890625,141.6613249598906,141.78116046611606,162365000
2025-06-13,141.78114318847656,143.38900206786707,140.6626379640278,142.29045926636147,180820600
2025-06-16,144.49754333496094,145.98555166191812,143.00951976951112,143.159329390418,183133700
2025-06-17,143.92828369140625,145.0268265438421,143.58873962374116,144.2978018718573,139108000
2025-06-18,145.28648376464844,145.4562558084884,142.92962233744194,143.81843788371728,161494100
2025-06-20,143.65866088867188,146.00552584195606,142.46024490398213,145.2565234707711,242956200
2025-06-23,143.97824096679688,144.58743022935184,141.84108794116847,142.31046402404658,154308900
2025-06-24,147.70326232910156,147.76319531946535,145.3064608232896,145.36637857516104,187566100
2025-06-25,154.10475158691406,154.24456476496755,149.06146548674553,149.0714619384952,269146500
2025-06-26,154.8137969970703,156.5115326130379,153.795149532093,155.77251147358507,198145700
2025-06-27,157.5401611328125,158.49889084686143,155.05346784206984,155.83242906789442,263234500
2025-06-30,157.7798614501953,158.4489684480595,155.7525627920192,158.1893045239527,194580300
2025-07-01,153.09609985351562,156.9909063970138,151.2885097592641,156.08211312403307,213143600
2025-07-02,157.04083251953125,157.39037305932783,152.7665268185242,152.77650803107835,171224100
2025-07-03,159.1280517578125,160.76586971787668,157.56014800239086,158.15934077500395,143716100
2025-07-07,158.02952575683594,159.09809459400483,157.1307137305003,157.98957042846925,140139000
2025-07-08,159.78717041015625,160.00687898854957,158.17931139836438,159.11806346268276,138133000
2025-07-09,162.66334533691406,164.2012901564699,160.9456320255445,161.0055497766517,183656400
2025-07-10,163.88172912597656,164.28119097215313,161.3950357038234,164.10143771292147,167704100
2025-07-11,164.7006378173828,167.66668863474402,163.25256951238498,163.50223698698784,193633300
2025-07-14,163.85177612304688,165.2698855378492,161.80449980139463,165.15003478890583,136975800
2025-07-15,170.4729461669922,172.17068192225182,168.97494134085255,170.96229989605533,230627400
2025-07-16,171.14205932617188,171.52155877211666,168.67534340451815,170.83247408910898,158831500
2025-07-17,172.7698974609375,173.92835823409905,170.60278554683865,171.79120519874627,160841100
2025-07-18,172.18067932128906,174.01822826089457,171.03219980516573,173.40903901870553,146456400
2025-07-21,171.1520538330078,173.1493936504508,170.77255439137573,172.52022673163836,123126100
2025-07-22,166.80784606933594,171.16204780548466,164.36110765827524,171.11211125862738,193114300
2025-07-23,170.55284118652344,171.03219846298632,167.74658125695927,169.30450383433347,154082200
2025-07-24,173.5089111328125,173.59878776513457,171.07215417768242,172.21063723590794,128984600
2025-07-25,173.26922607421875,174.4876045602178,172.72995103806022,173.37908037175941,122316800
2025-07-28,176.514892578125,176.7645600358027,173.7385916678285,173.78852820706248,140023500
2025-07-29,175.27655029296875,179.14141320408203,174.78721179005433,177.7233037615148,154077500
2025-07-30,179.03155517578125,179.65072563032518,175.80584046425426,176.27521653092245,174312200
2025-07-31,177.63340759277344,183.05619299307685,175.69598557745124,182.65671589592668,221685400
2025-08-01,173.4889373779297,176.3051785902702,170.66269971388826,173.85844036702034,204529000
2025-08-04,179.76058959960938,179.9603205403546,174.28788258302183,174.9270307365029,148174600
2025-08-05,178.02288818359375,180.0202279532499,175.6660266458598,179.38107983649965,156407600
2025-08-06,179.1813507080078,179.66070799076476,176.01556896990587,176.09546439011424,137192300
2025-08-07,180.52957153320312,183.6354356942093,178.5621905082108,181.32851054269395,151878400
2025-08-08,182.4569854736328,183.05619350177665,180.16004168373897,181.30852119793246,123396700
2025-08-11,181.8178253173828,183.59545638109407,180.01023537809715,181.80784410502207,138323200
2025-08-12,182.9163818359375,184.234618174838,179.22130626788388,182.7166509044063,145485700
2025-08-13,181.3484649658203,183.72530422356274,179.11145412417423,182.37709375214726,179871700
2025-08-14,181.7778778076172,182.77654758863486,179.22128560637054,179.5108931379294,129554000
2025-08-15,180.20997619628906,181.658044469753,177.8031781362909,181.6380820439347,156602200
2025-08-18,181.76788330078125,182.69665413107447,180.34977402519155,180.3597704757432,132008000
2025-08-19,175.4063720703125,182.25724785967336,175.25657768801665,182.1873336556069,185229200
2025-08-20,175.16668701171875,175.76589502196344,168.57547509149074,174.93699721113848,215142700
2025-08-21,174.7472381591797,176.66468235557974,173.57879631630271,174.61742144674352,140040900
2025-08-22,177.75326538085938,178.35245819257523,170.9722880586796,172.38041630972646,172789400
2025-08-25,179.57083129882812,181.6680441727565,176.33515059315872,178.11278178635797,163012800
2025-08-26,181.52822875976562,182.14739921043056,178.57215920342722,179.82049655621498,168688200
2025-08-27,181.3584442138672,182.24725973827816,178.86176968029795,181.73792838079515,235518900
2025-08-28,179.93035888671875,184.22464261974775,176.17536544772958,180.57950348224864,281787800
2025-08-29,173.94830322265625,177.91302365652732,172.91967451951007,177.87308356836775,243257900
2025-09-02,170.55284118652344,172.15071909272382,166.99757884564528,169.77387989783634,231164900
2025-09-03,170.39306640625,172.18069419661035,168.65539040087648,170.83248363379096,164424900
2025-09-04,171.4316864013672,171.6314173426514,169.18467902530818,170.34313981864827,141670100
2025-09-05,166.79786682128906,168.8051880252559,163.85179338392152,167.8065180303181,224441400
2025-09-08,168.08612060546875,170.73260486035574,167.12740607965867,167.32713700266137,163769100
2025-09-09,170.53285217285156,170.75256075129445,166.51821048710502,168.86507540993838,157548400
2025-09-10,177.09413146972656,179.05151589898875,175.2366048852674,176.4050468150653,226852000
2025-09-11,176.9443359375,180.0503753259473,176.25521235533765,179.45113345293117,151159300
2025-09-12,177.59349060058594,178.37249577533527,176.22522541777622,177.5435512454145,124911000
2025-09-15,177.52359008789062,178.62219505337407,174.28771156721004,175.44623766911022,147061600
2025-09-16,174.65724182128906,177.27389957504343,174.15787872389456,176.77453647764895,140737800
2025-09-17,170.0730743408203,172.97937117956877,168.1954794867923,172.42008695754546,211843800
2025-09-18,176.01551818847656,176.87442336525442,172.73969733735942,173.7583871307785,191763300
2025-09-19,176.4449462890625,177.8531538116004,174.95683884616588,175.54609885389235,237182100
2025-09-22,183.37611389160156,184.31491893588398,174.48745701577195,175.07670180251023,269637000
2025-09-23,178.2027130126953,182.18763613663097,175.9855548133895,181.73821238324945,192559600
2025-09-24,176.74456787109375,179.5509859124944,175.17656050171237,179.54100413716742,143564100
2025-09-25,177.4636688232422,180.03038734713982,172.90947958662534,174.2577508730865,191586700
2025-09-26,177.96302795410156,179.54101721374016,174.70717071687335,177.94304916264082,148573700
2025-09-29,181.61837768554688,183.7656330630971,180.09032771672483,180.20017297627672,193063500
2025-09-30,186.3423309326172,187.11135435179565,181.2488213615314,181.848063160254,236981000
2025-10-01,187.00149536132812,187.90034282726023,183.6657383394342,185.00404300205486,173844900
2025-10-02,188.64939880371094,190.80665113886596,187.82045419605362,189.35850113919957,136805800
2025-10-03,187.38101196289062,190.11752734214045,185.14387494216948,188.9490194719917,137596900
2025-10-06,185.30364990234375,186.9914995955013,183.09647356463947,185.2637075602064,157678100
2025-10-07,184.80429077148438,188.8191743935438,183.76562222076905,185.99277739696944,140088000
2025-10-08,188.86911010742188,189.35849142592937,186.30237648821537,186.33235229407293,130168900
2025-10-09,192.32470703125,195.05122522476873,190.816620752273,191.9851285494953,182997200
2025-10-10,182.92669677734375,195.37081685366852,181.81811007166195,193.26350393527704,268774400
2025-10-13,188.0801239013672,189.8678370807686,185.72312947730666,187.73056363822363,153482800
2025-10-14,179.8006591796875,184.5645869600227,179.47107773683655,184.53462639606815,205641400
2025-10-15,179.60093688964844,184.63451030281777,177.06416377208902,184.56460739230218,214450500
2025-10-16,181.5784149169922,183.0465437061986,179.5410200965125,181.99787810828644,179723300
2025-10-17,182.9866180419922,183.86550198639478,179.52103686227596,179.9504818191574,173135200
2025-10-20,182.4073486328125,184.96408521149223,181.4985041529273,182.89672994644732,128544700
2025-10-21,180.92922973632812,182.55714296878105,179.5709615871908,182.55714296878105,124240200
2025-10-22,180.05035400390625,183.20633238125785,176.53483359319367,180.9092591258601,162249600
2025-10-23,181.92796325683594,182.7968501503985,179.5609718650331,180.19017423035882,111363700
2025-10-24,186.02272033691406,187.23118563906056,183.26624175096782,183.60580497197222,131296700
2025-10-27,191.24607849121094,191.75542334831323,188.18996363054165,189.74798924630224,153452700
2025-10-28,200.77394104003906,202.89123585796654,191.66556232510956,192.80410966447576,297986200
2025-10-29,206.77627563476562,211.9197249544373,204.51915980095313,207.715080745974,308829600
2025-10-30,202.63156127929688,205.89740027142088,201.1534507471854,204.88867704045037,178864400
2025-10-31,202.23207092285156,207.70508615602077,201.81260775338424,206.18701808603035,179802200
2025-11-03,206.61647033691406,211.07078042213968,205.29814450690722,207.81493866642379,180267300
2025-11-04,198.43690490722656,203.71017785907821,197.67786326579136,202.7414122562426,188919300
2025-11-05,194.9613494873047,202.66152000582164,194.40205001057666,198.51681234435117,171350300
2025-11-06,187.84042358398438,197.36826472822915,186.1425921093966,196.169796348482,223029800
2025-11-07,187.91033935546875,188.08013622996737,178.68211848431696,184.66447901682176,264942300
2025-11-10,198.7964630126953,199.68532876518447,193.5431531870904,194.8614791513322,198897100
2025-11-11,192.91395568847656,195.17107140540628,191.05632435423007,194.91140808059743,176483300
2025-11-12,193.5531463623047,195.64048052491762,190.88654915774768,195.4706988945922,154935300
2025-11-13,186.62196350097656,191.1961309619508,183.61580336420005,190.80662838449902,207423100
2025-11-14,189.92774963378906,190.76667594021126,180.34996953708986,182.62706393415107,186591900
2025-11-17,186.3623046875,188.75924133892028,184.08521029684528,185.73310233977776,173628900
2025-11-18,181.1289825439453,184.5646030780414,179.42115405263684,183.14641371605563,213598900
2025-11-19,186.28240966796875,187.62069907956393,182.5971076589588,184.5546024199349,247246400
2025-11-20,180.40989685058594,195.7503316108911,179.62090987236718,195.70039225393623,343504800
2025-11-21,178.6521453857422,184.32490281868388,172.70971237567008,181.00913979899244,346926200
2025-11-24,182.31747436523438,183.26626122561635,176.25519889972114,179.2613745727385,256618300
2025-11-25,177.59349060058594,177.93305383278917,169.33402110596253,174.68719385821646,320600300
2025-11-26,180.03038024902344,182.67701383620675,178.01296428701193,181.3986455127995,183852000
2025-11-28,176.7745361328125,179.0616124091028,176.27517303639212,178.7819702942556,121332800
2025-12-01,179.69082641601562,180.07034727044882,173.45876908321011,174.53739527000454,188131000
2025-12-02,181.22885131835938,185.42349804109853,179.77070445469002,181.52845696763603,182632200
2025-12-03,179.36123657226562,182.21759414523953,178.88185225801445,180.8493441127912,165138000
2025-12-04,183.1566162109375,184.2952268834804,179.74078419330877,181.3987504426599,167364900
2025-12-05,182.1877899169922,184.43504894381925,180.6896172324408,183.66598269849337,143971100
2025-12-08,185.323974609375,187.7709870845105,182.17780264974235,182.41751577930148,204378100
2025-12-09,184.7446746826172,185.4937610485011,183.09669077375298,185.33395229946427,144719700
2025-12-10,183.55612182617188,185.2540478736652,181.8182359713298,184.74467463147755,162785400
2025-12-11,180.70957946777344,181.09911899111663,176.40483245042134,180.060377409269,182136600
2025-12-12,174.80679321289062,182.59729422559735,174.40727135263347,180.88937065842447,204274900
2025-12-15,176.0752410888672,178.20265125135413,174.8167814768023,177.7232402429772,164775600
2025-12-16,177.50350952148438,178.27257580423,174.68693742218818,176.0452813318811,148588100
2025-12-17,170.7317657470703,175.91544580087532,170.10252832729947,175.88548356566727,222775500
2025-12-18,173.9278564453125,175.93540231223645,171.6106906687844,174.3173807251694,176096000
2025-12-19,180.76951599121094,181.2289470656948,176.12517166919682,176.45477147838753,324925900
2025-12-22,183.4662322998047,183.935660967629,182.1278683380167,183.6959478478248,129064400
2025-12-23,188.97950744628906,189.099356383118,182.67718160782493,182.7471036477755,174873600
2025-12-24,188.38023376464844,188.67987134928,186.36269028434322,187.71105179508496,65528500
2025-12-26,190.2978973388672,192.45526970950266,187.7709805748158,189.68863982420257,139740300
2025-12-29,187.99070739746094,188.53004285167208,185.68352392965699,187.4813341773615,120006100
2025-12-30,187.31153869628906,188.75978454971104,186.70228116711607,188.01069817319677,97687300
2025-12-31,186.27281188964844,190.32786369396138,186.26282955778902,189.33907943283364,120100500
